key,scope,title,description,category_guess,kind_guess,level_guess,priority,license_status,authors,notes,doc_quality,language
machines et systemes thermiques/MSTh - Repetitions/TP 01/Exercice supplémentaire (perte de charge).EES,group,Piston compressor with suction pressure drop (MSTh R1 extra exercise),"Lab-tested 2 L air piston compressor (1500 rpm, 1 to 5 bar); computes the effect of an inlet pressure drop on volumetric/isentropic performance and power.",compressors,steady,1,low,,,extra exercise by 'JD' (unidentified author),,
machines et systemes thermiques/MSTh - Repetitions/TP 01/Isentropic Noozle.EES,group,Isentropic nozzle model with critical pressure (MSTh R1),"Isentropic nozzle on air: total enthalpy conservation, critical pressure ratio, real-gas gamma, choked/unchoked flow.",valves_nozzles_piping,steady,1,medium,,,,,
machines et systemes thermiques/MSTh - Repetitions/TP 01/MSTH_EX1_VL050919/VL050919_1-1-1.EES,group,"Piston compressor identification from two operating points, air (MSTh R1 Ex1)","Two measured regimes (7 bar 0.1 kg/s 32 kW; 3 bar 0.11 kg/s) give volumetric/isentropic parameters, then predicts other regimes; statement in French in the comments.",compressors,steady,1,medium,,,"exercise family VL050919 (parts 1-1-1, 1-1-2) and copies 'MSTh 190905 R1 Ex 1'",,
machines et systemes thermiques/MSTh - Repetitions/TP 01/MSTH_EX1_VL050919/VL050919_1-1-3.EES,group,"Piston compressor performance vs discharge pressure, parametric table (MSTh R1 Ex1 part 3)","Prescribes the identified compressor characteristics and sweeps discharge pressure in a parametric table (air, 3000 rpm).",compressors,steady,1,medium,,,,,
machines et systemes thermiques/MSTh - Repetitions/TP 01/MSTH_EX1_VL050919/VL050919_1-2-1.EES,group,Refrigeration piston compressor (R22) identification from manufacturer data (MSTh R1 Ex2),"R22 compressor with 3 K subcooling/5 K superheat; identifies clearance, loss factors and swept flow from two published regimes (capacity, power).",refrigeration_heat_pumps,steady,2,medium,,,,,
machines et systemes thermiques/MSTh - Repetitions/TP 01/MSTH_EX1_VL050919/VL050919_1-2-2.EES,group,Refrigeration piston compressor (R22) simulation with identified parameters (MSTh R1 Ex2 part 2),Second part of the R22 compressor exercise: imposes the identified compressor characteristics and predicts capacity/COP at other conditions.,refrigeration_heat_pumps,steady,1,low,,,,,
machines et systemes thermiques/MSTh - Repetitions/TP 01/MSTH_EX1_VL050919/VL050919_1-3-1.EES,group,"Refrigeration compressor model with fixed electromechanical loss, loss factor and clearance (MSTh R1 Ex3)","Compressor with 3.4 kW constant loss, 30% loss factor, 0.04 m3/s swept flow and 6% clearance: capacity, power and COP at imposed T_ev/T_cd (R22 and R134a).",refrigeration_heat_pumps,steady,2,medium,,,,,
machines et systemes thermiques/MSTh - Repetitions/TP 01/SB/MSTh-SB-R1-Ex1.EES,group,"Piston compressor identification, air (MSTh R1 Ex1, SB solution)","Solution of the two-regime piston compressor exercise: isentropic internal compression, then flow and power at 3000 rpm / 10 bar.",compressors,steady,2,low,,,solution file by S. Bertagnolio,,
machines et systemes thermiques/MSTh - Repetitions/TP 01/SB/MSTh-SB-R1-Ex2.EES,group,"Refrigeration compressor (R22) two-regime identification (MSTh R1 Ex2, SB solution)",Evaporator/compressor calculations for regimes 1 and 2 and resulting compressor characteristics.,refrigeration_heat_pumps,steady,2,low,,,,,
machines et systemes thermiques/MSTh - Repetitions/TP 01/SB/MSTh-SB-R1-Ex2_2.EES,group,Refrigeration compressor (R22) two-regime identification with refrigeration cycle (MSTh R1 Ex2 variant),Variant of the R22 compressor identification including the full cycle and a graphical representation.,refrigeration_heat_pumps,steady,2,low,,,,,
machines et systemes thermiques/MSTh - Repetitions/TP 01/SB/MSTh-SB-R1-Ex3.EES,group,"Refrigeration compressor and cycle with isenthalpic expansion (MSTh R1 Ex3, SB solution)",Compressor and cycle data to compute capacities and COP.,refrigeration_heat_pumps,steady,1,low,,,,,
machines et systemes thermiques/MSTh - Repetitions/TP 02/Exercice combiné perte de charge - fuite.EES,group,Piston compressor with combined suction pressure drop and internal leakage (MSTh R2 extra exercise),"2 L air compressor (eps_vol 0.75, eps_is 0.65): leakage and inlet throttling modelled together; efficiencies and flow at other regimes.",compressors,steady,2,medium,,,extra exercise by 'JD' (unidentified author),,
machines et systemes thermiques/MSTh - Repetitions/TP 02/mes miennes/1.ees,group,Isentropic air compression (student scratch file 1),Bare isentropic compression equations without documentation.,compressors,steady,1,skip,,,personal student/scratch file ('mes miennes'),,
machines et systemes thermiques/MSTh - Repetitions/TP 02/mes miennes/2.ees,group,Isentropic air compression (student scratch file 2),Bare isentropic compression equations without documentation.,compressors,steady,1,skip,,,personal student/scratch file ('mes miennes'),,
machines et systemes thermiques/MSTh - Repetitions/TP 02/MSTh-SB-R2-Ex1.EES,group,"Dry screw compressor with internal leakage as fictitious nozzle (MSTh R2 Ex1, SB solution)","Relative-value identification of a screw compressor: global volumetric/isentropic efficiency, leakage through an equivalent nozzle.",compressors,steady,1,low,,,,,
machines et systemes thermiques/MSTh - Repetitions/TP 02/R2 - Ex 2 - JD.EES,group,"Roots compressor: efficiencies, rectangular cycle and leakage nozzle (MSTh R2 Ex2)","Roots blower model with rectangular indicator cycle, internal leakage modelled by a fictitious nozzle with possible sonic regime; mechanical and isentropic efficiency.",compressors,steady,1,low,,,extra solution by 'JD' (unidentified author),,
machines et systemes thermiques/MSTh - Repetitions/TP 02/R2-Ex2.EES,group,Roots compressor test analysis (MSTh R2 Ex2 notes),"Swept flow, actual suction flow, volumetric and mechanical efficiency definitions; discussion of isentropic efficiency based on internal vs global work.",compressors,steady,1,low,,,,,
machines et systemes thermiques/MSTh - Repetitions/TP 02/SB/MSTh-SB-R2-Ex1-2.EES,group,"Dry screw compressor identification and prediction at other speeds (MSTh R2 Ex1 continued, SB)","Identifies V_s and leakage section of a dry screw compressor (no clearance), re-mixing of leakage, global isentropic efficiency and loss expression.",compressors,steady,2,medium,,,,,
machines et systemes thermiques/MSTh - Repetitions/TP 02/SB/MSTh-SB-R2-Ex2.EES,group,"Positive-displacement compressor leakage/volumetric efficiency model (MSTh R2 Ex2, SB solution)","Volumetric efficiency, leakage flow, mechanical and isentropic efficiency, fictitious leak opening.",compressors,steady,1,low,,,,,
machines et systemes thermiques/MSTh - Repetitions/TP 02/SB/MSTh-SB-R2-Ex3.EES,group,"Scroll compressor in a refrigeration cycle, R134a (MSTh R2 Ex3, SB solution)","Scroll compressor with external and internal pressure ratios, isentropic compression to the adapted pressure, cycle COP.",compressors,steady,1,medium,,,,,
machines et systemes thermiques/MSTh - Repetitions/TP 02/SB/R2 - EX 2 - SB - Bis.EES,group,"Roots compressor 10 L: performance vs pressure ratio (MSTh R2 Ex2 bis, SB)","10 L Roots compressor tested at 1.4 bar discharge (eps_vol 85%, mechanical 95%): variation of performance with pressure ratio and speed; statement included.",compressors,steady,2,medium,,,,,
machines et systemes thermiques/MSTh - Repetitions/TP 02/VL050926_2-1-2 questionsVL051023.EES,group,"Dry screw compressor (air): parameter identification and prediction, parts 1-3 (MSTh R2 Ex1)","Dry screw compressor tested at 7000 rpm (3 bar discharge): identifies swept volume, mechanical efficiency and leakage section, then predicts other regimes; 8 near-identical versions.",compressors,steady,2,high,,,exercise family VL050926_2-1-x,,
machines et systemes thermiques/MSTh - Repetitions/TP 02/VL050926_2-3-1 questionsVL051023.EES,group,Scroll refrigeration compressor (R134a): internal volume ratio vs isentropic efficiency and COP (MSTh R2 Ex3),Discusses the internal compression ratio of a scroll compressor for T_ev -15..0 C and T_cd 30..55 C; parametric table on r_v_in.,compressors,steady,2,high,,,,,
machines et systemes thermiques/MSTh - Repetitions/TP 03/MSTh-SB-R3-Ex1-2.EES,group,"Compressor with leakage re-mixing: identified parameters (MSTh R3 Ex1 continued, SB)","Leakage section, constant mechanical efficiency and flow calculation with mixing of leakage into suction.",compressors,steady,1,low,,,,,
machines et systemes thermiques/MSTh - Repetitions/TP 03/R3 - SB - Ex 2 - 2.EES,group,"Compressor with inlet pressure drop and speed-dependent leakage: optimum (MSTh R3 Ex2, SB)",Compressor characteristics identified in part 1 are extended to variable speed with an inlet pressure drop; an optimum is found from a parametric study.,compressors,steady,2,medium,,,,,
machines et systemes thermiques/MSTh - Repetitions/TP 03/R3 ex 1 2.EES,group,Compressor test with mixing of leakage and suction flows (MSTh R3 Ex1 continued),"Re-mixing of internal leakage, constant mechanical efficiency, swept volume and first-approximation iteration scheme (update guesses).",compressors,steady,1,low,,,,,
machines et systemes thermiques/MSTh - Repetitions/TP 04/MSTH_041012_exercice_2_corrigé.EES,group,Centrifugal compressor coarse simulation with constant efficiencies (MSTh 2004-10-12 Ex2 solution),Increases the pressure ratio until the flow vanishes to find the theoretical maximum ratio (surge ignored); sonic regime at low ratios.,compressors,steady,1,medium,,,4-file family (exercise 1 and 2 versions),,
machines et systemes thermiques/MSTh - Repetitions/TP 04/MSTH_041012_exercice_6.EES,group,"Centrifugal compressor design from flow and enthalpy factors, air (MSTh 2004-10-12 Ex4)","Optimal rotation speed and diameter of a turbocompressor (2.5 bar, 6000 m3/h, flow factor 0.3, enthalpy factor 1.4).",compressors,steady,1,medium,,,,,
machines et systemes thermiques/MSTh - Repetitions/TP 04/MSTH_041012_exercice_6_suite.EES,group,"Centrifugal compressor scaled to methane, ideal-gas vs real-gas (MSTh 2004-10-12 Ex4 continued)","Diameter and speed for 12000 m3/h of methane, 2 to 3 bar; first with ideal gas then real-gas properties.",compressors,steady,1,low,,,,,
machines et systemes thermiques/MSTh - Repetitions/TP 04/MSTH_041012_exercice_7.EES,group,Turbocompressor optimal-regime similarity laws (MSTh 2004-10-12 Ex5),Optimal regime laws applied to a compressor designed for 2000 m3/h air 1 to 3 bar at 10000 rpm.,compressors,steady,1,medium,,,,,
machines et systemes thermiques/MSTh - Repetitions/TP 04/MSTH_041012_exercice_7_suite.EES,group,Turbocompressor optimal speed and flow at new inlet conditions (MSTh 2004-10-12 Ex5 continued),"Reduced variables (T in K, p in bar) for air at 0.9 bar / 50 C and 2.5 bar discharge.",compressors,steady,1,low,,,,,
machines et systemes thermiques/MSTh - Repetitions/TP 04/MSTH_041012_exercice_8.EES,group,Turbocompressor at constant speed from measured pressure-ratio data (MSTh 2004-10-12 Ex6),Flow and power variations for a constant-speed turbocompressor from three tabulated operating points (lookup).,compressors,steady,1,low,,,,,
machines et systemes thermiques/MSTh - Repetitions/TP 04/R4-Ex2.EES,group,Turbo-expander: ideal nozzle and Laval wheel (MSTh R4 Ex2),"Nozzle with total-enthalpy conservation and possible choking at the throat, followed by a Laval wheel; shaft power and efficiency.",expanders_turbines,steady,1,low,,,,,
machines et systemes thermiques/MSTh - Repetitions/TP 04/SB/MSTh-SB-R4-Ex1.EES,group,"Turbo-expander model: isentropic nozzle + Laval wheel (MSTh R4 Ex1, SB solution)","Equivalent nozzle section from relative values, choked-throat logic, wheel power.",expanders_turbines,steady,1,medium,,,,,
machines et systemes thermiques/MSTh - Repetitions/TP 04/SB/MSTh-SB-R4-Ex2-2.EES,group,"Turbo-expander parameter identification from new data (MSTh R4 Ex2 continued, SB)","Equivalent section, wheel parameters and shaft power from additional expander data.",expanders_turbines,steady,1,medium,,,,,
machines et systemes thermiques/MSTh - Repetitions/TP 04/SB/MSTh-SB-R4-Ex3.EES,group,"Centrifugal compressor impeller and adiabatic diffuser performance (MSTh R4 Ex3, SB)",Impeller pressure ratio and exit flow/speed followed by an adiabatic diffuser.,compressors,steady,1,low,,,,,
machines et systemes thermiques/MSTh - Repetitions/TP 04/SB/MSTh-SB-R4-Ex5.EES,group,"Centrifugal compressor impeller/diffuser used with R22 in refrigeration (MSTh R4 Ex5, SB)","Same turbo-compressor with refrigerant: impeller performance, diffuser, Mach number limit at wheel tip.",refrigeration_heat_pumps,steady,1,low,,,,,
machines et systemes thermiques/MSTh - Repetitions/TP 04/SB/MSTh-SB-R4-Ex6.EES,group,"Turbomachine dimensionless factors: optimal diameter and speed (MSTh R4 Ex6, SB)","Flow factor, enthalpy factor and optimal diameter/speed calculation.",compressors,steady,1,low,,,,,
machines et systemes thermiques/MSTh - Repetitions/TP 04/SB/MSTh-SB-R4-Ex7.EES,group,"Turbocompressor optimal-regime laws: constants and second regime (MSTh R4 Ex7, SB)",Identifies the two constants of the optimal-regime laws from the first regime and computes optimal flow/speed for the second regime.,compressors,steady,1,low,,,,,
machines et systemes thermiques/MSTh - Repetitions/TP 04/SB/R4 - SB - Ex 1.EES,group,"Turbo-expander: nozzle, Laval wheel, shaft power (MSTh R4 Ex1 alternative solution)","Expansion in an isentropic nozzle with possible choking, Laval wheel, global isentropic efficiency.",expanders_turbines,steady,1,low,,,,,
machines et systemes thermiques/MSTh - Repetitions/TP 04/SB/R4 - SB - Ex 2 - 2.EES,group,"Turbo-expander with new data (MSTh R4 Ex2 continued, alternative)","Isentropic nozzle expansion, equivalent section, wheel shaft power.",expanders_turbines,steady,1,low,,,,,
machines et systemes thermiques/MSTh - Repetitions/TP 04/SB/R4 - SB - Ex 3.EES,group,Impeller and adiabatic diffuser (MSTh R4 Ex3 alternative),"Impeller performance, exit flow and speed, adiabatic diffuser pressure ratio.",compressors,steady,1,low,,,,,
machines et systemes thermiques/MSTh - Repetitions/TP 05/MSTh R5 Ex 1 2.EES,group,"Air-water cooling coil: dry regime, condensation check and wet regime (MSTh R5 Ex1 continued)",Nominal dry regime with counterflow epsilon-NTU; relative humidity above 100% triggers the wet regime treatment with explanatory comments.,hvac_psychrometrics,steady,2,medium,,,,,
machines et systemes thermiques/MSTh - Repetitions/TP 05/MSTh-SB-R5-Ex1.EES,group,"Air-water cooling coil: dry and wet regimes (MSTh R5 Ex1, SB solution)","Counterflow dry-regime performance, condensation risk and wet-regime calculation.",hvac_psychrometrics,steady,2,medium,,,,,
machines et systemes thermiques/MSTh - Repetitions/TP 05/MSTh-SB-R5-Ex2.EES,group,"R134a evaporator coil (air side) dry/wet regime (MSTh R5 Ex2, SB solution)",Air cooler with R134a evaporator in a refrigeration cycle; author notes numerical instability on exit relative humidity.,refrigeration_heat_pumps,steady,1,low,,,known numerical instability (RH_ex),,
machines et systemes thermiques/MSTh - Repetitions/TP 05/MSTh-SB-R5-Ex3.EES,group,"Air coil with constant parameters: air flow rate calculation (MSTh R5 Ex3, SB)",Air flow from assumed-constant coil parameters.,hvac_psychrometrics,steady,1,low,,,,,
machines et systemes thermiques/MSTh - Repetitions/TP 05/R5 - Ex 1.EES,group,"Air treatment coil: dry-regime effectiveness, NTU, AU from resistances (MSTh R5 Ex1)","Heavily commented coil exercise: counterflow, NTU_dry, omega_dry, overall conductance from individual resistances.",hvac_psychrometrics,steady,1,medium,,,,,
machines et systemes thermiques/MSTh - Repetitions/TP 05/R5 - Ex 2.EES,group,"R5 Ex2: R134a evaporator coil, air side (uncommented)",Short version with air-side and R134a-side equations; no documentation.,refrigeration_heat_pumps,steady,1,skip,,,,,
machines et systemes thermiques/MSTh - Repetitions/TP 05/SB/R5 - SB - Ex 1.EES,group,"Cooling coil nominal dry regime and humid regime (MSTh R5 Ex1, SB alternative)","Nominal dry regime, effectiveness, relative humidity at exit above 100% so humid regime.",hvac_psychrometrics,steady,2,low,,,,,
machines et systemes thermiques/MSTh - Repetitions/TP 05/SB/R5 - SB - Ex 2.EES,group,"R134a refrigeration cycle with air evaporator coil (MSTh R5 Ex2, SB alternative)","Refrigerant and air sides, isenthalpic expansion, evaporator effectiveness.",refrigeration_heat_pumps,steady,1,low,,,,,
machines et systemes thermiques/MSTh - Repetitions/TP 05/SB/R5 - SB - Ex 3.EES,group,"Evaporative condenser effectiveness, semi-isothermal exchanger (MSTh R5 Ex3 continued, SB)",Evaporative condenser treated as semi-isothermal exchanger with constant coefficient.,hvac_psychrometrics,steady,1,low,,,,,
machines et systemes thermiques/MSTh - Repetitions/TP 06/MSTh R6 Ex 1.EES,group,Direct-contact cooling tower as fictitious dry exchanger on wet-bulb temperatures (MSTh R6 Ex1),Counterflow tower with saturated outlet air; fictitious ideal dry fluid whose temperatures are wet-bulb temperatures.,hvac_psychrometrics,steady,1,medium,,,,,
machines et systemes thermiques/MSTh - Repetitions/TP 06/MSTH R6 EX 2 2.EES,group,Cooling tower at nominal and half-speed regimes (MSTh R6 Ex2),Equations duplicated with index 'r' for the reduced regime (half fan speed).,hvac_psychrometrics,steady,2,medium,,,2 near-identical versions,,
machines et systemes thermiques/MSTh - Repetitions/TP 06/MSTH051024exercice1.EES,group,"Cooling tower outlet water temperature, counterflow (MSTh 2005-10-24 Ex1)","AU_dry 90 kW/K, 50 kg/s water and 60 kg/s air, 35 C inlet water.",hvac_psychrometrics,steady,1,medium,,,3 identical copies in TP 06/TP 08,,
machines et systemes thermiques/MSTh - Repetitions/TP 06/MSTH051024EXERCICE2.EES,group,Cooling tower regimes and fan power vs water setpoint 26-36 C (MSTh 2005-10-24 Ex2),"Determines operating regimes, outlet temperatures, heat rejected and mean electric power for a two-speed fan tower.",hvac_psychrometrics,steady,2,medium,,,,,
machines et systemes thermiques/MSTh - Repetitions/TP 06/MSTH051024exercice4.EES,group,Chilled-water storage tank (120 m3) with glycol heat exchanger: discharge power curve (MSTh 2005-10-24 Ex4),Dynamic discharge of a thermal storage using INTEGRAL and an IntegralTable over time.,storage,dynamic,1,high,,,3 identical copies (TP 06 / TP 08),,
machines et systemes thermiques/MSTh - Repetitions/TP 06/R6 - Ex 1.EES,group,Cooling tower counterflow exchanger: NTU and omega (MSTh R6 Ex1 alternative),"Counterflow tower equations on water and air sides, first approximation then precise calculation.",hvac_psychrometrics,steady,1,low,,,,,
machines et systemes thermiques/MSTh - Repetitions/TP 06/R6 - SB - Ex 1.EES,group,"Direct-contact cooling tower with fictitious exchanger and evaporated water (MSTh R6 Ex1, SB)","Fictitious equivalent exchanger, AU relation, tower effectiveness, evaporated water flow.",hvac_psychrometrics,steady,1,low,,,,,
machines et systemes thermiques/MSTh - Repetitions/TP 06/R6 - SB - Ex 2.EES,group,"Cooling tower Min/Max and On/Off operating regimes (MSTh R6 Ex1/2, SB)","Nominal, reduced and off regimes with mean consumption.",hvac_psychrometrics,steady,2,low,,,,,
machines et systemes thermiques/MSTh - Repetitions/TP 06/R6 - SB - Ex 3.EES,group,"Chiller condenser served by a cooling tower, AU proportional to air flow (MSTh R6 Ex2/3, SB)",Cooling tower + refrigeration cycle + fan models.,refrigeration_heat_pumps,steady,2,low,,,,,
machines et systemes thermiques/MSTh - Repetitions/TP 06/SB/MSTh-SB-R6-Ex1.EES,group,"Cooling tower water and air sides (MSTh R6 Ex1, SB alternative)",Tower performance from water-side and air-side balances.,hvac_psychrometrics,steady,1,low,,,,,
machines et systemes thermiques/MSTh - Repetitions/TP 06/SB/MSTh-SB-R6-Ex2.EES,group,"Cooling tower nominal and reduced fan speed (MSTh R6 Ex2, SB alternative)",Nominal regime and half-speed regime with fan power.,hvac_psychrometrics,steady,2,low,,,,,
machines et systemes thermiques/MSTh - Repetitions/TP 06/SB/MSTh-SB-R6-Ex3-2.EES,group,"Chiller + cooling tower parameters from nominal regime and simulation table (MSTh R6 Ex3 continued, SB)","Laws linking nominal regime to other regimes, simulation by parametric table.",refrigeration_heat_pumps,steady,2,low,,,,,
machines et systemes thermiques/MSTh - Repetitions/TP 06/SB/MSTh-SB-R6-Ex4.EES,group,"Ice storage: sensible/latent energy balance and discharge dynamics (MSTh R6 Ex4, SB)","Integrates internal-energy change of storage over time (INTEGRAL, IntegralTable) with ice/liquid temperatures.",storage,dynamic,1,high,,,,,
machines et systemes thermiques/MSTh - Repetitions/TP 07/MSTh R7 Ex 3 - 2.EES,group,"Fuel-oil boiler: combustion stoichiometry, flue gas heat exchange and efficiency (MSTh R7 Ex1-3)","Per kg of fuel (C/H mass fractions): combustion products, flue-gas to water exchange, return-water temperature, parametric table.",combustion_boilers,steady,2,medium,,,10-file family incl. VL051107 versions; chained variants (Jaccard 0.44-0.98),,
machines et systemes thermiques/MSTh - Repetitions/TP 07/SB/MSTh-SB-R7-Ex4.EES,group,"Boiler full-load model with combustion chamber and fictitious exchangers (MSTh R7 Ex4, SB)","Nominal regime parameters, M_dot_w and AU_gw proportional to fuel flow, adiabatic chamber with reactants brought to 25 C.",combustion_boilers,steady,2,medium,,,5-file family (R7 Ex1-4 SB),,
machines et systemes thermiques/MSTh - Repetitions/TP 07/SQ/1.EES,group,"Combustion per kg of fuel: kmol C/H, air and flue composition (MSTh R7, SQ)","Specific-value combustion study, oxygen demand and flue gas species (CO2/O2/N2).",combustion_boilers,steady,2,low,,,author S. Quoilin (SQ folder),,
machines et systemes thermiques/MSTh - Repetitions/TP 08/MSTh - R8 - Ex 1.EES,group,"Gas engine intake: carburettor, throttle, fictitious valve openings (MSTh R8 Ex1)","Fuel/air ratio, gas flow, intake throttling and pressure drop, total-enthalpy conservation.",engines,steady,2,low,,,extra solution by 'JD' (unidentified author),,
machines et systemes thermiques/MSTh - Repetitions/TP 08/MSTH051114EXERCICE1.EES,group,4-stroke gas engine (5 L): full-power operating point model (MSTh 2005-11-14 Ex1-4),"Fuel/air 0.055, 2400 rpm, 90 kW shaft power, cooling water 0.9 kg/s: engine energy balance and part-load extensions.",engines,steady,2,medium,,,8-file family (4 exercises x 2 spellings),,
machines et systemes thermiques/MSTh - Repetitions/TP 08/SB/MSTh - R8 - Ex 2 SB.EES,group,"Gas engine model (MSTh R8 Ex1-4, SB solutions)","Solutions to the 5 L gas engine exercises: intake, compression, combustion, load control (array variables).",engines,steady,2,medium,,,4-file family,,
machines et systemes thermiques/MSTh - Repetitions/TP 08/SB/MSTH-SB-R8-EX1-2-3-4-5.EES,group,"Gas engine complete model: throttle, carburettor, pressure drop, adiabatic combustion chamber, stand-by (MSTh R8 Ex1-5, SB)","Most complete version of the 5 L gas-engine exercise series, with lookup of engine data and cooling circuit.",engines,steady,2,high,,,6-file family (cumulative versions),,
machines et systemes thermiques/MSTh - Repetitions/TP 09/MSTh R9 Ex 1 - 2.EES,group,"Single-shaft gas turbine: part-load with reduced quantities, parametric table (MSTh R9 Ex1 continued)","Compressor 1-2, adiabatic combustion chamber, expander; performance vs inlet temperature (parametric table); losses neglected.",power_cycles_gas,steady,2,medium,,,,,
machines et systemes thermiques/MSTh - Repetitions/TP 09/MSTH-SB-R9-EX1.EES,group,"Gas turbine nominal regime and reduced quantities (MSTh R9 Ex1, SB)",Nominal regime and law linking regimes via reduced flow and speed.,power_cycles_gas,steady,2,medium,,,,,
machines et systemes thermiques/MSTh - Repetitions/TP 09/MSTH-SB-R9-EX2.EES,group,"Single-shaft gas turbine at any regime via reduced quantities (MSTh R9 Ex2, SB)","Reduced quantities in J/kg-fuel and J/kg-air, adiabatic combustion chamber, regime from table.",power_cycles_gas,steady,2,medium,,,,,
machines et systemes thermiques/MSTh - Repetitions/TP 09/MSTH-SB-R9-EX3.EES,group,"Two-shaft gas turbine from compressor and expander data (MSTh R9 Ex3, SB)",Exploits tabulated compressor and expander data; power turbine on a second shaft.,power_cycles_gas,steady,2,medium,,,,,
machines et systemes thermiques/MSTh - Repetitions/TP 09/MSTH-SB-R9-EX4-1.EES,group,"Two-shaft gas turbine at reduced regime with choked power turbine (MSTh R9 Ex4, SB)","Reduced quantities, nominal vs reduced regime, constant reduced flow when the power turbine is choked.",power_cycles_gas,steady,2,high,,,,,
machines et systemes thermiques/MSTh - Repetitions/TP 09/Revision JL051223-02.EES,group,"Two-shaft gas turbine revision exercises (JL 2005-12-23, series 01-03)","Compressor balance, reduced flows of expanders 1 and 2, natural gas at 25 C; lookup-based maps.",power_cycles_gas,steady,2,medium,,,"6-file family, includes copies in TP 13 Revisions",,
machines et systemes thermiques/MSTh - Repetitions/TP 10/MSTh R10 Ex 1.EES,group,"Refrigeration machine with semi-hermetic compressor and secondary fluids, R22 (MSTh R10 Ex1)","Semi-isothermal evaporator/condenser, proportional-loss factor, clearance factor and secondary fluid circuits.",refrigeration_heat_pumps,steady,2,medium,,,,,
machines et systemes thermiques/MSTh - Repetitions/TP 10/MSTh R10 Ex 3.EES,group,Refrigeration machine: identification from secondary-circuit measurements (MSTh R10 Ex3),"T_ev/T_cd imposed before using secondary circuit measurements; compression, condenser, evaporator, expansion.",refrigeration_heat_pumps,steady,1,low,,,,,
machines et systemes thermiques/MSTh - Repetitions/TP 10/MSTH-SB-R10-EX1.EES,group,"Refrigeration machine with semi-hermetic compressor: nominal and reduced regimes with control equations (MSTh R10 Ex1, SB)","Duplicates equations for a reduced regime (index r), modified data and regulation equations; R22 with water secondary circuits.",refrigeration_heat_pumps,steady,2,high,,,,,
machines et systemes thermiques/MSTh - Repetitions/TP 10/MSTH-SB-R10-EX3-2.EES,group,"Refrigeration machine identified parameters (MSTh R10 Ex3 continued, SB)",Calculation with identified compressor/exchanger parameters.,refrigeration_heat_pumps,steady,2,low,,,,,
machines et systemes thermiques/MSTh - Repetitions/TP 10/MSTH-SB-R10-EX3.EES,group,"Refrigeration machine calculation (MSTh R10 Ex3, SB)","Compression, condenser, evaporator, expansion with secondary-fluid hypotheses.",refrigeration_heat_pumps,steady,1,low,,,,,
machines et systemes thermiques/MSTh - Repetitions/TP 10/MSTH-SB-R10-EX4.EES,group,"Refrigeration machine, R22/R407C comparison (MSTh R10 Ex4, SB)",Same machine structure with refrigerant change.,refrigeration_heat_pumps,steady,2,low,,,,,
machines et systemes thermiques/MSTh - Repetitions/TP 10/MSTH_041123_exercice_2.EES,group,Refrigeration compressor with unloaded cylinders: 4 vs 2 cylinders (MSTh 2004-11-23 Ex2),"Full-load operation on 4 cylinders and reduced displacement on 2: evaporator, condenser and compressor models.",refrigeration_heat_pumps,steady,2,medium,,,,,
machines et systemes thermiques/MSTh - Repetitions/TP 10/R10 - SB - EX 1 - questions.EES,group,"Semi-hermetic compressor refrigeration cycle with loss and clearance factors (MSTh R10 Ex1 questions, SB)","Semi-isothermal condenser/evaporator, fresh-charge heating by losses; comparison of two solutions.",refrigeration_heat_pumps,steady,2,medium,,,2 identical copies,,
machines et systemes thermiques/MSTh - Repetitions/TP 10/Revision JL051223-05.EES,group,"Cooling tower revision exercises with variable air flow (JL 2005-12-23, series 04-06)","Default data for a centrifugal-fan tower, saturated outlet air, fan power.",hvac_psychrometrics,steady,2,medium,,,6-file family with copies in TP 13 Revisions,,
machines et systemes thermiques/MSTh - Repetitions/TP 11/MSTh R11 Ex 2.EES,group,LiBr-H2O absorption chiller cycle (MSTh R11 Ex1-4),"Water refrigerant, LiBr absorbent: evaporator, absorber, generator, condenser, mass and energy balances, LiBr conservation.",absorption_sorption,steady,1,wave1,,,"7-file family (VL, SB and student versions); LiBr-H2O properties from EES built-in",,
machines et systemes thermiques/MSTh - Repetitions/TP 12/MSTH-SB-R12-EX7.EES,group,"Brayton cycle with and without chiller on inlet air (MSTh R12 Ex7, SB)","Gas turbine with/without inlet air cooling by a refrigeration machine (R134a), reduced quantities.",power_cycles_gas,steady,2,medium,,,,,
machines et systemes thermiques/MSTh - Repetitions/TP 12/MSTH-SB-R12-EX8.EES,group,"Gas engine with Rankine bottoming cycle (MSTh R12 Ex8, SB)","Gasoline engine heat recovery: boiler, positive-displacement expander, condenser, pump, valve pressure drops.",cogeneration_energy_systems,steady,2,medium,,,,,
machines et systemes thermiques/MSTh - Repetitions/TP 12/MSTH051213 EXERCICE 1.EES,group,Cogeneration primary-energy saving per unit of useful electricity (MSTh 2005-12-13 Ex1),Energy saving of CHP vs separate production.,cogeneration_energy_systems,steady,1,low,,,,,
machines et systemes thermiques/MSTh - Repetitions/TP 12/MSTH051213 EXERCICE 2.EES,group,Cogeneration monthly balance and annual demand (MSTh 2005-12-13 Ex2),Month-by-month balance with intersection points and annual kWh demand.,cogeneration_energy_systems,steady,1,low,,,,,
MCI_REMIDICKES/MCI/Examen/resolultion_RD.EES,group,"Engine exam solution: data coherence (swept volume, piston speed, shaft power) and derating (resolution RD)","Teaching-assistant resolution of an MCI exam problem: checks redundancy of engine data-sheet values, volumetric efficiency and power.",engines,steady,2,medium,needs-permission,,exam solution by R. Dickes ('RD'); do not publish without permission,,
MCI_REMIDICKES/MCI/Examen/RESOLUTION_NGEN.EES,group,"Scania DI09/DI16 marine diesel engines: full data-handbook analysis (exam solution, NGEN)","Detailed resolution of the marine diesel exam problem from the 2013 Scania data handbook: general data, mean pressures, efficiencies, turbocharger/intercooler, emissions, with UnitSystem directive.",engines,steady,2,medium,needs-permission,,exam solution by Prof. P. Ngendakumana's unit ('NGEN'); needs permission,,
MCI_REMIDICKES/MCI/Labo 2/rapport/Labo2_MCI-groupe_4/Data_groupe4.lkt,group,Lookup table: laboratory data of student group 4 (MCI lab 2),Binary EES lookup table with measured engine test-bench data (Point1...).,engines,unknown,1,skip,needs-permission,,student lab data,,
MCI_REMIDICKES/MCI/Labo 2/rapport/Labo2_MCI-groupe_4/Labo2_MCI-groupe_4.ees,group,"MCI laboratory 2: engine test-bench analysis (student report, group 4)","Student lab report model: engine data, 4-stroke engine, measured points via lookup table, DUPLICATE loops, CALL.",engines,steady,2,skip,needs-permission,,student report; names inside,,
MCI_REMIDICKES/MCI/Labo 2/rapport/Rapport groupe 3/calcul_labo_point2.EES,group,"MCI laboratory 2: engine test points 1 and 2 (student report, group 3)","Student calculation of two engine test points (J/kg, Pa, kg/s data blocks, CALL).",engines,steady,2,skip,needs-permission,,student report; points 1 and 2 near duplicates,,
MCI_REMIDICKES/MCI/TP/MCI_TP1_Ex_1-5/Ex_1_Tables NASA.EES,group,"Combustion product properties with NASA polynomial external routine, CO2 (MCI TP1 Ex1)","Compares EES direct property calculation with NASA table routine (kJ, kmol, K units warning).",combustion_boilers,steady,1,low,needs-permission,,uses EES built-in NASA procedure (CALL NASA): no direct CoolProp equivalent,,
MCI_REMIDICKES/MCI/TP/MCI_TP1_Ex_1-5/Ex_2_T&P effects on dissociation.EES,group,Temperature and pressure effects on dissociation (MCI TP1 Ex2),"Equilibrium dissociation of combustion products vs pressure and temperature (kPa), via CALL Chem_Equil.",combustion_boilers,steady,1,medium,needs-permission,,uses EES built-in Chem_Equil (chemical equilibrium) procedure: needs an equilibrium solver in CoolSolve,,
MCI_REMIDICKES/MCI/TP/MCI_TP1_Ex_1-5/Ex_3-4_CH4-Fuel Oil_Tadiab with or without dissociation_2016.EES,group,"Adiabatic flame temperature of CH4 or fuel oil with/without dissociation, excess air >= 0 (MCI TP1 Ex3-4)","Reactants CmHn + (m+n/4)(O2+79/21 N2)(1+e); selectable fuel and dissociation switch; DUPLICATE over species, CONVERT, UnitSystem.",combustion_boilers,steady,2,high,needs-permission,,uses EES built-in Chem_Equil and NASA procedures (CALL),,
MCI_REMIDICKES/MCI/TP/MCI_TP1_Ex_1-5/Exo_1_resolution_RD.EES,group,"NASA table properties of CO2 (MCI TP1 Exo1 solution, RD)",Molar/kJ outputs with Pref = 1e5 Pa from NASA routine.,combustion_boilers,steady,1,low,needs-permission,,solution by R. Dickes ('RD'); uses EES built-in NASA procedure,,
MCI_REMIDICKES/MCI/TP/MCI_TP1_Ex_1-5/Exo_2_resolution_RD.EES,group,"Inert gas/oxygen mole ratio in reactants (MCI TP1 Exo2 solution, RD)",Very short combustion-air stoichiometry exercise.,combustion_boilers,steady,1,low,needs-permission,,solution by R. Dickes ('RD'); uses EES built-in Chem_Equil procedure,,
MCI_REMIDICKES/MCI/TP/MCI_TP1_Ex_1-5/Exo_3_resolution_RD.EES,group,"Reactant enthalpy and products with/without dissociation, species arrays (MCI TP1 Exo3 solution, RD)",CH4 + air combustion with product species via DUPLICATE and Chem_Equil/NASA calls.,combustion_boilers,steady,1,low,needs-permission,,solution by R. Dickes ('RD'); uses EES built-in Chem_Equil and NASA procedures,,
MCI_REMIDICKES/MCI/TP/MCI_TP2_Ex_1-3/Détarage moteurs_Exercices_1-2.EES,group,Engine derating according to ISO 3046/1 (MCI TP2 Ex1-2),"Naturally aspirated Diesel that must deliver 372 kW on site (400 m, 45 C, 80% RH, mechanical efficiency 0.85): derating factor alpha from the ISO 3046/1 reference conditions with factor a and exponents m, n, s; a FUNCTION is used for the correction law.",engines,steady,2,high,needs-permission,,,,
MCI_REMIDICKES/MCI/TP/MCI_TP2_Ex_1-3/Exercice_3_Param opératoires et combustion.EES,group,Number of cylinders and operating parameters at rated power (MCI TP2 Ex3),"From bore, stroke, intermittency factor and rated shaft power: displacement per cylinder, number of cylinders (non-integer count and rounding, mean effective pressure correction), speed, efficiencies and consumption.",engines,steady,2,medium,needs-permission,,,,
MCI_REMIDICKES/MCI/TP/MCI_TP3_EX-1-2-3-4-5/MCI_TP3_Ex 4.EES,group,"Two-stroke engine performance parameters (MCI TP3 Ex4, 2017)","Cylinders, intermittency factor for a two-stroke engine, shaft power, speed, air-fuel ratio, bore/stroke, volumetric and mechanical efficiency, fuel heating value.",engines,steady,1,low,needs-permission,,,,
MCI_REMIDICKES/MCI/TP/MCI_TP3_EX-1-2-3-4-5/MCI_TP3_Ex 5.EES,group,"Engine dynamometer test analysis (MCI TP3 Ex5, 2019)","Shaft power from dynamometer power and efficiency, friction losses and mechanical efficiency for a 4-stroke engine.",engines,steady,1,low,needs-permission,,,,
MCI_REMIDICKES/MCI/TP/MCI_TP3_EX-1-2-3-4-5/MCI_TP3_EX-1-2-3.EES,group,"V6 four-stroke engine: displacement, piston speed, power, efficiencies and crank-angle quantities (MCI TP3 Ex1-3)","Square V6 engine with connecting-rod length, volumetric compression ratio and end-of-combustion angle; exercise selector 1/2/3; UnitSystem directive and CONVERT.",engines,steady,2,medium,needs-permission,,includes a zipped near-duplicate (TM-0469),,
MCI_REMIDICKES/MCI/TP/MCI_TP4_Ex_1/SURALIMENTATION_FORMULATION SIMPLE_V2017-1.EES,group,Turbocharger performance: simplified formulation with combustion-product composition (MCI TP4 Ex1),"Supercharged engine with turbocharger and intercooler: molar mass and composition of combustion products, excess air, compressor/turbine matching; SUBPROGRAM, FUNCTION, DUPLICATE, include of external HSCmHn combustion library.",engines,steady,3,high,needs-permission,,$INCLUDE of external lib 'HSCmHnPRODCOMB_SI_PNG0301' (not in collection),,
MCI_REMIDICKES/MCI/TP/MCI_TP5/Ex_1_Dimensionnement de soupapes_PNG.EES,group,Intake valve sizing for a square engine (MCI TP5 Ex1),"Total intake area (lecture slide reference), bore from displacement, mean piston speed and speed of sound at the intake temperature.",engines,steady,1,medium,needs-permission,,,,
MCI_REMIDICKES/MCI/TP/MCI_TP5/Ex_2_Croisement des soupapes_PNG.EES,group,Valve overlap from crank-angle valve timing (MCI TP5 Ex2),Inlet/exhaust valve opening and closing angles (TDC at 0 deg) at rated speed and at idle: overlap angles.,engines,steady,1,medium,needs-permission,,,,
MCI_REMIDICKES/MCI/TP/MCI_TP5/Ex_3_Deux injections moteur essence_PNG.EES,group,Double fuel injection in a gasoline engine (MCI TP5 Ex3),"Start/end of injection, fuel-air ratio, volumetric efficiency and standard conditions for a 4-stroke gasoline engine: injected masses and flow.",engines,steady,1,medium,needs-permission,,,,
MCI_REMIDICKES/MCI/TP/MCI_TP5/Ex_4_Injection moteur diesel_PNG.EES,group,Diesel injection sizing (MCI TP5 Ex4),"Start/end of injection, volumetric efficiency and mixture richness for a 4-stroke Diesel engine.",engines,steady,1,medium,needs-permission,,,,
MCI_REMIDICKES/MCI/TP/MCI_TP6/EX1_PNG_2019.EES,group,Supercharged engine air flow and compressor (MCI TP6 statement 1),"Displacement, volumetric efficiency, compressor isentropic efficiency, air flow, swept volume per cylinder.",engines,steady,1,medium,needs-permission,,,,
MCI_REMIDICKES/MCI/TP/MCI_TP6/EX2_PNG_2019.EES,group,Turbocharged engine with expander temperature drop (MCI TP6 statement 2),"Supercharged engine volumetric efficiency referenced to ambient, expander temperature drop and mechanical efficiency.",engines,steady,1,medium,needs-permission,,,,
MCI_REMIDICKES/MCI/TP/MCI_TP6/EX3_PNG_2019.EES,group,"Fuel injection in an atmospheric compression-ignition engine (MCI TP6 Ex3, Pulkrabek 5-9/5-10)","Injection start/end angles, injector discharge coefficient, fuel density: injected mass and pressure.",engines,steady,1,medium,needs-permission,,,,
MCI_REMIDICKES/MCI/TP/MCI_TP7/EX_1_PNG_2019.EES,group,Vehicle exhaust emissions from fuel flow and gas fractions (MCI TP7 Ex1),"Equivalence ratio, exhaust molar mass and CO/NO2/HC mole fractions, g/km emissions; UnitSystem directive.",engines,steady,1,medium,needs-permission,,,,
MCI_REMIDICKES/MCI/TP/MCI_TP7/EX_2_PNG_2019.EES,group,"Engine efficiencies from bore, stroke and AFR (MCI TP7 Ex2)","Shaft power, air-fuel ratio, volumetric, mechanical and combustion efficiency; UnitSystem directive.",engines,steady,1,medium,needs-permission,,,,
MCI_REMIDICKES/MCI/TP/MCI_TP7/Ex_3_PNG_2019.EES,group,CO2 emissions in g/km from fuel consumption in l/100 km (MCI TP7 Ex3),Complete combustion of CmHn (e.g. hexadecane) to CO2 per km for diesel or gasoline.,engines,steady,1,medium,needs-permission,,,,
Model data bank/Distribution_Systems/Fans/CENTRIFUGAL_FAN_REFSIM_MODEL_ARJL080121/Centrifugal_Fan_RefSim_EES_Model_ARJL080121.EES,group,Centrifugal fan reference simulation model (dimensionless pressure/flow/power factors),"Reference model of a centrifugal fan on humid air: flow and power factors as functions of the pressure factor, inputs/outputs/parameters panel; companion of the parameter-identification model TM-0485.",pumps_fans,steady,1,wave1,unclear,,"model bank 2008-03-18; authors V. Teodorese, A. Rodriguez (reviewed by J. Lebrun); also distributed as EXE",,
Model data bank/EES_Functions/cpbar/COMBCMHN_PNG_2003/CombCmHn_SI_PNG2003_V2.LIB,group,cpbar: mean specific heat of CmHn combustion products and incomplete-combustion losses (function library),"EES library (PROCEDURE/FUNCTION) returning cp_bar of combustion products between two temperatures for fuel CmHn, fuel-air ratio and excess air, plus CO losses Q4 and gas properties; required by the boiler models.",combustion_boilers,function,2,wave1,unclear,,author P. Ngendakumana ('PNG 2003'); needed by TM-0491/0492/0493; no direct CoolProp equivalent for the composition/temperature averaging,,
Model data bank/EES_Functions/cpbar/COMBCMHN_PNG_2003/CombCmHn_SI_PNG2003_V2_test.EES,group,Test of the cpbar procedure,Calls cpbar for complete/incomplete combustion and pure air cases and tests the gamma function.,combustion_boilers,steady,1,low,unclear,,companion of TM-0253,,
Model data bank/EES_Functions/iso5167/ISO5167 flow rate calculation - diaphragm.EES,group,ISO 5167 orifice plate (diaphragm) flow-rate calculation procedure,"Implements the ISO 5167-1980 flow-rate calculation for a diaphragm with corner tappings: fluid properties retrieved for any fluid (FluidProp/EES), tolerances for corner tappings, out-of-range warnings (PROCEDURE/MODULE/CALL).",valves_nozzles_piping,steady,2,wave1,unclear,,uses FluidProp call for properties; author not identified (lab model bank),,
Model data bank/EES_Functions/iso5167/ISO5167 flow rate calculation - long radius.EES,group,ISO 5167 long-radius nozzle flow-rate calculation,Same structure as the diaphragm model for a long-radius nozzle; out-of-range warnings and flow-rate procedure.,valves_nozzles_piping,steady,2,medium,unclear,,variant of TM-0255,,
Model data bank/EES_Functions/iso5167/ISO5167_air_flow_rate_calculation-isa1932.EES,group,ISO 5167 ISA 1932 nozzle air flow-rate calculation,ISA 1932 nozzle flow-rate procedure for air with preliminary calculations.,valves_nozzles_piping,steady,2,medium,unclear,,variant of TM-0255,,
Model data bank/Heating_Cooling_Terminal_Units/CoolingCeilings/CoolingCeilingWithControl_Simplified_EES_ModeJLSB080317.EES,group,Cooling ceiling with thermostatic valve control: simplified sizing model,Cooling ceiling system with perfect-authority thermostatic valve: water flow varies linearly with temperature offset; sizing and control equations.,buildings,steady,1,medium,unclear,,"authors J. Lebrun, S. Bertagnolio (2008-03-17)",,
Model data bank/Heating_Cooling_Terminal_Units/Radiators/Radiator_RefSim_EES_Model_JLSB080317.EES,group,Radiator reference model,Heating radiator reference model: outputs heat output and water exit temperature from inputs and parameters.,buildings,steady,1,medium,unclear,,"authors J. Lebrun, S. Bertagnolio (2008-03-17); also distributed as EXE",,
modeles/Condenser_3_zones/Condenser three zones parametric model model (combined crossflow-counterflow) - CC080108-1.EES,group,"Three-zone condenser parametric model: counterflow, crossflow and combined flow (R134a, air)","Desuperheating/condensing/subcooling zones with epsilon-NTU per zone; three configurations; fluid and air properties via procedures (single_phase_hx, two_phase_cd).",heat_exchangers,steady,3,wave1,unclear,,"author C. Cuevas (Univ. de Concepcion) at the ULiege lab, 2008-01-08; three configuration files (counterflow, crossflow, combined) in several copies",,
modeles/cycle a extraction.EES,group,ORC / vapour cycle with two-stage scroll expander and intermediate extraction (R134a),"Scroll expander with internal volume ratios r_v_in_1/r_v_in_2, intermediate extraction flow, evaporator and condenser at imposed saturation temperatures; arrays for states.",power_cycles_vapour,steady,2,medium,own,,no comments except section titles; author probably S. Quoilin (SQ-era ORC work),,
modeles/cycle ORC with refprop.EES,group,"Waste-heat-recovery ORC with scroll expander: detailed model, REFPROP mixtures and cost model","Complete ORC with discretised heat exchangers (procedures hx_cd, hx_ev), scroll expander, pump, pipes, void-fraction charge and equipment cost (SIC); contains an 'optim' summary table for optimisation runs.",power_cycles_vapour,optimization,3,high,unclear,,"needs REFPROP via CALL EES_REFPROP (external); calls procedures prop_htf, Thonon, Kuo not defined in the file (external user library); ~226 equations + 324 procedure lines; EES 8.652",,
modeles/Economical_evaluation_of_investment/INVESTISSEMENT_RENTABILITE_SB080108.EES,group,Economic evaluation of energy-saving investments: NPV and simple payback,"Cash-flow model over the investment lifetime (energy-cost escalation, discount rate): yearly costs/benefits, net cash flow and discounted present value, payback time by the NPV method and by simple payback for energy-saving measures (DUPLICATE with i-1 indices).",cogeneration_energy_systems,steady,2,wave1,unclear,,"author S. Bertagnolio, 2008-01-08; accompanying reports (IBGE, Pilavachi HeatSET 2007) are not EES",,
modeles/Economical_evaluation_of_investment/INVESTISSEMENT_RENTABILITE_SB080108SQ080206.EES,group,Economic evaluation of investment with NPV/IRR procedures (version SB080108/SQ080206),"Cash-flow model rewritten with PROCEDUREs NPV, IRR and ProcIRR using lookup tables; extended by S. Quoilin in Feb 2008.",cogeneration_energy_systems,steady,2,medium,unclear,,"authors S. Bertagnolio, S. Quoilin",,
modeles/ExpanderSimpleModelSQ080318.EES,group,"Simple scroll expander model as an EES MODULE: supply pressure drop and cooling, isentropic then isochoric expansion, leakage, exhaust cooling","Module 'expander' (swept volume from built-in volume ratio): supply throttling, epsilon-NTU supply cooling, isentropic expansion to the adapted pressure then isochoric expansion to the exhaust pressure, leakage flow mixed back at exhaust, exhaust cooling, ambient heat balance, global isentropic effectiveness; reusable in ORC cycles.",expanders_turbines,steady,3,wave1,own,,"author S. Quoilin (2008-03-18, copy 2011-07-01); EES MODULE called with CALL",,
modeles/HP_INVERTER_REV_VLD05092007_DAIKIN-ALTHERMA3.EES,group,Reversible air-water inverter heat pump (Daikin Altherma type): detailed system model,"Very large model (560 equations, 57 FUNCTIONs, 2 SUBPROGRAMs) of an inverter-driven reversible air-to-water heat pump with cooling/heating mode, compressor, exchangers, fans, pump; extensively documented.",refrigeration_heat_pumps,steady,4,high,unclear,,largest model of the collection; file name 'HP_INVERTER_REV_VLD05092007'; author initials VLD,,
modeles/hx - fem SQ011025.EES,group,"Discretised heat exchanger procedure: R245fa evaporator heated by hot air, temperature profile","PROCEDURE hxfem with N cells, REPEAT-UNTIL loop, switches between liquid/two-phase/vapour U values; temperature profile written to a lookup table.",heat_exchangers,steady,2,medium,own,,author S. Quoilin ('SQ'); uncommented; Lookup table 'Tprofile' lives inside the .ees,,
modeles/JL/new/screw JL080205/3_4_2_Part_load_control.EES,group,Screw compressor reference model in a refrigeration cycle (R22): full-load and part-load control,"Volumetric screw compressor with internal leakage through an opening (isentropic nozzle + isobaric diffuser) closed with a R22 cycle; part-load control by the sliding valve, derived from the full-load model 3_4_1; parametric study example.",refrigeration_heat_pumps,steady,2,high,unclear,,"author J. Lebrun (JL080205), part of 'modeles/JL/new' reference compressor models",,
modeles/JL/new/scroll JL080205/3_3_2_Simulation.EES,group,Hermetic scroll compressor reference model in a refrigeration cycle (R22),"Scroll compressor model (Winandy, Saavedra, Lebrun 2002): supply pressure drop, heating-up, isentropic compression to the adapted pressure, constant-volume compression, cooling-down; identification and simulation files, closed with a refrigeration cycle.",refrigeration_heat_pumps,steady,2,high,unclear,,author J. Lebrun (JL080205),,
modeles/LABORELEC_2002/1_Compressors/1_1_Reciprocating Compressors/Catalogue_data_model-RPM_simulation-Part_speed-Full_load.EES,group,Reciprocating compressor model from catalogue data: isentropic and volumetric effectiveness (R717),Fits polynomial effectiveness curves to manufacturer data via lookup tables (DUPLICATE) and simulates full-load/part-speed operation.,compressors,steady,2,high,needs-permission,,"Laborelec toolkit 2002 (F. Trebilcock); 5-file family (RPM simulation, identification, Copeland scroll big/small)",,
modeles/LABORELEC_2002/1_Compressors/1_1_Reciprocating Compressors/Exponent m.EES,group,Best exponent m for a family of reciprocating compressors,Evaluates polynomial effectiveness curves for several compressor sizes and speeds to define a common exponent m.,compressors,steady,2,medium,needs-permission,,Laborelec toolkit 2002 (F. Trebilcock),,
modeles/LABORELEC_2002/1_Compressors/1_2_Screw Compressors/Catalogue_data_model-Grasso C-52 - 2490rpm.EES,group,"Screw compressor model from catalogue data (Grasso C-52/N-5/S-51 at 2490 rpm, R717)","Effectiveness expressions from catalogue data via lookup table, number-of-rows parameter, global isentropic effectiveness.",compressors,steady,1,medium,needs-permission,,Laborelec toolkit 2002 (F. Trebilcock); 3 compressors,,
modeles/LABORELEC_2002/1_Compressors/1_2_Screw Compressors/Example-Grasso Screw RPM General Simulation.EES,group,Grasso screw compressor RPM simulation example (polynomial isentropic efficiencies),Isentropic efficiencies at 1500 rpm and simulation over rpm using polynomial expressions.,compressors,steady,1,low,needs-permission,,Laborelec toolkit 2002 (F. Trebilcock),,
modeles/LABORELEC_2002/2_Evaporative Equipments/2_1_Toolkit Models/2_1_1_Condensers/Evaporative_condenser_identification.EES,group,Evaporative condenser model: identification of resistances from catalogue data (R717),Condenser with wet air and R717: identification of heat/mass transfer resistances by minimising the error versus catalogue capacities.,refrigeration_heat_pumps,optimization,2,medium,needs-permission,,Laborelec toolkit 2002 (F. Trebilcock); error minimisation done manually/with EES Min/Max,,
modeles/LABORELEC_2002/2_Evaporative Equipments/2_1_Toolkit Models/2_1_2_Cooling_towers/Direct_contact_identification.EES,group,Direct-contact cooling tower model: identification from experimental data,Merkel-type tower model with experimental coefficients identified from measured data; nomenclature table.,hvac_psychrometrics,optimization,1,medium,needs-permission,,Laborelec toolkit 2002 (F. Trebilcock),,
modeles/LABORELEC_2002/2_Evaporative Equipments/2_1_Toolkit Models/2_1_2_Cooling_towers/Direct_contact_simulation.EES,group,Direct-contact cooling tower simulation model,"Simulation version of the direct-contact tower model (heat transfer coefficient correlations, nomenclature).",hvac_psychrometrics,steady,1,medium,needs-permission,,Laborelec toolkit 2002 (F. Trebilcock),,
modeles/LABORELEC_2002/2_Evaporative Equipments/2_1_Toolkit Models/2_1_2_Cooling_towers/Indirect_contact_identification.EES,group,Fluid cooler (indirect contact tower) identification and simulation,Indirect-contact cooling tower: identification model with percentage-error minimisation and simulation model.,heat_exchangers,optimization,1,medium,needs-permission,,Laborelec toolkit 2002 (F. Trebilcock),,
modeles/LABORELEC_2002/2_Evaporative Equipments/2_2_Simulation Models - Diagram Window/Direct Contact Cooling Tower/Direct Contact Cooling Tower.EES,group,"Direct-contact cooling tower with Diagram Window: catalogue parameters, nominal values and checks","PROCEDURE-based tower model using catalogue data (BAC VXT-10) in a lookup table, air/water energy balances, warnings for out-of-range flows.",hvac_psychrometrics,steady,3,medium,needs-permission,,Laborelec toolkit 2002 (F. Trebilcock); Diagram Window model: part of the equations sit in companion {$DS.} .TXT snippet files listed in companion_files (plus directcontactdata.LKT); interface not reproducible,,
modeles/LABORELEC_2002/2_Evaporative Equipments/2_2_Simulation Models - Diagram Window/Direct Contact Cooling Tower/directcontactdata.LKT,group,Lookup table: direct-contact cooling tower catalogue data (BAC VXT-10),Binary EES lookup table with catalogue data of a B.A.C. direct-contact tower.,hvac_psychrometrics,unknown,1,low,needs-permission,,Laborelec toolkit 2002 (F. Trebilcock); data for TM-0297,,
modeles/LABORELEC_2002/2_Evaporative Equipments/2_2_Simulation Models - Diagram Window/Evaporative Condenser/condenserdata.LKT,group,Lookup table: evaporative condenser catalogue data (BAC VXC-185),Binary EES lookup table with catalogue data of evaporative condenser models (Q_dot_cd = 798 kW...).,refrigeration_heat_pumps,unknown,1,low,needs-permission,,Laborelec toolkit 2002 (F. Trebilcock); data for TM-0300,,
modeles/LABORELEC_2002/2_Evaporative Equipments/2_2_Simulation Models - Diagram Window/Evaporative Condenser/Evaporative_condenser_simulation.EES,group,Evaporative condenser simulation model with Diagram Window (R717/air),"Heat flow rates through an evaporative condenser (air side, spray water, condensing refrigerant) with checks (procedures) and catalogue lookup.",refrigeration_heat_pumps,steady,3,medium,needs-permission,,Laborelec toolkit 2002 (F. Trebilcock); Diagram Window model: part of the equations sit in companion {$DS.} .TXT snippet files listed in companion_files (plus condenserdata.LKT); interface not reproducible,,
modeles/LABORELEC_2002/3_Pumps and Fans/3_1_Pumps/3_1_1_Pump_polynomial_identif.EES,group,"Pump characteristic polynomials from catalogue data (affinity laws, SIHI/Grundfos)","Polynomial identification of H-Q and efficiency curves in dimensionless form, with examples for a SIHI pump.",pumps_fans,steady,1,medium,needs-permission,,Laborelec toolkit 2002 (F. Trebilcock); 3-file family,,
modeles/LABORELEC_2002/3_Pumps and Fans/3_1_Pumps/3_1_2_Variable_speed_pump_simulation.EES,group,Variable-speed pump simulation from dimensionless polynomial curves,"Predicts head, power and efficiency of a pump at other speeds from identified polynomials.",pumps_fans,steady,1,medium,needs-permission,,Laborelec toolkit 2002 (F. Trebilcock),,
modeles/LABORELEC_2002/3_Pumps and Fans/3_1_Pumps/Examples/Pumps_SIHI_simulation_021016.EES,group,SIHI pump simulation example,Example simulation of a SIHI pump using polynomial dimensionless coefficients.,pumps_fans,steady,1,low,needs-permission,,Laborelec toolkit 2002 (F. Trebilcock),,
modeles/LABORELEC_2002/3_Pumps and Fans/3_2_Fans/3_2_1_Fan_polynomial_identif.EES,group,Fan characteristic polynomials from catalogue data (affinity laws),Identification of fan curves in dimensionless form from catalogue data.,pumps_fans,steady,1,medium,needs-permission,,Laborelec toolkit 2002 (F. Trebilcock),,
modeles/LABORELEC_2002/3_Pumps and Fans/3_2_Fans/3_2_2_VAV_Fan_simulation.EES,group,Variable-speed (VAV) fan simulation from dimensionless polynomial curves,Fan performance at variable speed predicted from identified polynomials.,pumps_fans,steady,1,medium,needs-permission,,Laborelec toolkit 2002 (F. Trebilcock),,
modeles/LABORELEC_2002/4_Pressure Drop/4_2_Gas Pipes/Gas Pipe/Fittings.LKT,group,Lookup table: pipe fittings equivalent lengths,"Binary EES lookup table of fittings (elbows, valves...) used by the pipe pressure-drop models.",valves_nozzles_piping,unknown,1,low,needs-permission,,Laborelec toolkit 2002 (F. Trebilcock); identical copy in liquid-pipe and gas-pipe folders,,
modeles/LABORELEC_2002/4_Pressure Drop/4_2_Gas Pipes/Gas Pipe/Gas_Pipe_Pressure_Drop.EES,group,"Pipe pressure drop and heat gain: equivalent diameter, Colebrook, insulation and fittings (gas/liquid pipes, R717)","PROCEDURE-based model with array-variable transfer, SI recalculations, Colebrook friction factor, lookups for pipe data and fittings, ammonia/humid-air properties.",valves_nozzles_piping,steady,3,high,needs-permission,,Laborelec toolkit 2002 (F. Trebilcock); gas-pipe and liquid-pipe variants; Diagram-Window equation snippets (.TXT) and Fittings.LKT/Pipedata.LKT listed in companion_files,,
modeles/LABORELEC_2002/4_Pressure Drop/4_2_Gas Pipes/Gas Pipe/Pipedata.LKT,group,"Lookup table: pipe data (nominal diameters, copper/steel tube sizes)",Binary EES lookup table of tube sizes (e.g. 3/16 in copper) used by the pipe models.,valves_nozzles_piping,unknown,1,low,needs-permission,,Laborelec toolkit 2002 (F. Trebilcock); identical copies in liquid/gas pipe folders,,
modeles/ORC simple model with void fraction.EES,group,Low-temperature ORC (R134a) with detailed components and heat-exchanger volumes (void-fraction charge),"Full Rankine model: volumetric pump, evaporator and condenser with AU depending on areas and volumes, detailed expander with supply pressure loss, fluid charge via void fraction.",power_cycles_vapour,steady,3,wave1,unclear,,ULiege lab ORC work ~2007-2009 (comments mention ARA); 296 equations; EES 8.139,,
modeles/perte de charge VL060830.EES,group,Pipe pressure drop for n-pentane: Colebrook vs explicit friction factor (gas and liquid),"Friction factor, linear and total pressure drop for n-pentane in a 16 mm pipe (Colebrook and an explicit approximation).",valves_nozzles_piping,steady,1,medium,unclear,,author V. Lemort (VL060830); second friction-factor variable is named 'vlad',,
modeles/photovoltaique/PV_model.EES,group,Photovoltaic module single-diode model: I-V curve from module database,"PROCEDURE ReadPV looks up module parameters (T_NOCT, I_sc_ref, V_oc_ref, Rs, Rsh...), then 5-parameter single-diode equations and 100-point I-V/P-V curve via DUPLICATE; temperature in C converted with ConvertTemp.",solar_renewables,steady,2,wave1,needs-permission,,"author not identified (lab folder 'photovoltaique'); the copy TandS_Imput_IV_... (TM-0317) carries the EES licence stamp of the Solar Energy Laboratory, University of Wisconsin (F-Chart/Duffie-Beckman group): the model is probably derived from their PV model, hence third-party origin to clear; lookup table 'PVModules' is stored inside the .ees file",,
modeles/Pipe/Reference pipe model JL080103.EES,group,Reference pipe model: pressure drop and heat gain (water),"Assembly of an elementary pressure-drop model and a heat-gain model (3 outputs, 4 inputs).",valves_nozzles_piping,steady,2,medium,unclear,,author J. Lebrun (JL080103); also listed in the model bank (IEA A43 PR2 A12 report PDF),,
modeles/plate_heat_exchanger_SB080104.EES,group,Single-phase plate heat exchanger thermal-resistance model (Martin correlation),"Heat transfer coefficients of chevron-type plate exchangers from plate geometry (plate length/width, 50% ethylene glycol) with Martin's 1996 correlation (references to Garcia-Cascales 2007): hydraulic diameter, Reynolds number, f0/f1 coefficients; a thermal-resistance building block (PROCEDURE, CALL).",heat_transfer,steady,2,wave1,own,,"authors S. Bertagnolio, S. Quoilin (2008); uses brine property procedure Brineprop2 (needs TM-0480)",,
modeles/Recovery_Loop/GLYCOL_RECOVERY_LOOP_SB080110.EES,group,"Air-to-air glycol run-around heat-recovery loop (epsilon-NTU coils, Braun hypothesis, pump)","Two coils linked by a glycol loop and pump, epsilon-NTU model under Braun's hypothesis, parameter panel through Diagram Window.",hvac_psychrometrics,steady,3,wave1,unclear,,author S. Bertagnolio (2008-01-10); 3 versions incl. the zipped RefSim; needs Brineprop library (TM-0479/0480),,
modeles/simple ORC with fluidprop SQ090604.EES,group,Simple ORC with FluidProp mixture working fluid (benzene-toluene),"Evaporator/condenser pinch model, isentropic expander and pump efficiencies, fluid properties through FluidProp/StanMix library.",power_cycles_vapour,steady,2,medium,own,,"author S. Quoilin (2009-06-04); requires FluidProp (external, Windows-only)",,
modeles/simple_ORC_model SQ120220.EES,group,Simple ORC model for screening: R245fa cycle with hot-air source (Quoilin thesis),"Quick evaluation of ORC performance (pinch, expander/pump efficiency, exergy flows, nomenclature) for the screening method of Chapter 5.3 of the author's thesis; freely reusable with citation.",power_cycles_vapour,steady,2,wave1,own,,author S. Quoilin (2012-02-20); permissive usage statement inside the file (cite Quoilin 2011 thesis),,
modeles/template_model_EES_SB080108.EES,group,Template for reference models (title/author/inputs/outputs structure),"Empty template with title, date, authors and inputs/outputs sections used for the model bank.",misc,steady,1,skip,unclear,,author S. Bertagnolio (2008-01-01),,
modeles/Thermal confort PMV-PPD SQSB080131/thermal_confort_PMV_PPD SQSB080131.EES,group,Thermal comfort model: Fanger PMV-PPD,"Predicted mean vote and percentage dissatisfied from Fanger (1970) and J. Lebrun's comfort course notes (2006-2007): metabolic rate, body mass/height, clothing in clo, air and radiant temperature, humidity, air speed; lookup tables and arrays.",buildings,steady,2,wave1,own,,"authors S. Quoilin, J. Lebrun, S. Bertagnolio (2008-01-30); the header comment is a copy-paste of the boiler template title; 2 copies (modeles and model bank)",,
thermo_kuleuven/exercices/01-101.EES,group,Helium balloon buoyancy: lifted load (Cengel 1-101),Buoyancy force on a helium balloon from air/helium densities and balloon radius; lifted mass.,fundamentals,steady,1,low,needs-permission,,textbook problem number = Cengel & Boles 8th ed.; no comments,,
thermo_kuleuven/exercices/01-106.EES,group,Pressure difference of a water/oil column (Cengel 1-106),Pressure difference from two superposed fluid layers (water and oil densities).,fundamentals,steady,1,low,needs-permission,,no comments,,
thermo_kuleuven/exercices/01-82.EES,group,"Nonlinear system of three equations (EES solver example, Cengel 1-82)","Three simultaneous nonlinear equations in x, y, z to illustrate the EES solver.",fundamentals,steady,1,low,needs-permission,,no comments; pure maths,,
thermo_kuleuven/exercices/02-123.EES,group,"Hydroelectric plant: power from flow rate, head and turbine efficiency (Cengel 2-123)","Energy balance of a hydroelectric turbine: flow rate 100, head 120, eta_t = 0.8, rho = 1000.",fundamentals,steady,1,low,needs-permission,,no comments,,
thermo_kuleuven/exercices/02-28.EES,group,Engine shaft torque from power and rotation speed (Cengel 2-28),Torque from 450 hp at 3000 rpm via W = 2 pi N T.,fundamentals,steady,1,low,needs-permission,,no comments,,
thermo_kuleuven/exercices/03-31.EES,group,R134a property evaluation at two states (Cengel 3-31),"Specific volume, quality and pressure of R134a from (T,p) and (T,v).",properties,steady,1,low,needs-permission,,minimal comments,,
thermo_kuleuven/exercices/03-55.EES,group,Piston-cylinder with liquid/vapour water heated at constant pressure (Cengel 3-55),"0.1 m3 liquid + 0.9 m3 vapour at 800 kPa heated until 350 C: initial temperature, total mass, final volume, work.",fundamentals,steady,1,medium,needs-permission,,statement quoted in the comments (textbook text),,
thermo_kuleuven/exercices/04-72.EES,group,"Closed system: air in a piston-cylinder, energy balance and piston work (Cengel 4-72)","Three-state process of 3 kg of air (27 C, 200 kPa): states, mechanical work and heat.",fundamentals,steady,1,low,needs-permission,,,,
thermo_kuleuven/exercices/05-12.EES,group,"Mass flow in a duct: flow rate, velocity and diameter (Cengel 5-12)","Mass flow rate from volumetric flow and density, velocity from cross-section.",fundamentals,steady,1,low,needs-permission,,minimal comments,,
thermo_kuleuven/exercices/05-75.EES,group,Adiabatic mixing of two water streams (Cengel 5-75),Mass and energy balance of two inlet streams (80 C and 20 C at 250 kPa) mixing to 42 C.,fundamentals,steady,1,low,needs-permission,,,,
thermo_kuleuven/exercices/05-91.EES,group,Oil cooler: energy balance of oil and water streams (Cengel 5-91),Energy balance solved by two methods for a heat exchanger cooling oil from 150 C to 40 C with water.,fundamentals,steady,1,low,needs-permission,,,,
thermo_kuleuven/exercices/06-44.EES,group,Heat pump heating a room: power from COP (Cengel 6-44),COP 2.5 heat pump heating 800 kg of air by 12 K in 15 minutes.,refrigeration_heat_pumps,steady,1,low,needs-permission,,no comments,,
thermo_kuleuven/exercices/06-54.EES,group,R134a heat pump condenser: heat rejection and COP (Cengel 6-54),"Open-system energy balance of the condenser alone (800 kPa, 35 C to saturated liquid, 0.018 kg/s) then heat-pump COP.",refrigeration_heat_pumps,steady,1,medium,needs-permission,,,,
thermo_kuleuven/exercices/07-104.EES,group,Steam turbine with isentropic efficiency: power and entropy generation (Cengel 7-104),"3 kg/s steam at 8 MPa, 500 C expanding to 30 kPa; ideal state 2s, real state 2 with 90% efficiency.",expanders_turbines,steady,1,medium,needs-permission,,,,
thermo_kuleuven/exercices/07-29.EES,group,Entropy generation in a R134a condenser exchanging with ambient air (Cengel 7-29),Entropy balance: refrigerant side vs air side at -5 C for 180 kJ of heat.,refrigeration_heat_pumps,steady,1,low,needs-permission,,,,
thermo_kuleuven/exercices/07-34.EES,group,Entropy change of water in an insulated rigid tank (Cengel 7-34),"Saturated mixture at 100 kPa, state change and entropy production.",fundamentals,steady,1,low,needs-permission,,,,
thermo_kuleuven/exercices/07-34_modif.EES,group,Modified entropy exercise: insulated rigid tank with saturated mixture (Cengel 7-34 modified),"Version with problem statement: 2 kg liquid-vapour mixture at 100 kPa, three quarters liquid initially.",fundamentals,steady,1,low,needs-permission,,,,
thermo_kuleuven/exercices/07-41.EES,group,R134a compressor minimum power: isentropic compression (Cengel 7-41),Saturated vapour at 160 kPa compressed to 900 kPa at 2 m3/min: minimum power for reversible adiabatic compression.,compressors,steady,1,medium,needs-permission,,,,
thermo_kuleuven/exercices/07-75.EES,group,Isentropic compression of air: constant cp vs variable-cp functions (Cengel 7-75),Closed-system specific work from isentropic relations with constant k and from EES air functions.,fundamentals,steady,1,low,needs-permission,,,,
thermo_kuleuven/exercices/09-76b.EES,group,"Brayton cycle with 70 MW net power, pressure ratio 12 (Cengel 9-76)","Ideal/real gas turbine cycle: compression, combustion at 1000 K, expansion; kelvin unit-system warning in comments.",power_cycles_gas,steady,1,medium,needs-permission,,"3 versions (9-76, 9-76a, 9-76b)",,
thermo_kuleuven/exercices/10-34.EES,group,Steam power plant with reheat: net power 80 MW (Cengel 10-34),"Rankine cycle with turbine and pump efficiencies (0.8/0.95), 10 MPa / 500 C, reheat to 500 C at 1 MPa; point-by-point calculations.",power_cycles_vapour,steady,1,medium,needs-permission,,simple version; see 10-34b,,
thermo_kuleuven/exercices/10-34b.EES,group,"Steam power plant with reheat, extended version with arrays (Cengel 10-34b)","Extended solution (74 equations, ARRAYS) of the 80 MW reheat Rankine cycle.",power_cycles_vapour,steady,2,medium,needs-permission,,,,
thermo_kuleuven/exercices/11-11d.EES,group,Vapour-compression refrigeration with water-cooled condenser (Cengel 11-11),"R134a cycle (compressor inlet 60 kPa/-34 C, discharge 1.2 MPa/65 C, condenser exit 42 C) with water circuit 18 to 26 C.",refrigeration_heat_pumps,steady,1,medium,needs-permission,,"2 versions (11-11, 11-11d)",,
thermo_kuleuven/exercices/14-112.EES,group,"Cooling tower: water cooled by air, make-up water (Cengel 14-112)","Air in/out conditions, water enthalpies, water mass balance, energy balance on a tower (60 kg/s water 40 to 26 C).",hvac_psychrometrics,steady,1,low,needs-permission,,,,
thermo_kuleuven/exercices/14-75.EES,group,Air conditioning with vapour injection: humid-air mixing (Cengel 14-75),"Humid air at 10 C, 70% RH with steam injection: humidity ratio, enthalpy and outlet conditions per kg of dry air.",hvac_psychrometrics,steady,1,medium,needs-permission,,,,
thermo_kuleuven/exercices/9-37.EES,group,"Otto cycle air-standard analysis, compression ratio 9.5 (Cengel 9-37)",Ideal Otto cycle on air (kelvin unit system) with cp/cv from EES; comments on a common power-of-negative-number error.,power_cycles_gas,steady,1,medium,needs-permission,,,,
thermo_kuleuven/exercices/check_humid_air_enthalpy.EES,group,Check of EES humid-air enthalpy against manual calculation,Compares enthalpy(AirH2O) with h_air + omega * h_vapour at 10 C.,hvac_psychrometrics,steady,1,low,needs-permission,,utility check,,
thermodynamique appliquee/2017-2018/repet3exo1OD.EES,group,"Steam power plant states and component power: pipe diameters and turbine output (exercise 5.51, 2017)","Seven-state steam power plant (6.2 MPa boiler, 25 kg/s, 300 kW pump): turbine power with kinetic energy, pipe diameters between states.",power_cycles_vapour,steady,2,low,unclear,,course repetition 3 (2017-2018 folder); author initials 'OD',,
thermodynamique appliquee/2017-2018/repet3exo2OD.EES,group,"Steam turbine driving a nitrogen compressor (repetition 3 exercise 2, uncommented draft)","Steam turbine (4 MPa, 350 C to x=0.95) powering an N2 compressor and generator; energy balances.",expanders_turbines,steady,1,skip,unclear,,near-duplicate of THD10_R03_E2 (TM-0366); no comments,,
thermodynamique appliquee/2017-2018/THD10_R02/R2_E2_borguet.EES,group,Heating of water in a piston-cylinder with spring: work on the piston (exercise 4.21),Closed-system energy balance of a piston-cylinder arrangement where the piston compresses a spring while water is heated; work is negative from the fluid's viewpoint.,fundamentals,steady,1,medium,unclear,,3 versions (2017 Borguet and two 2022 files); statement from French Cengel edition,,
thermodynamique appliquee/2017-2018/THD10_R02/R2_E3_borguet.EES,group,Electric radiator heating a room over a winter day: energy balances (exercise 4.34),"Energy balances of the radiator (electric work in, heat out) and of the room.",fundamentals,steady,1,low,unclear,,single equation; statement in French,,
thermodynamique appliquee/2017-2018/THD10_R02/R2_E5_borguet.EES,group,Steam turbine power from mass flow and heat loss (example 5.10),1.5 kg/s steam turbine with heat loss: first law for open systems in steady flow to find power.,expanders_turbines,steady,1,medium,unclear,,same exercise appears in 2022 R3_E2,,
thermodynamique appliquee/2017-2018/THD10_R02/R2_E6_borguet.EES,group,Centrifugal air compressor of a gas turbine: power from steady-flow energy balance (example 5.14),Ambient air compressed in a centrifugal compressor; first law for open system with kinetic energy terms.,compressors,steady,1,medium,unclear,,,,
thermodynamique appliquee/2017-2018/THD10_R03/THD10_R03_E2.EES,group,Steam turbine driving a nitrogen compressor (exercise 5.54),Steady-flow energy balances of a steam turbine coupled to a nitrogen compressor; sign convention explained (power counted negative from the steam side).,expanders_turbines,steady,1,medium,unclear,,"2 versions (2017 R3_E2, 2022 R3_E7)",,
thermodynamique appliquee/2017-2018/THD10_R03/THD10_R03_E5.EES,group,Discharge of a 25 L refrigerant-12 tank: total mass leaving and heat supplied (exercise 5.72),Transient (uniform-state) open system: R12 tank until only saturated vapour remains.,fundamentals,steady,1,low,unclear,,statement in French,,
thermodynamique appliquee/2017-2018/THD10_R04/SBe/THD09_R04_Ex01.EES,group,"Claimed performance vs Carnot cycle between the same temperatures (exercise 6.12, SB 2009)",Compares announced performance with the ideal Carnot cycle.,refrigeration_heat_pumps,steady,1,low,unclear,,solution by S. Bertagnolio (THD09),,
thermodynamique appliquee/2017-2018/THD10_R04/SBe/THD09_R04_Ex02.EES,group,"Carnot-equivalent efficiency and COP (exercise 6.19, SB 2009)",Efficiency of the ideal Carnot cycle equivalent to a heat engine driving a refrigerator.,refrigeration_heat_pumps,steady,1,low,unclear,,solution by S. Bertagnolio (THD09),,
thermodynamique appliquee/2017-2018/THD10_R04/SBe/THD09_R04_Ex03.EES,group,"Heat pump heating a house: mechanical power requirement (exercise 6.21, SB 2009)",Carnot-based heat-pump power for a house with finite heat loss in W/K.,buildings,steady,1,low,unclear,,solution by S. Bertagnolio (THD09),,
thermodynamique appliquee/2017-2018/THD10_R04/SBe/THD09_R04_Ex04.EES,group,"1 GW power plant cooled by river water (exercise 6.22, SB 2009)",Condensation pressure fixes condensation temperature; river temperature rise.,power_cycles_vapour,steady,1,low,unclear,,solution by S. Bertagnolio (THD09),,
thermodynamique appliquee/2017-2018/THD10_R04/SBe/THD09_R04_Ex05.EES,group,"Work to produce ice cubes in a refrigerator (exercise 7.58, SB 2009)",Carnot COP for freezing water into ice.,refrigeration_heat_pumps,steady,1,low,unclear,,solution by S. Bertagnolio (THD09),,
thermodynamique appliquee/2017-2018/THD10_R04/SBe/THD09_R04_Ex06.EES,group,"Heat pump electricity saving with lower house temperature (exercise 7.72, SB 2009)",Variation of consumed energy in percent.,refrigeration_heat_pumps,steady,1,low,unclear,,solution by S. Bertagnolio (THD09),,
thermodynamique appliquee/2017-2018/THD10_R04/SBo/THD10_R04_E5.EES,group,Work required to produce ice cubes in a refrigerator (exercise 7.58),"Heat to remove from a water tray to form ice, Carnot refrigerator work.",refrigeration_heat_pumps,steady,1,low,unclear,,solution by S. Borguet (SBo),,
thermodynamique appliquee/2017-2018/THD10_R04/SBo/THD10_R04_E6.EES,group,Heat pump (Carnot) heating a house: electricity saving at 20 C instead of 24 C (exercise 7.72),"Heat pump using the atmosphere as cold source, house loss proportional to temperature difference.",refrigeration_heat_pumps,steady,1,low,unclear,,solution by S. Borguet (SBo),,
thermodynamique appliquee/2022-2023/R1/R1_E1_2022.EES,group,Rigid tank with liquid-vapour water mixture: liquid and vapour masses and volumes (exercise 3.3),"4 kg of water in 1 m3 at given pressure: quality, volume fractions of liquid and vapour. Well documented French solution.",fundamentals,steady,1,wave1,own,,4-file family incl. the 2017 Borguet version and a zipped copy; the 2009 Bertagnolio version is TM-0501,,
thermodynamique appliquee/2022-2023/R1/R1_E2_2022.EES,group,CO2 tank at 35 C and 2 MPa: gas mass and ideal-gas error (exercise 3.9),200 L tank: mass with real-gas EES properties vs ideal-gas model and percentage error.,fundamentals,steady,1,medium,own,,3-file family,,
thermodynamique appliquee/2022-2023/R1/R1_E3_2022.EES,group,Liquid methane tank under heat input: vaporised mass (exercise 3.31),Methane tank at 500 kPa with 0.5 m2 section; mass changing phase; note to use fluid 'methane' not 'CH4'.,fundamentals,steady,1,medium,own,,4-file family,,
thermodynamique appliquee/2022-2023/R1/R1_E4_2022_method_bis.EES,group,"Two tanks connected by a valve with R12: equilibrium state, quality and liquid volume (exercise 3.33)","Two 200 L tanks A and B; initial quality, liquid volume, final equilibrium; two solution methods.",fundamentals,steady,1,high,own,,"5-file family (method_bis, 2017 Borguet versions)",,
thermodynamique appliquee/2022-2023/R10/R10_E01_2022.EES,group,"Hot iron block quenched in insulated water tank: final temperature, entropy generation and exergy destruction","5 kg block at 350 C in 100 kg of water; incompressible substances, constant specific heats; exergy destruction.",fundamentals,steady,1,high,own,,R10 exergy session,,
thermodynamique appliquee/2022-2023/R10/R10_E02_2022.EES,group,"Steam turbine exergy balance: exergy destruction (3 MPa, 450 C, 8 kg/s)",Steady-flow exergy balance of a turbine with sign conventions explained; adiabatic reversible vs isentropic note.,fundamentals,steady,1,wave1,own,,R10 exergy session; 2 versions,,
thermodynamique appliquee/2022-2023/R10/R10_E03_2022.EES,group,Maximum work from two 30 kg air tanks at 900 K and 300 K,Extended system including heat engine and both tanks; maximum work and final temperatures (reversible).,fundamentals,steady,1,high,own,,R10 exergy session,,
thermodynamique appliquee/2022-2023/R10/R10_E04_2022.EES,group,Mixing chamber of water and steam: exergy destruction,"2.27 kg/s water at 138 kPa, 10 C mixed with steam; mass, energy and exergy balances.",fundamentals,steady,1,medium,own,,R10 exergy session,,
thermodynamique appliquee/2022-2023/R10/R10_E05_2022.EES,group,Rigid 200 m3 tank pressurised by a compressor: reversible work from exergy balance,"Tank initially at 100 kPa/300 K filled through a compressor: exergy balance of the tank + compressor system, reversible (maximum/minimum) work.",fundamentals,steady,1,medium,own,,R10 exergy session,,
thermodynamique appliquee/2022-2023/R11/R11_E01_2022.EES,group,"Combustion of octane with 400% theoretical air: product composition, heat transfer and adiabatic flame temperature","Octane at 25 C burnt with 400% theoretical air in steady flow: adiabatic flame temperature, fuel-air ratio and stoichiometric ratio from formation enthalpies; effect of excess air studied with a parametric table.",combustion_boilers,steady,1,wave1,own,,2017 and 2022 versions; R11 combustion session,,
thermodynamique appliquee/2022-2023/R11/R11_E03_2022.EES,group,Diesel engine excess air and useful power from exhaust gas analysis,"Air excess and engine useful power from exhaust composition (CO2, CO, O2) and fuel flow, with CHn fuel parameter fitted from analysis; same code reused from the gasoline exercise.",combustion_boilers,steady,2,high,own,,2 versions (R11_E02/E03),,
thermodynamique appliquee/2022-2023/R12/R12 - Révisions.EES,group,"Revision question: condensate ratio and dry-air flow at a 7 kW cooling evaporator, two energy-balance methods on humid air","Ratio of condensed water to dry air entering evaporator EV1, dry-air flow with and without the condensate enthalpy contribution (AirH2O, steam, R113 cycle states).",hvac_psychrometrics,steady,2,high,own,,statement in an accompanying Word file (not in the collection); R12 revision session,,
thermodynamique appliquee/2022-2023/R2/R2_E1_2022.EES,group,Rigid closed vessel (50 L) with water at 120 C: final state and heat removed,Closed rigid system so no work; first law gives Q = U2 - U1 = m (u2 - u1).,fundamentals,steady,1,medium,own,,"3 versions (2017 R2_E4 Borguet, 2022 R2_E1 and save copy)",,
thermodynamique appliquee/2022-2023/R2/R2_E3_2022.EES,group,Non-ideal gas v(P+k/v^2)=RT: unit of k and isothermal expansion work using EES integral,"Gas with a van der Waals-like equation: dimensional analysis of k (kPa), molar volumes and work computed with INTEGRAL() for P(v).",properties,steady,1,wave1,own,,uses INTEGRAL() for a non-time integral (steady); R2 session,,
thermodynamique appliquee/2022-2023/R2/R2_E4_2022.EES,group,"Vertical piston-cylinder with stops containing air: temperature at stops, cooling, work","Air heated until the piston reaches the stops, then cooled; temperature, work and heat.",fundamentals,steady,1,medium,own,,3 versions (2017 R1_E5 and 2022 files),,
thermodynamique appliquee/2022-2023/R2/R2_E5_2022.EES,group,Helium bottle pushing liquid oxygen at constant pressure in a rocket: work and tank volume,"Work done by helium, volume of the LOX tank, helium at constant pressure pushing LOX towards the pump.",fundamentals,steady,1,medium,own,,3 versions,,
thermodynamique appliquee/2022-2023/R3/R3_E10_2022_diffuseur.EES,group,"Aircraft engine diffuser: exit velocity and temperature (air at 108 C, 80 kPa)","Adiabatic diffuser with exit at atmospheric pressure: energy balance with velocity change, mass flow.",valves_nozzles_piping,steady,1,medium,own,,2022 R3 exercise 10,,
thermodynamique appliquee/2022-2023/R3/R3_E11_2022_échangeur.EES,group,R134a condenser dissipating heat into a water circuit: mass flows and heat transfer,"Counter-flow exchanger energy balance between R134a and water, negative signs for heat lost by refrigerant.",heat_exchangers,steady,1,medium,own,,2022 R3 exercise 11,,
thermodynamique appliquee/2022-2023/R3/R3_E1_2022.EES,group,Steam nozzle at 17 bar and 370 C: exit state and velocity,"Steady-flow nozzle with given section: temperature, inlet velocity, mass flow and kinetic energy.",valves_nozzles_piping,steady,1,medium,own,,2022 R3 exercise 1,,
thermodynamique appliquee/2022-2023/R3/R3_E3_2022.EES,group,"Domestic hot-water storage tank (500 L): dynamic energy balance with tap draw, losses and heater","Time integration with INTEGRAL and IntegralTable (tau, dU/dtau, Q_tap, Q_amb, Q_res, M_in, T_tank): temperature evolution of a 500 L tank initially at 60 C.",storage,dynamic,1,wave1,own,,dynamic model in EES time integration; course MECA0002-1 header; 2022 R3 exercise 3,,
thermodynamique appliquee/2022-2023/R3/R3_E4_2022_mélange.EES,group,"Adiabatic mixing of hot water (80 C, 0.5 kg/s) in a T-junction",Mass conservation and energy balance of a water mixing junction at atmospheric exit pressure.,fundamentals,steady,1,low,own,,2022 R3 exercise 4,,
thermodynamique appliquee/2022-2023/R3/R3_E5_2022.EES,group,"Centrifugal air compressor of a gas turbine: power with kinetic energy (example 5.14, 2022)",First law for open systems in steady flow with velocity terms for a gas-turbine compressor.,compressors,steady,1,medium,own,,2 versions (R3_E5 and old copy),,
thermodynamique appliquee/2022-2023/R3/R3_E6_2022.EES,group,"Elementary steam power plant: pump, boiler, turbine, condenser component balances (exercise 6)",Component-by-component steady-flow analysis of a basic Rankine plant with tabulated data; ARRAYS for states.,power_cycles_vapour,steady,2,high,own,,2 versions (2017 THD10_R03_E1 and 2022 R3_E6),,
thermodynamique appliquee/2022-2023/R3/R3_E8_2022.EES,group,Geothermal hot water driving a steam turbine (1000 kW): steam flow and power,Steam mass flow needed for 1000 kW turbine output from a geothermal hot-water source.,expanders_turbines,steady,1,medium,own,,2 versions,,
thermodynamique appliquee/2022-2023/R3/R3_E9_2022.EES,group,"Freon-12 refrigeration cycle: heat lost by compressor, condenser and gained in evaporator (exercise 5.60)","R12 cycle states (1250 kPa, 120 C ...): compressor heat loss, condenser heat rejection, evaporator heat gain.",refrigeration_heat_pumps,steady,2,medium,own,,"the 2022 file is stored as UTF-16 text (BOM), unlike all others",,
thermodynamique appliquee/2022-2023/R4/old/Exercice 7-5.EES,group,Isentropic compression of liquid water by integrating v dP (old exercise 7-5),Work of a pump/compressor on saturated liquid computed via INTEGRAL with an IntegralTable over pressure.,compressors,steady,1,low,own,,"in an 'old' folder; steady, integral over pressure",,
thermodynamique appliquee/2022-2023/R4/R04_E1_2022.EES,group,1 GW power plant: steam cycle and cooling river (exercise 1),"Plant states from condensation pressure and river cross-section, flow velocity and temperature rise.",power_cycles_vapour,steady,1,medium,own,,2022 R4 exercise 1 (same as 2017 exercise 6.22),,
thermodynamique appliquee/2022-2023/R4/R04_E2_2022.EES,group,Two-stage compression of superheated steam: optimal intermediate pressure and isothermal vs isentropic work,"Bi-stage isentropic compressor, compares with isothermal compression using INTEGRAL(v dP); statement cites Cengel and Boles 8th ed. rule for minimum work.",compressors,steady,1,wave1,own,,uses INTEGRAL() for work (steady),,
thermodynamique appliquee/2022-2023/R4/R04_E3_2022.EES,group,R134a turbine with 78% isentropic efficiency generating 5 kW,Turbine mass flow and outlet state; remarks on fluid state in compressors.,expanders_turbines,steady,1,medium,own,,,,
thermodynamique appliquee/2022-2023/R4/R04_E4_2022.EES,group,Inventor's claim for a refrigeration unit: check against the Carnot cycle,COP of an ideal Carnot refrigerator compared to the claimed value.,refrigeration_heat_pumps,steady,1,medium,own,,2 versions,,
thermodynamique appliquee/2022-2023/R4/R04_E5_2022.EES,group,Refrigeration at -30 C driven by a heat engine from a reservoir (exercise 5),Combined Carnot engine and Carnot refrigerator (temperatures converted to K): heat flows and cycle efficiency.,refrigeration_heat_pumps,steady,1,medium,own,,2017 equivalent: THD10_R04_E2 (exercise 6.19),,
thermodynamique appliquee/2022-2023/R4/R04_E6_2022.EES,group,Heat pump heating a house in winter and cooling it in summer: Carnot COP and consumption,"Winter heating and summer cooling with house/outside temperatures in K, electricity consumption.",buildings,steady,1,medium,own,,2 versions,,
thermodynamique appliquee/2022-2023/R4/R04_E7_2022.EES,group,Rigid tank split into two equal compartments of water: final equilibrium state,Two sealed compartments of equal volume holding water in different states; state after equilibration.,fundamentals,steady,1,medium,own,,,,
thermodynamique appliquee/2022-2023/R4bis/R05_E03_2022.EES,group,"Ideal Stirling cycle with regenerator: work, heat and efficiency (R5 Ex5, 2022 R4bis)",Isothermal compression/expansion and isochoric heat exchange with ideal regenerator; volumetric compression ratio.,fundamentals,steady,2,medium,own,,in 'R4bis' folder (EES 8.423); related to TM-0431,,
thermodynamique appliquee/2022-2023/R5/R05_E01_2022.EES,group,"Air-standard Otto cycle: pressures, temperatures, net work, efficiency and engine power","Otto cycle (compression ratio 8, 800 kJ/kg heat input, 100 kPa/17 C): maximum p and T, net work, thermal efficiency, work and power of a 1.6 L 4-cylinder engine at 4000 rpm; cp/cv at mean temperature (recursive, solved by EES).",engines,steady,2,wave1,own,,"4-file family: also the Diesel-cycle sister exercise R05_E02 (compression ratio 18, cut-off ratio 2, 1.9 L) and save copies",,
thermodynamique appliquee/2022-2023/R5/R05_E03_2022.EES,group,Ideal Stirling cycle with regenerator: work from EES integral and parametric study,Stirling cycle on air property functions; compression/expansion work computed with INTEGRAL() and compared with the analytic isothermal work.,power_cycles_gas,steady,2,high,own,,uses INTEGRAL() for work (steady),,
thermodynamique appliquee/2022-2023/R6/autres exo/THD10_R07_E4.EES,group,Gas turbine with reheat: second combustion chamber between two turbine stages (exercise 4),Ideal-gas air cycle with compressor/turbine efficiencies and a second combustor (efficiency 0.98); maximises LP turbine power by splitting expansion.,power_cycles_gas,steady,2,high,unclear,,4-file family THD10_R07_E1-E4 (2010 course exercises moved into R6 'autres exo'),,
thermodynamique appliquee/2022-2023/R6/autres exo/THD10_R07_E5.EES,group,Turbojet engine cycle with component efficiencies (exercise 5),"Station-by-station jet engine calculation from inlet 1 to nozzle 6 with polytropic/isentropic efficiencies, kerosene lower heating value, Cp and gamma per side.",power_cycles_gas,steady,1,medium,unclear,,2010 course exercise (Borguet/Bertagnolio),,
thermodynamique appliquee/2022-2023/R6/autres exo/THD10_R07_E6.EES,group,Turbojet with afterburner: influence of afterburner temperature on thrust (exercise 6),Adds a post-combustion section behind the turbine; parametric table of T_pc on specific thrust and consumption.,power_cycles_gas,steady,2,medium,unclear,,2010 course exercise,,
thermodynamique appliquee/2022-2023/R6/R06_E03_2022.EES,group,Land-based two-shaft gas turbine: LP-turbine shaft power and overall efficiency,"Gas turbine with several compressors and HP/LP turbines (isentropic, combustion, mechanical and alternator efficiencies), ideal-gas air; variants with regenerator effectiveness in a parametric table.",power_cycles_gas,steady,2,wave1,own,,4-file family (R06_E01-E03 and a parametric-table variant); maximises LP-turbine power by splitting the expansion,,
thermodynamique appliquee/2022-2023/R6/R06_E04_2022.EES,group,"Ideal turbojet at 260 m/s: diffuser, compressor, combustor, turbine, nozzle","Ideal turbojet at 260 m/s, 35 kPa and -40 C, compression ratio 10, turbine inlet 1100 C, 45 kg/s: ideal diffuser, isentropic compressor, isobaric combustor, turbine; turbine exit T and p, nozzle exhaust velocity and propulsion efficiency.",power_cycles_gas,steady,1,wave1,own,,R6 E04,,
thermodynamique appliquee/2022-2023/R7/R07_E01_2022.EES,group,"Rankine cycle of a 60 MW steam plant (70 bar, 500 C): flows, efficiency and condenser cooling water",Simple Rankine cycle with condenser at given pressure and cooling water; ARRAYS for states. Highly documented.,power_cycles_vapour,steady,2,wave1,own,,3-file family (2017 THD10_R06_E1 and zipped copy),,
thermodynamique appliquee/2022-2023/R7/R07_E02_2022.EES,group,Rankine cycle with steam extraction at 14 bar to an open feedwater heater (deaerator),"Extraction to a mixing heater/deaerator with saturated outlet, turbine stage efficiencies 0.83, boiler losses; code reused with a parametric table on condenser and extraction pressures for later exercises.",power_cycles_vapour,steady,2,wave1,own,,"5-file family (R07_E02, E03E04, 2017 THD10_R06_E2/E34 and zipped copy)",,
thermodynamique appliquee/2022-2023/R7/R07_E05_2022.EES,group,Combined gas-steam cycle: Brayton topping cycle with heat-recovery Rankine bottoming,"Brayton cycle (pressure ratio 8, 300 K to 1300 K, compressor/turbine efficiencies 80%/85%) heating a Rankine cycle (7 MPa, 5 kPa, steam to 500 C, exhaust gas leaving at 450 K): steam-to-gas flow ratio and combined-cycle thermal efficiency.",power_cycles_gas,steady,2,wave1,own,,R7 E05,,
thermodynamique appliquee/2022-2023/R8/old/THD10_R9_E3.EES,group,"Air refrigeration cycle (reverse Brayton): COP with intercooling (exercise 3, 2010)",Two-stage compression air cycle cooling air to a low temperature: station-by-station calculation and COP.,refrigeration_heat_pumps,steady,2,medium,unclear,,in an 'old' folder; 2017 THD10_R9_E3,,
thermodynamique appliquee/2022-2023/R8/R08_E01_2022.EES,group,R134a vapour-compression refrigeration cycle with subcooling and superheating: COP and mass flow,"Machine between given evaporation and condensation temperatures with subcooling at the condenser exit; ARRAYS of states, isentropic efficiency.",refrigeration_heat_pumps,steady,1,wave1,own,,"3-file family (2017 THD10_R9_E1, 2022 R08_E01 and zipped copy)",,
thermodynamique appliquee/2022-2023/R8/R08_E02_2022.EES,group,"R410A heat pump: refrigerant flow, overall COP, evaporator air flow and isentropic efficiency","Air-source heat pump with R410A and water condenser (underfloor heating) with evaporator pressure drop: refrigerant flow, overall COP, evaporator air flow for 15 K air cooling, compressor isentropic efficiency.",refrigeration_heat_pumps,steady,2,wave1,own,,2 versions,,
thermodynamique appliquee/2022-2023/R8/R08_E03_2022.EES,group,Domestic refrigerator-freezer (R134a) cycle described in six steps: sizing,"Fridge-freezer cycle from the schematic (compression, condensation, expansion ...) with component sizing; ARRAYS of states.",refrigeration_heat_pumps,steady,2,high,own,,2 copies,,
thermodynamique appliquee/2022-2023/R9/R09_E01_2022.EES,group,"Moist air in a 5 m x 5 m x 3 m room: humidity ratio, dew point and water mass","Psychrometric properties of room air at 25 C with 75% saturation degree; compares AirH2O, Air_ha and Water functions.",hvac_psychrometrics,steady,1,wave1,own,,"3-file family (2017 THD10_R10_E1, 2022 R09_E01 and zipped copy)",,
thermodynamique appliquee/2022-2023/R9/R09_E02_2022.EES,group,Mixing of extracted room air with outdoor air and conditioning process (psychrometric chart exercise),"Adiabatic mixing, heating/humidification/cooling coil steps with sensible and latent loads.",hvac_psychrometrics,steady,1,high,own,,2 versions,,
thermodynamique appliquee/2022-2023/R9/R09_E03_2022.EES,group,Mixing of room and outdoor air with condensation in the mixer,Same as previous exercise but the mixture falls below saturation so water condenses; liquid water balance.,hvac_psychrometrics,steady,1,high,own,,R9 E03,,
thermodynamique appliquee/2022-2023/R9/R09_E04_2022.EES,group,"Cooling tower for condenser water: required air flow, evaporation and make-up",Water cooled from the power plant condenser by ambient air in a tower: energy balance with humid air and evaporated water.,hvac_psychrometrics,steady,1,high,own,,R9 E04 (2017 equivalent THD10_R10_E4),,
thermodynamique appliquee/2022-2023/R9/R09_E05_2022.EES,group,Adiabatic saturation and wet-bulb temperature: humidity from dry and wet bulb readings,From dry-bulb 25 C and wet-bulb temperature at 1 atm: adiabatic-saturation formula derived from mass and energy balances.,hvac_psychrometrics,steady,1,high,own,,R9 E05,,
thermodynamique appliquee/Aout 2022/Q10_rend_is_cp.EES,group,Aug 2022 exam Q10: compressor isentropic efficiency of the heat pump (R113),Isentropic efficiency of the compressor from evaporator exit (suction) state.,refrigeration_heat_pumps,steady,1,medium,own,,"exam question (August 2022 resit), publishable as an example; Q1-Q10 describe one combined ORC/heat-pump system: merge them into ONE example model (check first that it is not a variant of an exercise); exam solution file (August 2022 resit); the ORC + heat pump case uses R113",,
thermodynamique appliquee/Aout 2022/Q1_rendement_II_principe.EES,group,Aug 2022 exam Q1: second-law efficiency of the heat pump (R113),Rendement selon le second principe vs ideal Carnot-type cycle.,refrigeration_heat_pumps,steady,1,medium,own,,"exam question (August 2022 resit), publishable as an example; Q1-Q10 describe one combined ORC/heat-pump system: merge them into ONE example model (check first that it is not a variant of an exercise); exam solution file (August 2022 resit)",,
thermodynamique appliquee/Aout 2022/Q2_temp_sortie_turb.EES,group,Aug 2022 exam Q2: ORC turbine outlet temperature (89% isentropic efficiency),Turbine at 150 kPa/65 C inlet and given enthalpy drop; outlet temperature in C.,expanders_turbines,steady,1,medium,own,,"exam question (August 2022 resit), publishable as an example; Q1-Q10 describe one combined ORC/heat-pump system: merge them into ONE example model (check first that it is not a variant of an exercise); exam solution file; saved with a third-party EES licence stamp (#434)",,
thermodynamique appliquee/Aout 2022/Q3_debit_eau_glyc.EES,group,Aug 2022 exam Q3: glycol-water flow rate in the heat pump condenser (83% effectiveness),Heat balance of the HP condenser into a glycol-water storage loop.,refrigeration_heat_pumps,steady,1,medium,own,,"exam question (August 2022 resit), publishable as an example; Q1-Q10 describe one combined ORC/heat-pump system: merge them into ONE example model (check first that it is not a variant of an exercise); exam solution file",,
thermodynamique appliquee/Aout 2022/Q4_COP_total.EES,group,Aug 2022 exam Q4: total COP of the combined ORC/heat-pump system (R113),Useful-to-costly effect ratio with ORC condenser heat recovery and critique of the indicator (COP 23.8).,refrigeration_heat_pumps,steady,1,medium,own,,"exam question (August 2022 resit), publishable as an example; Q1-Q10 describe one combined ORC/heat-pump system: merge them into ONE example model (check first that it is not a variant of an exercise); exam solution file; saved with a third-party EES licence stamp (#434)",,
thermodynamique appliquee/Aout 2022/Q5_power_to_power_ratio.EES,group,Aug 2022 exam Q5: power-to-power ratio of the ORC,Turbine with 89% isentropic efficiency and fluid property variation: ratio of turbine output to pump input.,power_cycles_vapour,steady,1,medium,own,,"exam question (August 2022 resit), publishable as an example; Q1-Q10 describe one combined ORC/heat-pump system: merge them into ONE example model (check first that it is not a variant of an exercise); exam solution file",,
thermodynamique appliquee/Aout 2022/Q6_pertes_th.EES,group,Aug 2022 exam Q6: thermal losses of a heat pump with humid outdoor air (R113),"Outdoor air at 15 C, 70% RH: condensing fraction of vapour, dry-air enthalpy change.",refrigeration_heat_pumps,steady,1,medium,own,,"exam question (August 2022 resit), publishable as an example; Q1-Q10 describe one combined ORC/heat-pump system: merge them into ONE example model (check first that it is not a variant of an exercise); exam solution file",,
thermodynamique appliquee/Aout 2022/Q7_cp_rel.EES,group,Aug 2022 exam Q7: relative variation of specific heat cp,Relative change of cp between two states of the working fluid.,power_cycles_vapour,steady,1,medium,own,,"exam question (August 2022 resit), publishable as an example; Q1-Q10 describe one combined ORC/heat-pump system: merge them into ONE example model (check first that it is not a variant of an exercise); exam solution file",,
thermodynamique appliquee/Aout 2022/Q8_exergie.EES,group,Aug 2022 exam Q8: exergy variations in heat-pump components,"Exergy changes and destruction in compressor, condenser, expansion valve, evaporator.",fundamentals,steady,1,medium,own,,"exam question (August 2022 resit), publishable as an example; Q1-Q10 describe one combined ORC/heat-pump system: merge them into ONE example model (check first that it is not a variant of an exercise); exam solution file",,
thermodynamique appliquee/Aout 2022/Q9_ratio_sensible.EES,group,Aug 2022 exam Q9: sensible heat ratio at the ORC evaporator,Ratio between sensible thermal energy recovered and total heat at the ORC evaporator.,power_cycles_vapour,steady,1,medium,own,,"exam question (August 2022 resit), publishable as an example; Q1-Q10 describe one combined ORC/heat-pump system: merge them into ONE example model (check first that it is not a variant of an exercise); exam solution file",,
machines et systemes thermiques/MSTh - Repetitions/TP 11/VL051205_11.zip!/VL051205_11-3.EES,group,"LiBr-H2O absorption chiller: solution flow and COP (MSTh R11 Ex1-3, VL)","Absorption cycle with water refrigerant and lithium bromide absorbent: evaporator, isenthalpic expansion, generator, solution flow from absorber to regenerator, COP.",absorption_sorption,steady,1,medium,unclear,,exercise family VL051205_11 (zipped; 3 files); author V. Lemort,,
Model data bank/AHU_Components/Cooling_Coil/COOLINGCOIL_PARAMID_REFERENCE_MODEL_VL080321.zip!/COOLINGCOIL_PARAMID_REFERENCE_EES_MODEL_VL080321.EES,group,Cooling coil parameter-identification model (PARAMID reference),"Identifies the cooling-coil model parameters from one measured wet-regime point: one-zone counterflow exchanger, AU from air-side convective, metal conduction and refrigerant-side resistances, fictitious perfect gas based on wet-bulb temperature (Lebrun et al. 1990), ASHRAE semi-isothermal fictitious exchanger.",hvac_psychrometrics,steady,2,high,unclear,,"model bank 2008-01-16 (authors V. Lemort, J. Lebrun); companion of TM-0471",,
Model data bank/AHU_Components/Cooling_Coil/COOLINGCOIL_REFSIM_MODEL_VL080318.zip!/CoolingCoil_RefSim_EES_Model_VL080318.EES,group,"Cooling coil reference simulation model (RefSim): dry and wet regimes, one zone","Reference model of a cooling/dehumidifying coil based on Merkel-type theory with Braun hypothesis; outputs, inputs and parameters panel; wet-bulb fictitious gas.",hvac_psychrometrics,steady,2,wave1,unclear,,"model bank 2008-01-16 (authors V. Lemort, J. Lebrun)",,
Model data bank/AHU_Components/Cooling_Coil/COOLINGCOILWithControl_SIMPLIFIED_MODEL_VL080318.zip!/CoolingCoilWithControl_Simplified_EES_Model_VL080318.EES,group,Cooling coil with control: simplified model (exit-air temperature controlled by contact temperature),Simplified coil model that ignores the refrigerant side by assuming the exit air temperature is controlled through the contact temperature.,hvac_psychrometrics,steady,1,high,unclear,,"model bank 2008-01-16 (authors V. Lemort, J. Lebrun)",,
Model data bank/AHU_Components/Heating_Coil/HeatingCoil_REFSIM_MODEL_SB080317.zip!/HEATINGCOIL_REFSIM_EES_MODEL_SB080317.EES,group,Heating coil reference simulation model (RefSim),"Reference model of an air heating coil with water (epsilon-NTU), humid-air properties.",hvac_psychrometrics,steady,1,high,unclear,,model bank 2008-03-17; author S. Bertagnolio,,
Model data bank/AHU_Components/Humidifiers/Adiabatic_Humidifier_RefSim_Model_NFJL080103.zip!/Adiabatic_Humidifier_SimRef_EES_Model_NFJL080103.EES,group,Adiabatic humidifier simplified model (humidification effectiveness),"Simplified model for adiabatic humidification: AU_hum, effectiveness, exit air temperature and humidity, evaporated water; control-panel inputs/outputs.",hvac_psychrometrics,steady,1,wave1,unclear,,model bank 2008-01-03; author J. Lebrun; listed as IEA A43 PR2 A10 reference model,,
Model data bank/AHU_Components/Recovery_Systems/GLYCOLRECOVERYLOOP_REFSIM_EES_MODEL_SB080116.zip!/UserLib/BrineProp/Brine1.lkt,group,Lookup table: brine (glycol) property data 1,Binary EES lookup table with secondary-refrigerant property data used by the Brineprop library.,properties,unknown,1,low,unclear,,zipped in UserLib/BrineProp; EES 4.631 format,,
Model data bank/AHU_Components/Recovery_Systems/GLYCOLRECOVERYLOOP_REFSIM_EES_MODEL_SB080116.zip!/UserLib/BrineProp/Brine2.lkt,group,Lookup table: brine (glycol) property data 2,Binary EES lookup table with secondary-refrigerant property data used by the Brineprop library.,properties,unknown,1,low,unclear,,zipped in UserLib/BrineProp; EES 4.631 format,,
Model data bank/AHU_Components/Recovery_Systems/GLYCOLRECOVERYLOOP_REFSIM_EES_MODEL_SB080116.zip!/UserLib/BrineProp/Brineprop.lib,group,"BrineProp library: thermophysical properties of secondary refrigerants (glycols, brines) vs temperature and concentration","EES library procedures (Brineprop, Brineprop2) returning density, specific heat, conductivity, dynamic viscosity and freezing point of aqueous secondary refrigerants (ethylene glycol EG, propylene glycol PG, ethanol EA, methanol MA, glycerol GL, ammonia NH3, K2CO3, CaCl2) via coefficient lookups; used by several model-bank models.",properties,function,2,high,unclear,,"2-file family (Brineprop.lib, Brineprop2.LIB); companion tables Brine1/Brine2.lkt; incompressible-brine properties could map to CoolProp incompressible fluids",,
Model data bank/Compressors/SCROLLCOMPRESSOR_REFSIM_MODEL_VL080228.zip!/scrollCompressor_RefSim_EES_Model_VL080228.EES,group,"Scroll compressor reference model (Winandy et al.): heating-up, internal leakage, internal compression ratio, electromechanical losses",Hermetic scroll compressor with few physically meaningful parameters identified from Copeland catalogue data (ZR72KC-TFD); nomenclature table; companion of TM-0482 (discharge valve).,compressors,steady,2,wave1,unclear,,author V. Lemort (2008-02-29),,
Model data bank/Compressors/SCROLLCOMPRESSORWITHREEDVALVE_REFSIM_MODEL_VL080229.zip!/scrollCompressorWithReedValve_RefSim_EES_Model_VL080229.EES,file,Scroll compressor with discharge (reed) valve reference model,Extends the Winandy scroll model with a discharge valve and clearance volume; parameters from Copeland ZH15K4E-TFD catalogue; R407C.,compressors,steady,3,high,unclear,,author V. Lemort (2008-02-19); member of the scroll-compressor group with TM-0481,,
Model data bank/Distribution_Systems/Ducts/Return_Duct_Simplified_Model_JL080317.zip!/Return_Duct_Simplified_EES_Model_JL080317.EES,group,Return duct simplified model (curve-fit pressure drop and heat gain),"Simplified air duct model obtained from a parametric study of the reference duct model: curve-fit pressure drop law vs flow rate and temperature rise, condensation excluded.",valves_nozzles_piping,steady,1,medium,unclear,,author J. Lebrun (JL080317); IEA A43 PR2 A12 context,,
Model data bank/Distribution_Systems/Ducts/Return_Duct_Simplified_ParamID_Model_JL080317.zip!/Return_Duct_ParamID_EES_Model_JL080317.EES,group,Return duct parameter-identification model (parametric study and curve fits),Reference duct model used to generate the parametric study from which the simplified model coefficients (e.g. DELTAp ~ M^1.89) are fitted; humid-air properties.,valves_nozzles_piping,steady,2,medium,unclear,,author J. Lebrun (JL080317),,
Model data bank/Distribution_Systems/Fans/CENTRIFUGAL_FAN_PARAMID_REFERENCE_MODEL_ARJL080121.zip!/Centrifugal_Fan_ParamID_Reference_EES_Model_ARJL080121.EES,group,Centrifugal fan parameter-identification model (ParamID reference),"Identification of the dimensionless fan model (flow factor, pressure factor, power factor) from catalogue/measured points; humid-air properties.",pumps_fans,steady,2,high,unclear,,"model bank 2008-03-18; authors V. Teodorese, A. Rodriguez (reviewed by J. Lebrun); companion of TM-0251",,
Model data bank/Distribution_Systems/Pumps/Centrifugal_Brine_Pump_Reference_ParamID_Model_VTJLVL080219.zip!/Centrifugal_Brine_Pump_ParamID_EES_Model_VTJLVL080219.EES,group,Centrifugal brine pump and network parameter-identification model,Identifies pump polynomial/dimensionless curves and hydraulic network parameters from measurements.,pumps_fans,steady,2,medium,unclear,,"model bank 2008-02-18; author V. Lemort (file tag VTJLVL: V. Teodorese, J. Lebrun)",,
Model data bank/Distribution_Systems/Pumps/Centrifugal_Brine_Pump_Refsim_Model_VTJLVL080219.zip!/Centrifugal_Brine_Pump_RefSim_EES_Model_VTJLVL080219.EES,group,Centrifugal brine pump simulation model (RefSim),Reference simulation model of a centrifugal pump on a hydraulic network (pump + network characteristic).,pumps_fans,steady,1,wave1,unclear,,model bank 2008-02-18; author V. Lemort,,
Model data bank/Heat_and_Cool_Production_Systems/Cool_Production_by_vapor_Compression/AirCooledChiller_RefSim_Model_VTJL080104.zip!/AirCooledChiller_RefSim_EES_Model_VTJL080104.EES,group,"Air-cooled water chiller reference model: rotary compressors in cascade, condenser fan control","Air-water chiller with one or several compressors in cascade, condenser fan controlling an almost constant condensing temperature; 7 outputs, 8 inputs and 21 parameters; humid-air properties.",refrigeration_heat_pumps,steady,2,wave1,unclear,,"model bank 2008-01-04; authors V. Teodorese, J. Lebrun; IEA A43 PR2 A15 reference model",,
Model data bank/Heat_and_Cool_Production_Systems/Cooling_Towers/CoolingTower_RefSim_model_CASJL080104.zip!/CoolingTower_RefSim_EES_model_CASJL080104.EES,group,Direct-contact cooling tower reference model,"Cooling tower based on the wet-coil theory: air-side pressure drop depends on water flow, over-pressure depends on fan speed, heat transfer coefficient depends on air and water flows; 6 outputs, 6 inputs, 10 parameters.",hvac_psychrometrics,steady,2,wave1,unclear,,"model bank 2008-01-04; authors C. Da Silva, J. Lebrun; IEA A43 PR2 A16 reference model",,
Model data bank/Heat_and_Cool_Production_Systems/Ground_Heat_Exchangers/VerticalGHES_EXE_Model_SB080213.zip!/VerticalGHES_RefSim_EES_Model_SB080213.EES,group,Vertical ground-loop heat exchanger (borefield) model with heat pump: g-function superposition over years,"Time-dependent borefield simulation with cylindrical heat source G-function (Cooper 1976), superposition of day/week/month/rest load histories (INTEGRALVALUE), Nusselt correlations (Sieder-Tate, Gnielinski, Dittus-Boelter) in PROCEDUREs and FUNCTIONs, IntegralTable output.",solar_renewables,dynamic,3,wave1,unclear,,model bank 2008-02-12 (author S. Bertagnolio); dynamic multi-year simulation; 50 equations + 138 procedure lines,,
Model data bank/Heat_and_Cool_Production_Systems/Heat_Production_by_Combustion/BoilerWithModulatingBurner_RefSim_Model_SB080212.zip!/BoilerWithModulatingBurner_RefSim_EES_Model_SB080212.EES,group,Boiler with modulating burner: steady-state combustion and heat-exchange reference model,"Steady-state boiler model for modulating regime: combustion reference model (complete/incomplete), gas-water exchanger, water-environment exchanger, efficiency; MODULEs and PROCEDUREs.",combustion_boilers,steady,3,high,unclear,,model bank 2008-02-12; author S. Bertagnolio; needs cpbar (TM-0253),,
Model data bank/Heat_and_Cool_Production_Systems/Heat_Production_by_Combustion/CLASSICAL_ONOFF_BOILER_SIMULATION_REFERENCE_MODEL_SBJL080212.zip!/CLASSICAL_ONOFF_BOILER_SIMULATION_REFERENCE_EES_MODEL_SBJL080212.EES,group,Classical fuel-oil heating boiler with ON/OFF control: simulation reference model,"Fuel-oil boiler steady model with burner on/off control, combustion products via cpbar, results written by a procedure; lookup data.",combustion_boilers,steady,2,wave1,unclear,,"model bank 2008-01-10; authors J. Lebrun, S. Bertagnolio; needs cpbar (TM-0253)",,
Model data bank/Heat_and_Cool_Production_Systems/Heat_Production_by_Combustion/CLASSICALBOILER_PARAM_IDENTIFICATION_MODEL_SBJL080212.zip!/BOILER_PARAM_IDENTIFICATION_EES_MODEL_SBJL080212.EES,group,Classical fuel-oil boiler parameter-identification model from nominal point,Identification of boiler model parameters from nominal-point data (reference model).,combustion_boilers,steady,2,medium,unclear,,"model bank 2008-01-10; authors J. Lebrun, S. Bertagnolio",,
Model data bank/Heat_and_Cool_Production_Systems/Heat_Production_by_Combustion/CondensingBoiler_RefSim_Model_VLAR080109.zip!/CondensingBoiler_RefSim_EES_Model_VLAR080109.EES,group,"Condensing boiler reference model: five-step combustion, dry and wet gas-water exchangers","Adiabatic combustion chamber with five fictitious processes (air and fuel to 25 C, stoichiometric combustion, CO2-CO dissociation for air default, heating of products) followed by counter-flow dry gas-water exchanger (epsilon-NTU), wet gas-water exchanger and water-environment exchanger; FUNCTIONs, PROCEDUREs and a SUBPROGRAM; extensively documented (2158 comment words).",combustion_boilers,steady,3,wave1,unclear,,"model bank 2008-01-09; authors V. Lemort, A. Rodriguez; $INCLUDE of external library lines in the file",,
Model data bank/Heat_and_Cool_Production_Systems/Heat_Production_by_Vapor_Compression/BrinetoWaterHeatPump_RefSim_Model_VL080108.zip!/BrinetoWaterHeatPump_RefSim_EES_Model_VL080108.EES,group,"Brine-to-water heat pump reference model: scroll compressor, brine evaporator, water condenser (R407C)","Ground-source heat pump with scroll compressor model, brine evaporator (propylene glycol) and water condenser; nomenclature table, control-panel inputs/outputs/parameters.",refrigeration_heat_pumps,steady,2,wave1,unclear,,model bank 2008-01-08; author V. Lemort,,
Model data bank/Heat_Exchangers/Single_Phase_plate_HEX/PLATE_HEX_REFSIM_MODEL_SQ080321.zip!/Plate_HEX_RefSim_EES_Model_SQ080321.EES,group,"Single-phase plate heat exchanger thermal-resistance model (Martin correlation), RefSim version",Later (2008-03-21) version of the plate-HEX heat-transfer-coefficient model: geometry and fluid properties give the thermal resistance via Martin's correlation.,heat_transfer,steady,1,medium,unclear,,"authors S. Bertagnolio, S. Quoilin; related to TM-0319 (earlier SB080104 version)",,
modeles/JL/new/reciprocating JL080205.zip!/reciprocating JL080205/3_2_3_Polynomial_modelling.EES,group,Piston (reciprocating) compressor reference model in a refrigeration cycle (R22): identification and polynomial laws,Semi-empirical piston compressor model with internal leakage and polynomial laws identified from data; cycle closure with R22.,refrigeration_heat_pumps,steady,2,high,unclear,,"author J. Lebrun (JL080205); 3-file family (identification, simulation, polynomial modelling)",,
modeles/JL/new/reciprocating JL080205.zip!/reciprocating JL080205/3_2_4_Use_of_polynomial_model.EES,group,"Identification of polynomial laws, continued: influence of condensing temperature (comment-only file)",Text-only notes on regression of polynomial laws (no equations).,compressors,unknown,1,skip,unclear,,no equations; part of the JL080205 reciprocating compressor set,,
thermodynamique appliquee/2017-2018/THD10_R01.zip!/THD10_R01/SBertagnolio/THD09_R01_Ex01_SB090203.EES,group,"Rigid tank with liquid-vapour water mixture (example 3.3, 2009)",1 m3 tank with 4 kg of water at given pressure: liquid/vapour masses.,fundamentals,steady,1,low,unclear,,THD09 course solution by S. Bertagnolio (2009-02-03); French statement,,
thermodynamique appliquee/2017-2018/THD10_R01.zip!/THD10_R01/SBertagnolio/THD09_R01_Ex02_SB090203.EES,group,"CO2 tank at 35 C and 2 MPa: ideal-gas error (exercise 3.9, 2009)",200 L tank of CO2: gas mass and ideal-gas percentage error.,fundamentals,steady,1,low,unclear,,THD09 solution by S. Bertagnolio,,
thermodynamique appliquee/2017-2018/THD10_R01.zip!/THD10_R01/SBertagnolio/THD09_R01_Ex03_SB090203.EES,group,"Liquid methane tank: vaporised mass (exercise 3.31, 2009)",Methane tank with 0.5 m2 section; use fluid 'methane' not 'CH4'.,fundamentals,steady,1,low,unclear,,THD09 solution by S. Bertagnolio,,
thermodynamique appliquee/2017-2018/THD10_R01.zip!/THD10_R01/SBertagnolio/THD09_R01_Ex04_SB090203.EES,group,"Two tanks connected by a valve with R12 (exercise 3.33, 2009)","Two 200 L tanks A and B, final equilibrium state of R12.",fundamentals,steady,1,low,unclear,,THD09 solution by S. Bertagnolio,,
thermodynamique appliquee/2017-2018/THD10_R01.zip!/THD10_R01/SBertagnolio/THD09_R01_Ex05_SB090203.EES,group,"Vertical piston-cylinder with stops containing air (exercise 3.3, 2009)","Air in a cylinder closed by a frictionless piston with stops: temperature at stops, cooling.",fundamentals,steady,1,low,unclear,,THD09 solution by S. Bertagnolio,,
thermodynamique appliquee/2017-2018/THD10_R01.zip!/THD10_R01/SBorguet/R1_E2_borguet.EES,group,CO2 tank at 35 C and 2 MPa: gas mass and ideal-gas error (2017 Borguet),200 L CO2 tank: mass with real-gas properties vs ideal gas.,fundamentals,steady,1,low,unclear,,2017 version by S. Borguet; later versions TM-0379,,
thermodynamique appliquee/2017-2018/THD10_R01.zip!/THD10_R01/SBorguet/R1_E5_borguet.EES,group,Vertical piston-cylinder with stops containing air (2017 Borguet),Temperature of air when the piston hits the stops and after cooling.,fundamentals,steady,1,low,unclear,,2017 version by S. Borguet; later versions TM-0400,,
thermodynamique appliquee/2017-2018/THD10_R04.zip!/SBo/THD10_R04_E2.EES,group,"Refrigeration at -30 C driven by a heat engine from a reservoir (exercise 6.19, 2010)",Combined Carnot engine and refrigerator.,refrigeration_heat_pumps,steady,1,low,unclear,,2010 version by S. Borguet; later version TM-0425,,
thermodynamique appliquee/2017-2018/THD10_R04.zip!/SBo/THD10_R04_E3.EES,group,"Heat pump heating a house in winter and cooling in summer (exercise 6.21, 2010)",Carnot heat pump electricity consumption in winter and summer.,buildings,steady,1,low,unclear,,2010 version; later version TM-0426,,
thermodynamique appliquee/2017-2018/THD10_R04.zip!/SBo/THD10_R04_E4.EES,group,"1 GW power plant with river cooling (exercise 6.22, 2010)",Steam plant sized for 1 GW with river cooling.,power_cycles_vapour,steady,1,low,unclear,,2010 version; later version TM-0421,,
thermodynamique appliquee/2017-2018/THD10_R05.zip!/THD10_R05_E1.EES,group,Argon compression in a piston-cylinder: polytropic/isothermal/adiabatic work,0.2 kg of argon at 100 kPa and 300 K compressed along different paths; ideal gas; ARRAYS.,fundamentals,steady,1,medium,unclear,,THD10 R05 E1 (2010); related to chapter 4/7 exercises,,
thermodynamique appliquee/2017-2018/THD10_R05.zip!/THD10_R05_E2.EES,group,Air compression from 70 C and 2 bar: single stage (60% isentropic efficiency) vs multi-stage with intercooling,Compares single-stage and multi-stage compression work and outlet temperatures for given discharge pressure.,compressors,steady,2,medium,unclear,,THD10 R05 E2 (2010),,
thermodynamique appliquee/2017-2018/THD10_R05.zip!/THD10_R05_E3.EES,group,Steam turbine power plant (Rankine cycle) with turbine analysis,"Basic Rankine plant: turbine power from first law, cycle efficiency.",power_cycles_vapour,steady,1,medium,unclear,,THD10 R05 E3 (2010),,
thermodynamique appliquee/2017-2018/THD10_R05.zip!/THD10_R05_E4.EES,group,"Gas turbine plant: compressor, combustion chamber and turbine cycle on air","Complete gas turbine cycle solved simultaneously (points a-e at once), air ideal gas.",power_cycles_gas,steady,2,medium,unclear,,THD10 R05 E4 (2010),,
thermodynamique appliquee/2017-2018/THD10_R08.zip!/THD10_R08_E1bis.EES,group,"Otto cycle where the compression ratio is actually a volumetric ratio (R08 E1bis, 2010)",Air-standard Otto cycle analysis with warning that the compression ratio is a volumetric ratio.,engines,steady,2,low,unclear,,THD10 R08 E1bis,,
thermodynamique appliquee/2017-2018/THD10_R08.zip!/THD10_R08_E3bis.EES,group,"Diesel cycle with compression ratio 18 and given heat input (R08 E3bis, 2010)",Theoretical Diesel cycle analysis.,engines,steady,2,low,unclear,,THD10 R08 E3bis,,
thermodynamique appliquee/2017-2018/THD10_R08.zip!/THD10_R08_E4.EES,group,Air-standard Otto/Diesel cycle exercises (2010 R08 E1-E4),"Theoretical Diesel cycle with initial state 100 kPa, volumetric ratio, isentropic compression, specific volume from ideal-gas law; E1-E3 are Otto/Diesel variants.",engines,steady,1,medium,unclear,,"4-file family (THD10_R08_E1, E2, E3, E4)",,
thermodynamique appliquee/2017-2018/THD10_R10.zip!/THD10_R10_E2.EES,group,Mixing of extracted room air with outdoor air and conditioning (2010 R10 E2),Psychrometric mixing then conditioning for a room; humid-air functions; ARRAYS.,hvac_psychrometrics,steady,1,medium,unclear,,later version TM-0452,,
thermodynamique appliquee/2017-2018/THD10_R10.zip!/THD10_R10_E3.EES,group,"Air conditioning of a room at 25 C: volumetric flow, cooling-dehumidifying coil and humidifier (2010 R10 E3)","Required supply state, cooling/dehumidification, reheating and water balance.",hvac_psychrometrics,steady,2,medium,unclear,,THD10 R10 E3,,
thermodynamique appliquee/2017-2018/THD10_R10.zip!/THD10_R10_E4.EES,group,Cooling tower for power-plant condenser water (2010 R10 E4),Water from the condenser cooled by ambient air: air flow and evaporated water.,hvac_psychrometrics,steady,1,medium,unclear,,later version TM-0454,,
thermodynamique appliquee/2017-2018/THD10_R11.zip!/THD10_R11_E2.EES,group,Gasoline (CH1.95) engine exhaust analysis: air excess and useful power (2010 R11 E2),"Engine fed with gasoline and dry air at 20 C; exhaust analysis gives excess air, heat balance and power.",combustion_boilers,steady,2,medium,unclear,,later version TM-0395 family,,
thermodynamique appliquee/2017-2018/THD10_R11.zip!/THD10_R11_E3.EES,group,Diesel engine excess air and useful power from exhaust analysis (2010 R11 E3),"Diesel fuel composition (C/H mass fractions, LHV), exhaust gas composition, engine power.",engines,steady,2,medium,unclear,,later version TM-0395,,
Model data bank/Heat_Exchangers/Two_Phases_HEX/3_zones_Condenser/Condenser three zones parametric model (purely counterflow) - CC080108-1.EES,file,Three-zone condenser parametric model: purely counterflow configuration,"Counterflow variant of the desuperheating/condensing/subcooling air-cooled condenser model (R134a, air).",heat_exchangers,steady,3,low,,,model-bank copy of TM-0264,,
Model data bank/Heat_Exchangers/Two_Phases_HEX/3_zones_Condenser/Condenser three zones parametric model (purely crossflow)- CC080108-1.EES,file,Three-zone condenser parametric model: purely crossflow configuration,"Crossflow variant of the three-zone condenser model (R134a, air).",heat_exchangers,steady,3,low,,,model-bank copy of TM-0265,,
modeles/Condenser_3_zones/Condenser three zones parametric model (purely counterflow) - CC080108-1.EES,file,Three-zone condenser parametric model: purely counterflow configuration,"Counterflow variant of the desuperheating/condensing/subcooling air-cooled condenser model (R134a, air).",heat_exchangers,steady,3,low,,,,,
modeles/Condenser_3_zones/Condenser three zones parametric model (purely crossflow)- CC080108-1.EES,file,Three-zone condenser parametric model: purely crossflow configuration,"Crossflow variant of the three-zone condenser model (R134a, air).",heat_exchangers,steady,3,low,,,,,
modeles/JL/new/screw JL080205/3_4_1_Full_load_modelling.EES,file,Screw compressor reference model in a refrigeration cycle (R22): full-load modelling,Full-load version (3_4_1) of the screw compressor model with internal leakage nozzle/diffuser and R22 cycle; basis of the part-load model TM-0277.,refrigeration_heat_pumps,steady,2,low,,,,,
modeles/JL/new/scroll JL080205/3_3_1_Identification.EES,file,Hermetic scroll compressor model: parameter identification (R22),Identification file (3_3_1) of the Winandy scroll compressor model; companion of the simulation file TM-0279.,refrigeration_heat_pumps,steady,2,low,,,,,
modeles/LABORELEC_2002/1_Compressors/1_1_Reciprocating Compressors/Catalogue_data_model-Identification-Full_Load-Full_speed.EES,file,Compressor catalogue-data model: identification at full load and full speed (R717),"Identifies isentropic/volumetric effectiveness polynomials at full load, full speed from catalogue data.",compressors,steady,1,low,,,,,
modeles/LABORELEC_2002/1_Compressors/1_1_Reciprocating Compressors/Catalogue_data_model-Identification-Part_Load-Full_speed.EES,file,Compressor catalogue-data model: identification at part load and full speed (R717),Identification of part-load effectiveness polynomials from catalogue data.,compressors,steady,1,low,,,,,
modeles/LABORELEC_2002/1_Compressors/1_3_Scroll Compressors/1_3_1_Copeland_Scroll_Big.EES,file,Copeland scroll compressor (big) catalogue-data model,Catalogue-based effectiveness polynomials for a large Copeland scroll compressor.,compressors,steady,1,low,,,,,
modeles/LABORELEC_2002/1_Compressors/1_3_Scroll Compressors/1_3_2_Copeland_Scroll_Small.EES,file,Copeland scroll compressor (small) catalogue-data model,Catalogue-based effectiveness polynomials for a small Copeland scroll compressor.,compressors,steady,1,low,,,,,
modeles/LABORELEC_2002/2_Evaporative Equipments/2_1_Toolkit Models/2_1_1_Condensers/Evaporative_condenser_simulation.EES,file,Evaporative condenser simulation model (toolkit version),Simulation companion of the identification model TM-0290 with nomenclature table.,refrigeration_heat_pumps,steady,2,low,,,,,
modeles/LABORELEC_2002/2_Evaporative Equipments/2_1_Toolkit Models/2_1_2_Cooling_towers/Direct_Contact_experimental.EES,file,Direct-contact cooling tower experimental model,Experimental-data version of the direct-contact tower model with experimental coefficients.,hvac_psychrometrics,steady,1,low,,,,,
modeles/LABORELEC_2002/2_Evaporative Equipments/2_1_Toolkit Models/2_1_2_Cooling_towers/Indirect_contact_simulation.EES,file,Fluid cooler (indirect contact tower) simulation model,Simulation version of the indirect-contact tower model TM-0295.,heat_exchangers,steady,1,low,,,,,
modeles/LABORELEC_2002/3_Pumps and Fans/3_1_Pumps/Examples/Pump_polynomial_identif-SIHI_Pump.EES,file,Pump polynomial identification example: SIHI pump,Example applying the pump polynomial identification to a SIHI pump.,pumps_fans,steady,1,low,,,,,
modeles/LABORELEC_2002/3_Pumps and Fans/3_1_Pumps/Examples/Pump_polynomial_identif_ALL.EES,file,Pump polynomial identification: all data series,Pump identification example over all measured series.,pumps_fans,steady,1,low,,,,,
modeles/LABORELEC_2002/4_Pressure Drop/4_1_Liquid Pipes/Liquid Pipe/Liquid_Pipe_Pressure_Drop.EES,file,"Liquid pipe pressure drop and heat gain (equivalent diameter, Colebrook, fittings)","Liquid-line variant of the pipe pressure-drop model TM-0312 (same procedures, liquid refrigerant).",valves_nozzles_piping,steady,3,low,,,,,
modeles/simple ORC with diagram SQ090406.EES,file,"Simple ORC model with diagram window (2009, earlier version)",Earlier version (SQ090406) of the simple ORC screening model TM-0324 with a Diagram Window interface.,power_cycles_vapour,steady,2,low,,,author S. Quoilin; Diagram Window not reproducible,,
thermo_kuleuven/exercices/09-76a.EES,file,"Brayton cycle with 70 MW net power, pressure ratio 12 (Cengel 9-76, version a)",Earlier version of the Brayton cycle solution (EES 8.940).,power_cycles_gas,steady,1,low,,,,,
thermo_kuleuven/exercices/9-76.EES,file,"Brayton cycle with 70 MW net power, pressure ratio 12 (Cengel 9-76)",Copy of the Brayton cycle solution saved under the name 9-76.,power_cycles_gas,steady,1,low,,,,,
thermo_kuleuven/exercices/11-11.EES,file,"Vapour-compression refrigeration with water-cooled condenser (Cengel 11-11, first version)",Earlier version (EES 8.940) of the R134a refrigeration cycle exercise.,refrigeration_heat_pumps,steady,1,low,,,,,
thermodynamique appliquee/2022-2023/R11/R11_E02_2022.EES,file,Gasoline (CH1.95) engine exhaust analysis: air excess and useful power (R11 exercise 2),"Engine fed with gasoline assimilated to CH1.95 and dry air at 20 C; exhaust analysis gives excess air, heat balance and power; code reused for the Diesel exercise TM-0395.",combustion_boilers,steady,2,medium,,,,,
thermodynamique appliquee/2022-2023/R5/R05_E02_2022.EES,file,"Air-standard Diesel cycle: compression ratio 18, cut-off ratio 2, 1.9 L engine","Theoretical Diesel cycle from 1 atm and 27 C: maximum p and T, net work, thermal efficiency and work of a 1.9 L engine; recursive cp/cv at mean temperature.",engines,steady,2,medium,,,sister exercise of the Otto cycle TM-0429,,
thermodynamique appliquee/2022-2023/R6/R06_E02_2022_eff_echangeur_param_table.EES,file,Land-based gas turbine with regenerator: effectiveness parametric table (R06 E02 variant),Gas turbine variant with a heat exchanger (regenerator) and a parametric table on the heat-exchanger efficiency.,power_cycles_gas,steady,2,medium,,,,,
thermodynamique appliquee/2022-2023/R7/R07_E03E04_2022.EES,file,Rankine cycle with steam extraction: exercises 3-4 (R07 E03/E04),Continuation of the extraction exercise with additional heater/question variants.,power_cycles_vapour,steady,2,medium,,,content inferred from file name and code overlap with TM-0444,,
Model data bank/AHU_Components/Heating_Coil/HeatingCoil_PARAMID_REFERENCE_MODEL_SB080317.zip!/HeatingCoil_PARAMID_REFERENCE_EES_MODEL_SB080317.EES,file,Heating coil parameter-identification model (PARAMID reference),"Identifies the heating-coil model parameters from a measured performance point (epsilon-NTU, humid air).",hvac_psychrometrics,steady,2,medium,,,companion of TM-0474; model bank 2008-03-17,,
modeles/JL/new/reciprocating JL080205.zip!/reciprocating JL080205/3_2_1_Identiication.EES,file,Piston compressor reference model: identification (R22),Identification file (3_2_1) of the piston compressor model with internal leakage.,refrigeration_heat_pumps,steady,2,low,,,,,
modeles/JL/new/reciprocating JL080205.zip!/reciprocating JL080205/3_2_2_Simulation.EES,file,Piston compressor reference model: simulation in a refrigeration cycle (R22),Simulation file (3_2_2) of the piston compressor model.,refrigeration_heat_pumps,steady,2,low,,,,,
