candidate_id,source,path,companion_files,title,description,category_guess,kind_guess,level_guess,language,format,ees_version,n_lines,n_equations,features,unit_hints,fluids,doc_quality,duplicate_group,is_representative,priority,license_status,authors,notes,ees_units,stored_solution,tables,decision,library_id
TM-0001,thermo_models,machines et systemes thermiques/MSTh - Repetitions/TP 01/Exercice supplémentaire (perte de charge).EES,,Piston compressor with suction pressure drop (MSTh R1 extra exercise),"Lab-tested 2 L air piston compressor (1500 rpm, 1 to 5 bar); computes the effect of an inlet pressure drop on volumetric/isentropic performance and power.",compressors,steady,1,fr,ees,X7.458,69,39,,,Air,2,,yes,low,own,"ULiege MSTh course (J. Lebrun, V. Lemort, S. Bertagnolio)",extra exercise by 'JD' (unidentified author); EES ID stamp: ULiege Thermodynamics Lab licence,SI MASS DEG PA C J,22/39,,todo,
TM-0002,thermo_models,machines et systemes thermiques/MSTh - Repetitions/TP 01/Isentropic Noozle.EES,,Isentropic nozzle model with critical pressure (MSTh R1),"Isentropic nozzle on air: total enthalpy conservation, critical pressure ratio, real-gas gamma, choked/unchoked flow.",valves_nozzles_piping,steady,1,fr,ees,X7.458,28,15,,+273.15,Air,1,,yes,medium,own,"ULiege MSTh course (J. Lebrun, V. Lemort, S. Bertagnolio)",EES ID stamp: ULiege Thermodynamics Lab licence,SI MASS DEG PA C J,4/16,,todo,
TM-0003,thermo_models,machines et systemes thermiques/MSTh - Repetitions/TP 01/MSTh 190905 R1 Ex 1 1.EES,,"Piston compressor identification from two operating points, air (MSTh R1 Ex1)","Two measured regimes (7 bar 0.1 kg/s 32 kW; 3 bar 0.11 kg/s) give volumetric/isentropic parameters, then predicts other regimes; statement in French in the comments.",compressors,steady,1,fr,ees,X7.458,104,32,,Pa;W,Air,1,DG-0001,no,low,own,"ULiege MSTh course (J. Lebrun, V. Lemort, S. Bertagnolio)","exercise family VL050919 (parts 1-1-1, 1-1-2) and copies 'MSTh 190905 R1 Ex 1'; near-duplicate/variant of TM-0007 (Jaccard 1.00); similar but not grouped: TM-0004 (J=0.46); EES ID stamp: ULiege Thermodynamics Lab licence; same Ex1 identification part, contained in TM-0015/CSL-0021 (C-21)",SI MASS DEG PA C J,22/32,,duplicate,CSL-0021
TM-0004,thermo_models,machines et systemes thermiques/MSTh - Repetitions/TP 01/MSTh 190905 R1 Ex 1 2.EES,,"Piston compressor performance vs discharge pressure, parametric table (MSTh R1 Ex1 part 3)","Prescribes the identified compressor characteristics and sweeps discharge pressure in a parametric table (air, 3000 rpm).",compressors,steady,1,fr,ees,X7.458,121,38,,Pa,Air,2,DG-0002,no,low,own,"ULiege MSTh course (J. Lebrun, V. Lemort, S. Bertagnolio)","near-duplicate/variant of TM-0009 (Jaccard 0.64); similar but not grouped: TM-0007 (J=0.46), TM-0003 (J=0.46); EES ID stamp: ULiege Thermodynamics Lab licence; same Ex1 predictions (10 bar/3000 rpm, 7 bar/2500 rpm) in imposed-parameter parametric-table form, covered by TM-0015/CSL-0021 (C-21)",SI MASS DEG PA C J,38/38,,duplicate,CSL-0021
TM-0005,thermo_models,machines et systemes thermiques/MSTh - Repetitions/TP 01/MSTh 190905 R1 Ex 2 1.EES,,Refrigeration piston compressor (R22) identification from manufacturer data (MSTh R1 Ex2),"R22 compressor with 3 K subcooling/5 K superheat; identifies clearance, loss factors and swept flow from two published regimes (capacity, power).",refrigeration_heat_pumps,steady,2,fr,ees,X7.458,69,51,,~T:C,R22,1,DG-0003,no,low,own,"ULiege MSTh course (J. Lebrun, V. Lemort, S. Bertagnolio)",near-duplicate/variant of TM-0010 (Jaccard 0.89); EES ID stamp: ULiege Thermodynamics Lab licence; C-22: same-exercise DG-0003 variant of TM-0010; covered by CSL-0022,SI MASS DEG PA C J,50/50,,duplicate,CSL-0022
TM-0006,thermo_models,machines et systemes thermiques/MSTh - Repetitions/TP 01/MSTh 190905 R1 Ex 2 2.EES,,Refrigeration piston compressor (R22) identification from manufacturer data (MSTh R1 Ex2),"R22 compressor with 3 K subcooling/5 K superheat; identifies clearance, loss factors and swept flow from two published regimes (capacity, power).",refrigeration_heat_pumps,steady,2,fr,ees,X7.458,127,51,,~T:C,R22,1,DG-0003,no,low,own,"ULiege MSTh course (J. Lebrun, V. Lemort, S. Bertagnolio)",near-duplicate/variant of TM-0010 (Jaccard 0.89); EES ID stamp: ULiege Thermodynamics Lab licence; C-22: same-exercise DG-0003 variant of TM-0010; covered by CSL-0022,SI MASS DEG PA C J,50/50,,duplicate,CSL-0022
TM-0007,thermo_models,machines et systemes thermiques/MSTh - Repetitions/TP 01/MSTH_EX1_VL050919/VL050919_1-1-1.EES,,"Piston compressor identification from two operating points, air (MSTh R1 Ex1)","Two measured regimes (7 bar 0.1 kg/s 32 kW; 3 bar 0.11 kg/s) give volumetric/isentropic parameters, then predicts other regimes; statement in French in the comments.",compressors,steady,1,fr,ees,X7.403,65,32,,W;Pa;Hz,Air,2,DG-0001,yes,medium,own,Vincent Lemort,"exercise family VL050919 (parts 1-1-1, 1-1-2) and copies 'MSTh 190905 R1 Ex 1'; representative of 2-file duplicate group; similar but not grouped: TM-0004 (J=0.46); EES ID stamp: J. Lebrun lab licence (ULiege); same Ex1 identification part, contained in TM-0015/CSL-0021 (C-21)",SI MASS DEG PA C J,32/32,,duplicate,CSL-0021
TM-0008,thermo_models,machines et systemes thermiques/MSTh - Repetitions/TP 01/MSTH_EX1_VL050919/VL050919_1-1-2.EES,,"Piston compressor performance vs discharge pressure, parametric table (MSTh R1 Ex1 part 3)","Prescribes the identified compressor characteristics and sweeps discharge pressure in a parametric table (air, 3000 rpm).",compressors,steady,1,fr,ees,X7.403,117,37,,-;J/kg;Hz;W;m^3;m^3/kg;kg;Pa,Air,2,DG-0002,no,low,own,Vincent Lemort,"near-duplicate/variant of TM-0009 (Jaccard 0.66); EES ID stamp: J. Lebrun lab licence (ULiege); same Ex1 predictions (10 bar/3000 rpm, 7 bar/2500 rpm) in imposed-parameter parametric-table form, covered by TM-0015/CSL-0021 (C-21)",SI MASS DEG PA C J,37/38,,duplicate,CSL-0021
TM-0009,thermo_models,machines et systemes thermiques/MSTh - Repetitions/TP 01/MSTH_EX1_VL050919/VL050919_1-1-3.EES,,"Piston compressor performance vs discharge pressure, parametric table (MSTh R1 Ex1 part 3)","Prescribes the identified compressor characteristics and sweeps discharge pressure in a parametric table (air, 3000 rpm).",compressors,steady,1,fr,ees,X7.403,122,26,,-;J/kg;Hz;W;m^3;m^3/kg;kg;Pa,Air,3,DG-0002,yes,medium,own,Vincent Lemort,"representative of 3-file duplicate group; EES ID stamp: J. Lebrun lab licence (ULiege); same Ex1 predictions (10 bar/3000 rpm, 7 bar/2500 rpm) in imposed-parameter parametric-table form, covered by TM-0015/CSL-0021 (C-21)",SI MASS DEG PA C J,16/39,,duplicate,CSL-0021
TM-0010,thermo_models,machines et systemes thermiques/MSTh - Repetitions/TP 01/MSTH_EX1_VL050919/VL050919_1-2-1.EES,,Refrigeration piston compressor (R22) identification from manufacturer data (MSTh R1 Ex2),"R22 compressor with 3 K subcooling/5 K superheat; identifies clearance, loss factors and swept flow from two published regimes (capacity, power).",refrigeration_heat_pumps,steady,2,fr,ees,X7.403,91,51,,J/kg,R22,2,DG-0003,yes,medium,own,Vincent Lemort,"representative of 3-file duplicate group; similar but not grouped: TM-0013 (J=0.46), TM-0012 (J=0.46); EES ID stamp: J. Lebrun lab licence (ULiege); C-22: VL part-1 identification original of the same exercise (same inputs, C=0.0602); library follows the fuller SB solution TM-0016",SI MASS DEG PA C J,50/50,,duplicate,CSL-0022
TM-0011,thermo_models,machines et systemes thermiques/MSTh - Repetitions/TP 01/MSTH_EX1_VL050919/VL050919_1-2-2.EES,,Refrigeration piston compressor (R22) simulation with identified parameters (MSTh R1 Ex2 part 2),Second part of the R22 compressor exercise: imposes the identified compressor characteristics and predicts capacity/COP at other conditions.,refrigeration_heat_pumps,steady,1,fr,ees,X7.403,150,29,,J/kg;-;Pa;W;J/s;m^3/kg;m^3/s;kg/s,R22,2,,yes,low,own,Vincent Lemort,EES ID stamp: J. Lebrun lab licence (ULiege); C-22: VL part-2 prediction with imposed parameters of the same exercise (40/2 C point); covered by the regime-3 prediction of CSL-0022,SI MASS DEG PA C J,28/50,,duplicate,CSL-0022
TM-0012,thermo_models,machines et systemes thermiques/MSTh - Repetitions/TP 01/MSTH_EX1_VL050919/VL050919_1-3-1.EES,,"Refrigeration compressor model with fixed electromechanical loss, loss factor and clearance (MSTh R1 Ex3)","Compressor with 3.4 kW constant loss, 30% loss factor, 0.04 m3/s swept flow and 6% clearance: capacity, power and COP at imposed T_ev/T_cd (R22 and R134a).",refrigeration_heat_pumps,steady,2,fr,ees,X7.403,95,54,,J/kg,R22;R134a,2,DG-0004,yes,medium,own,Vincent Lemort,representative of 2-file duplicate group (1 with identical equations); similar but not grouped: TM-0010 (J=0.46); EES ID stamp: J. Lebrun lab licence (ULiege),SI MASS DEG PA C J,52/52,,todo,
TM-0013,thermo_models,machines et systemes thermiques/MSTh - Repetitions/TP 01/MSTH_EX1_VL050919/~VL050919_1-3-1.EES,,"Refrigeration compressor model with fixed electromechanical loss, loss factor and clearance (MSTh R1 Ex3)","Compressor with 3.4 kW constant loss, 30% loss factor, 0.04 m3/s swept flow and 6% clearance: capacity, power and COP at imposed T_ev/T_cd (R22 and R134a).",refrigeration_heat_pumps,steady,2,fr,ees,X7.458,95,54,,J/kg,R22;R134a,2,DG-0004,no,skip,own,Vincent Lemort,identical equations to TM-0012; similar but not grouped: TM-0010 (J=0.46); EES ID stamp: J. Lebrun lab licence (ULiege),SI MASS DEG PA C J +decimal-comma,52/52,,todo,
TM-0014,thermo_models,machines et systemes thermiques/MSTh - Repetitions/TP 01/SB/MSTh - R1 - Ex2 - SB.EES,,Refrigeration compressor (R22) two-regime identification with refrigeration cycle (MSTh R1 Ex2 variant),Variant of the R22 compressor identification including the full cycle and a graphical representation.,refrigeration_heat_pumps,steady,2,fr,ees,X7.458,71,42,ARRAYS,~T:C,R22,1,DG-0005,no,low,own,"ULiege MSTh course (J. Lebrun, V. Lemort, S. Bertagnolio)",near-duplicate/variant of TM-0017 (Jaccard 0.74); similar but not grouped: TM-0016 (J=0.49); EES ID stamp: ULiege Thermodynamics Lab licence; C-22: same-exercise SB early single-regime draft (42 variables); superseded by the complete TM-0016,SI MASS DEG PA C J,42/42,,duplicate,CSL-0022
TM-0015,thermo_models,machines et systemes thermiques/MSTh - Repetitions/TP 01/SB/MSTh-SB-R1-Ex1.EES,,"Piston compressor identification, air (MSTh R1 Ex1, SB solution)","Solution of the two-regime piston compressor exercise: isentropic internal compression, then flow and power at 3000 rpm / 10 bar.",compressors,steady,2,fr,ees,X7.458,96,62,,~p:Pa,Air,2,,yes,low,own,"ULiege MSTh course (J. Lebrun, V. Lemort, S. Bertagnolio)","solution file by S. Bertagnolio; EES ID stamp: ULiege Thermodynamics Lab licence; imported as CSL-0021 (representative: full 62-eq solution, identification + 2 predictions, verified vs its stored solution)",SI MASS DEG PA C J,62/62,,added,CSL-0021
TM-0016,thermo_models,machines et systemes thermiques/MSTh - Repetitions/TP 01/SB/MSTh-SB-R1-Ex2.EES,,"Refrigeration compressor (R22) two-regime identification (MSTh R1 Ex2, SB solution)",Evaporator/compressor calculations for regimes 1 and 2 and resulting compressor characteristics.,refrigeration_heat_pumps,steady,2,fr,ees,X7.458,131,86,ARRAYS,~T:C,R22,1,,yes,low,own,"ULiege MSTh course (J. Lebrun, V. Lemort, S. Bertagnolio)","similar but not grouped: TM-0017 (J=0.59), TM-0014 (J=0.49); EES ID stamp: ULiege Thermodynamics Lab licence; C-22: representative SB solution (identification + regime-3 prediction, correct M_dot_2); imported as CSL-0022",SI MASS DEG PA C J,86/87,,added,CSL-0022
TM-0017,thermo_models,machines et systemes thermiques/MSTh - Repetitions/TP 01/SB/MSTh-SB-R1-Ex2_2.EES,,Refrigeration compressor (R22) two-regime identification with refrigeration cycle (MSTh R1 Ex2 variant),Variant of the R22 compressor identification including the full cycle and a graphical representation.,refrigeration_heat_pumps,steady,2,fr,ees,X7.458,113,57,ARRAYS,~T:C,R22,2,DG-0005,yes,low,own,"ULiege MSTh course (J. Lebrun, V. Lemort, S. Bertagnolio)",representative of 2-file duplicate group; similar but not grouped: TM-0016 (J=0.59); EES ID stamp: ULiege Thermodynamics Lab licence; C-22: same-exercise SB variant with M_dot_1 typo in V_dot_su_2 (identifies C=0.28 and V_dot_s=0.047) and commented-out regime 3; CoolSolve example transcribed from it,SI MASS DEG PA C J,57/72,,duplicate,CSL-0022
TM-0018,thermo_models,machines et systemes thermiques/MSTh - Repetitions/TP 01/SB/MSTh-SB-R1-Ex3.EES,,"Refrigeration compressor and cycle with isenthalpic expansion (MSTh R1 Ex3, SB solution)",Compressor and cycle data to compute capacities and COP.,refrigeration_heat_pumps,steady,1,fr,ees,X7.458,50,31,,,,1,,yes,low,own,"ULiege MSTh course (J. Lebrun, V. Lemort, S. Bertagnolio)",EES ID stamp: ULiege Thermodynamics Lab licence,SI MASS DEG PA C J,10/31,parametric:Table 1(3x4),added,CSL-0001
TM-0019,thermo_models,machines et systemes thermiques/MSTh - Repetitions/TP 02/Exercice combiné perte de charge - fuite.EES,,Piston compressor with combined suction pressure drop and internal leakage (MSTh R2 extra exercise),"2 L air compressor (eps_vol 0.75, eps_is 0.65): leakage and inlet throttling modelled together; efficiencies and flow at other regimes.",compressors,steady,2,fr,ees,X7.458,111,54,,m^3;+273.15,Air,3,,yes,medium,own,"ULiege MSTh course (J. Lebrun, V. Lemort, S. Bertagnolio)",extra exercise by 'JD' (unidentified author); EES ID stamp: ULiege Thermodynamics Lab licence; C-71: imported as CSL-0067 (model follows this file; as saved it is underdetermined by one equation - 54 eq/55 var - and its stored W_dot_loss_0 is stale; closure A_thr_admission=1.9142E-4 added at import; CoolSolve converges to the CoolProp root of the leak loop; admission branch within 0.3%),SI MASS DEG PA C J,55/55,,added,CSL-0067
TM-0020,thermo_models,machines et systemes thermiques/MSTh - Repetitions/TP 02/mes miennes/1.ees,,Isentropic air compression (student scratch file 1),Bare isentropic compression equations without documentation.,compressors,steady,1,fr,ees,X7.458,48,35,,,Air,0,,yes,skip,own,"ULiege MSTh course (J. Lebrun, V. Lemort, S. Bertagnolio)",personal student/scratch file ('mes miennes'); EES ID stamp: J. Lebrun lab licence (ULiege),SI MASS DEG PA C J +decimal-comma,34/34,,todo,
TM-0021,thermo_models,machines et systemes thermiques/MSTh - Repetitions/TP 02/mes miennes/2.ees,,Isentropic air compression (student scratch file 2),Bare isentropic compression equations without documentation.,compressors,steady,1,unknown,ees,X7.458,41,29,,,Air,0,,yes,skip,own,"ULiege MSTh course (J. Lebrun, V. Lemort, S. Bertagnolio)",personal student/scratch file ('mes miennes'); EES ID stamp: J. Lebrun lab licence (ULiege),SI MASS DEG PA C J +decimal-comma,26/29,,todo,
TM-0022,thermo_models,machines et systemes thermiques/MSTh - Repetitions/TP 02/MSTh 260905 R2 Ex 3.EES,,Scroll refrigeration compressor (R134a): internal volume ratio vs isentropic efficiency and COP (MSTh R2 Ex3),Discusses the internal compression ratio of a scroll compressor for T_ev -15..0 C and T_cd 30..55 C; parametric table on r_v_in.,compressors,steady,2,fr,ees,X7.458,72,29,,C,R134a,2,DG-0006,no,low,own,"ULiege MSTh course (J. Lebrun, V. Lemort, S. Bertagnolio)",near-duplicate/variant of TM-0042 (Jaccard 0.79); EES ID stamp: ULiege Thermodynamics Lab licence,SI MASS DEG PA C J,30/30,,todo,
TM-0023,thermo_models,machines et systemes thermiques/MSTh - Repetitions/TP 02/MSTh-SB-R2-Ex1.EES,,"Dry screw compressor with internal leakage as fictitious nozzle (MSTh R2 Ex1, SB solution)","Relative-value identification of a screw compressor: global volumetric/isentropic efficiency, leakage through an equivalent nozzle.",compressors,steady,1,fr,ees,X7.458,79,35,,,Air,1,,yes,low,own,"ULiege MSTh course (J. Lebrun, V. Lemort, S. Bertagnolio)","EES ID stamp: ULiege Thermodynamics Lab licence; early SB draft of the same MSTh R2 Ex1 (leakage block commented out, cleared solution), finalized as DG-0007; covered by CSL-0020",SI MASS DEG PA C J,16/42,,duplicate,CSL-0020
TM-0024,thermo_models,machines et systemes thermiques/MSTh - Repetitions/TP 02/questions/VL050926_2-1-1.EES,,"Dry screw compressor (air): parameter identification and prediction, parts 1-3 (MSTh R2 Ex1)","Dry screw compressor tested at 7000 rpm (3 bar discharge): identifies swept volume, mechanical efficiency and leakage section, then predicts other regimes; 8 near-identical versions.",compressors,steady,2,fr,ees,X7.403,89,40,PSYCH,Hz;+273.15,Air_ha,2,DG-0007,no,low,own,Vincent Lemort,"exercise family VL050926_2-1-x; near-duplicate/variant of TM-0039 (Jaccard 0.80); EES ID stamp: J. Lebrun lab licence (ULiege); duplicate of TM-0039 (DG-0007), covered by CSL-0020",SI MASS DEG PA C J,40/40,,duplicate,CSL-0020
TM-0025,thermo_models,machines et systemes thermiques/MSTh - Repetitions/TP 02/questions/VL050926_2-1-2 questions.EES,,"Dry screw compressor (air): parameter identification and prediction, parts 1-3 (MSTh R2 Ex1)","Dry screw compressor tested at 7000 rpm (3 bar discharge): identifies swept volume, mechanical efficiency and leakage section, then predicts other regimes; 8 near-identical versions.",compressors,steady,2,fr,ees,X7.458,97,40,PSYCH,Hz;+273.15,Air_ha,3,DG-0007,no,low,own,Vincent Lemort,"exercise family VL050926_2-1-x; near-duplicate/variant of TM-0039 (Jaccard 0.98); EES ID stamp: ULiege Thermodynamics Lab licence; duplicate of TM-0039 (DG-0007), covered by CSL-0020",SI MASS DEG PA C J,15/40,,duplicate,CSL-0020
TM-0026,thermo_models,machines et systemes thermiques/MSTh - Repetitions/TP 02/questions/VL050926_2-1-2.EES,,"Dry screw compressor (air): parameter identification and prediction, parts 1-3 (MSTh R2 Ex1)","Dry screw compressor tested at 7000 rpm (3 bar discharge): identifies swept volume, mechanical efficiency and leakage section, then predicts other regimes; 8 near-identical versions.",compressors,steady,2,fr,ees,X7.458,97,40,PSYCH,Hz;+273.15,Air_ha,3,DG-0007,no,low,own,Vincent Lemort,"exercise family VL050926_2-1-x; near-duplicate/variant of TM-0039 (Jaccard 0.98); EES ID stamp: ULiege Thermodynamics Lab licence; duplicate of TM-0039 (DG-0007), covered by CSL-0020",SI MASS DEG PA C J,15/40,,duplicate,CSL-0020
TM-0027,thermo_models,machines et systemes thermiques/MSTh - Repetitions/TP 02/questions/VL050926_2-1-3.EES,,"Dry screw compressor (air): parameter identification and prediction, parts 1-3 (MSTh R2 Ex1)","Dry screw compressor tested at 7000 rpm (3 bar discharge): identifies swept volume, mechanical efficiency and leakage section, then predicts other regimes; 8 near-identical versions.",compressors,steady,2,fr,ees,X7.403,93,40,PSYCH,Hz;+273.15,Air_ha,2,DG-0007,no,low,own,Vincent Lemort,"exercise family VL050926_2-1-x; near-duplicate/variant of TM-0039 (Jaccard 0.93); EES ID stamp: J. Lebrun lab licence (ULiege); duplicate of TM-0039 (DG-0007), covered by CSL-0020",SI MASS DEG PA C J,15/41,,duplicate,CSL-0020
TM-0028,thermo_models,machines et systemes thermiques/MSTh - Repetitions/TP 02/questions/VL050926_2-3-1 questions.EES,,Scroll refrigeration compressor (R134a): internal volume ratio vs isentropic efficiency and COP (MSTh R2 Ex3),Discusses the internal compression ratio of a scroll compressor for T_ev -15..0 C and T_cd 30..55 C; parametric table on r_v_in.,compressors,steady,2,fr,ees,X7.458,94,29,,J/kg,R134a,3,DG-0006,no,low,own,Vincent Lemort,near-duplicate/variant of TM-0042 (Jaccard 0.97); EES ID stamp: ULiege Thermodynamics Lab licence,SI MASS DEG PA C J,30/30,,todo,
TM-0029,thermo_models,machines et systemes thermiques/MSTh - Repetitions/TP 02/questions/VL050926_2-3-1.EES,,Scroll refrigeration compressor (R134a): internal volume ratio vs isentropic efficiency and COP (MSTh R2 Ex3),Discusses the internal compression ratio of a scroll compressor for T_ev -15..0 C and T_cd 30..55 C; parametric table on r_v_in.,compressors,steady,2,fr,ees,X7.403,84,29,,J/kg,R134a,2,DG-0006,no,low,own,Vincent Lemort,near-duplicate/variant of TM-0042 (Jaccard 0.97); EES ID stamp: J. Lebrun lab licence (ULiege),SI MASS DEG PA C J,30/30,,todo,
TM-0030,thermo_models,machines et systemes thermiques/MSTh - Repetitions/TP 02/R2 - Ex 2 - JD.EES,,"Roots compressor: efficiencies, rectangular cycle and leakage nozzle (MSTh R2 Ex2)","Roots blower model with rectangular indicator cycle, internal leakage modelled by a fictitious nozzle with possible sonic regime; mechanical and isentropic efficiency.",compressors,steady,1,fr,ees,X7.458,50,35,,,Air,1,,yes,low,own,"ULiege MSTh course (J. Lebrun, V. Lemort, S. Bertagnolio)",extra solution by 'JD' (unidentified author); EES ID stamp: ULiege Thermodynamics Lab licence,SI MASS DEG PA C J,11/35,,todo,
TM-0031,thermo_models,machines et systemes thermiques/MSTh - Repetitions/TP 02/R2-Ex2.EES,,Roots compressor test analysis (MSTh R2 Ex2 notes),"Swept flow, actual suction flow, volumetric and mechanical efficiency definitions; discussion of isentropic efficiency based on internal vs global work.",compressors,steady,1,fr,ees,X7.458,45,21,,m³,Air,2,,yes,low,own,"ULiege MSTh course (J. Lebrun, V. Lemort, S. Bertagnolio)",EES ID stamp: ULiege Thermodynamics Lab licence,SI MASS DEG KPA C KJ,23/24,,todo,
TM-0032,thermo_models,machines et systemes thermiques/MSTh - Repetitions/TP 02/SB/MSTh-SB-R2-Ex1-2.EES,,"Dry screw compressor identification and prediction at other speeds (MSTh R2 Ex1 continued, SB)","Identifies V_s and leakage section of a dry screw compressor (no clearance), re-mixing of leakage, global isentropic efficiency and loss expression.",compressors,steady,2,fr,ees,X7.458,76,43,,+273.15,Air,2,DG-0008,yes,medium,own,"ULiege MSTh course (J. Lebrun, V. Lemort, S. Bertagnolio)","representative of 2-file duplicate group; EES ID stamp: ULiege Thermodynamics Lab licence; SB variant (Air fluid, solved gamma) merged into CSL-0020 as documented variant and verification reference",SI MASS DEG PA C J,43/43,,merged,CSL-0020
TM-0033,thermo_models,machines et systemes thermiques/MSTh - Repetitions/TP 02/SB/MSTh-SB-R2-Ex1.EES,,"Dry screw compressor identification and prediction at other speeds (MSTh R2 Ex1 continued, SB)","Identifies V_s and leakage section of a dry screw compressor (no clearance), re-mixing of leakage, global isentropic efficiency and loss expression.",compressors,steady,2,fr,ees,X7.458,75,43,,+273.15,Air,2,DG-0008,no,low,own,"ULiege MSTh course (J. Lebrun, V. Lemort, S. Bertagnolio)","near-duplicate/variant of TM-0032 (Jaccard 0.83); EES ID stamp: ULiege Thermodynamics Lab licence; near-duplicate of TM-0032, covered by CSL-0020",SI MASS DEG PA C J,20/43,,duplicate,CSL-0020
TM-0034,thermo_models,machines et systemes thermiques/MSTh - Repetitions/TP 02/SB/MSTh-SB-R2-Ex2.EES,,"Positive-displacement compressor leakage/volumetric efficiency model (MSTh R2 Ex2, SB solution)","Volumetric efficiency, leakage flow, mechanical and isentropic efficiency, fictitious leak opening.",compressors,steady,1,fr,ees,X7.458,57,34,,,Air,1,,yes,low,own,"ULiege MSTh course (J. Lebrun, V. Lemort, S. Bertagnolio)",EES ID stamp: ULiege Thermodynamics Lab licence,SI MASS DEG PA C J,34/34,,todo,
TM-0035,thermo_models,machines et systemes thermiques/MSTh - Repetitions/TP 02/SB/MSTh-SB-R2-Ex3.EES,,"Scroll compressor in a refrigeration cycle, R134a (MSTh R2 Ex3, SB solution)","Scroll compressor with external and internal pressure ratios, isentropic compression to the adapted pressure, cycle COP.",compressors,steady,1,fr,ees,X7.458,52,27,,,R134a,2,,yes,medium,own,"ULiege MSTh course (J. Lebrun, V. Lemort, S. Bertagnolio)",EES ID stamp: ULiege Thermodynamics Lab licence,SI MASS DEG PA C J,1/27,,todo,
TM-0036,thermo_models,machines et systemes thermiques/MSTh - Repetitions/TP 02/SB/R2 - EX 2 - SB - Bis.EES,,"Roots compressor 10 L: performance vs pressure ratio (MSTh R2 Ex2 bis, SB)","10 L Roots compressor tested at 1.4 bar discharge (eps_vol 85%, mechanical 95%): variation of performance with pressure ratio and speed; statement included.",compressors,steady,2,fr,ees,X7.458,167,50,,-;J/kg;+273.15,Air,3,DG-0009,yes,medium,own,"ULiege MSTh course (J. Lebrun, V. Lemort, S. Bertagnolio)",representative of 2-file duplicate group; EES ID stamp: ULiege Thermodynamics Lab licence,SI MASS DEG PA C J,50/51,,todo,
TM-0037,thermo_models,machines et systemes thermiques/MSTh - Repetitions/TP 02/SB/R2 - Ex 2 - SB.EES,,"Roots compressor 10 L: performance vs pressure ratio (MSTh R2 Ex2 bis, SB)","10 L Roots compressor tested at 1.4 bar discharge (eps_vol 85%, mechanical 95%): variation of performance with pressure ratio and speed; statement included.",compressors,steady,2,fr,ees,X7.458,129,41,,+273.15,Air,3,DG-0009,no,low,own,"ULiege MSTh course (J. Lebrun, V. Lemort, S. Bertagnolio)",near-duplicate/variant of TM-0036 (Jaccard 0.78); EES ID stamp: ULiege Thermodynamics Lab licence,SI MASS DEG PA C J,13/51,,todo,
TM-0038,thermo_models,machines et systemes thermiques/MSTh - Repetitions/TP 02/VL050926_2-1-1.EES,,"Dry screw compressor (air): parameter identification and prediction, parts 1-3 (MSTh R2 Ex1)","Dry screw compressor tested at 7000 rpm (3 bar discharge): identifies swept volume, mechanical efficiency and leakage section, then predicts other regimes; 8 near-identical versions.",compressors,steady,2,fr,ees,X7.403,89,40,PSYCH,Hz;+273.15,Air_ha,2,DG-0007,no,low,own,Vincent Lemort,"exercise family VL050926_2-1-x; near-duplicate/variant of TM-0039 (Jaccard 0.80); EES ID stamp: J. Lebrun lab licence (ULiege); duplicate of TM-0039 (DG-0007), covered by CSL-0020",SI MASS DEG PA C J,40/40,,duplicate,CSL-0020
TM-0039,thermo_models,machines et systemes thermiques/MSTh - Repetitions/TP 02/VL050926_2-1-2 questionsVL051023.EES,,"Dry screw compressor (air): parameter identification and prediction, parts 1-3 (MSTh R2 Ex1)","Dry screw compressor tested at 7000 rpm (3 bar discharge): identifies swept volume, mechanical efficiency and leakage section, then predicts other regimes; 8 near-identical versions.",compressors,steady,2,fr,ees,X7.403,105,40,PSYCH,Hz;+273.15,Air_ha,3,DG-0007,yes,high,own,Vincent Lemort,exercise family VL050926_2-1-x; stored as RTF; representative of 8-file duplicate group; EES ID stamp: J. Lebrun lab licence (ULiege); EES original of CSX-002 (equations identical to the example); imported as CSL-0020,SI MASS DEG PA C J,19/40,,added,CSL-0020
TM-0040,thermo_models,machines et systemes thermiques/MSTh - Repetitions/TP 02/VL050926_2-1-2.EES,,"Dry screw compressor (air): parameter identification and prediction, parts 1-3 (MSTh R2 Ex1)","Dry screw compressor tested at 7000 rpm (3 bar discharge): identifies swept volume, mechanical efficiency and leakage section, then predicts other regimes; 8 near-identical versions.",compressors,steady,2,fr,ees,X7.403,93,40,PSYCH,Hz;+273.15,Air_ha,2,DG-0007,no,low,own,Vincent Lemort,"exercise family VL050926_2-1-x; near-duplicate/variant of TM-0039 (Jaccard 0.98); EES ID stamp: J. Lebrun lab licence (ULiege); duplicate of TM-0039 (DG-0007), covered by CSL-0020",SI MASS DEG PA C J,19/40,,duplicate,CSL-0020
TM-0041,thermo_models,machines et systemes thermiques/MSTh - Repetitions/TP 02/VL050926_2-1-3.EES,,"Dry screw compressor (air): parameter identification and prediction, parts 1-3 (MSTh R2 Ex1)","Dry screw compressor tested at 7000 rpm (3 bar discharge): identifies swept volume, mechanical efficiency and leakage section, then predicts other regimes; 8 near-identical versions.",compressors,steady,2,fr,ees,X7.403,93,40,PSYCH,Hz;+273.15,Air_ha,2,DG-0007,no,low,own,Vincent Lemort,"exercise family VL050926_2-1-x; near-duplicate/variant of TM-0039 (Jaccard 0.93); EES ID stamp: J. Lebrun lab licence (ULiege); duplicate of TM-0039 (DG-0007), covered by CSL-0020",SI MASS DEG PA C J,15/41,,duplicate,CSL-0020
TM-0042,thermo_models,machines et systemes thermiques/MSTh - Repetitions/TP 02/VL050926_2-3-1 questionsVL051023.EES,,Scroll refrigeration compressor (R134a): internal volume ratio vs isentropic efficiency and COP (MSTh R2 Ex3),Discusses the internal compression ratio of a scroll compressor for T_ev -15..0 C and T_cd 30..55 C; parametric table on r_v_in.,compressors,steady,2,fr,ees,X7.458,87,29,,J/kg,R134a,3,DG-0006,yes,high,own,Vincent Lemort,stored as RTF; representative of 6-file duplicate group; EES ID stamp: ULiege Thermodynamics Lab licence,SI MASS DEG PA C J,5/30,,todo,
TM-0043,thermo_models,machines et systemes thermiques/MSTh - Repetitions/TP 02/VL050926_2-3-1.EES,,Scroll refrigeration compressor (R134a): internal volume ratio vs isentropic efficiency and COP (MSTh R2 Ex3),Discusses the internal compression ratio of a scroll compressor for T_ev -15..0 C and T_cd 30..55 C; parametric table on r_v_in.,compressors,steady,2,fr,ees,X7.403,84,29,,J/kg,R134a,2,DG-0006,no,low,own,Vincent Lemort,near-duplicate/variant of TM-0042 (Jaccard 0.97); EES ID stamp: J. Lebrun lab licence (ULiege),SI MASS DEG PA C J,30/30,,todo,
TM-0044,thermo_models,machines et systemes thermiques/MSTh - Repetitions/TP 02/~VL050926_2-3-1.EES,,Scroll refrigeration compressor (R134a): internal volume ratio vs isentropic efficiency and COP (MSTh R2 Ex3),Discusses the internal compression ratio of a scroll compressor for T_ev -15..0 C and T_cd 30..55 C; parametric table on r_v_in.,compressors,steady,2,fr,ees,X7.458,71,30,,J/kg,R134a,2,DG-0006,no,low,own,Vincent Lemort,near-duplicate/variant of TM-0042 (Jaccard 0.94); EES ID stamp: J. Lebrun lab licence (ULiege),SI MASS DEG PA C J +decimal-comma,30/30,,todo,
TM-0045,thermo_models,machines et systemes thermiques/MSTh - Repetitions/TP 03/MSTh-SB-R3-Ex1-2.EES,,"Compressor with leakage re-mixing: identified parameters (MSTh R3 Ex1 continued, SB)","Leakage section, constant mechanical efficiency and flow calculation with mixing of leakage into suction.",compressors,steady,1,fr,ees,X7.458,62,33,,+273.15,Air,1,DG-0010,yes,low,own,"ULiege MSTh course (J. Lebrun, V. Lemort, S. Bertagnolio)",representative of 2-file duplicate group; EES ID stamp: ULiege Thermodynamics Lab licence,SI MASS DEG PA C J,33/36,,todo,
TM-0046,thermo_models,machines et systemes thermiques/MSTh - Repetitions/TP 03/MSTh-SB-R3-Ex1.EES,,"Compressor with leakage re-mixing: identified parameters (MSTh R3 Ex1 continued, SB)","Leakage section, constant mechanical efficiency and flow calculation with mixing of leakage into suction.",compressors,steady,1,fr,ees,X7.458,56,33,,+273.15,Air,1,DG-0010,no,low,own,"ULiege MSTh course (J. Lebrun, V. Lemort, S. Bertagnolio)",near-duplicate/variant of TM-0045 (Jaccard 0.78); EES ID stamp: ULiege Thermodynamics Lab licence,SI MASS DEG PA C J,33/35,,todo,
TM-0047,thermo_models,machines et systemes thermiques/MSTh - Repetitions/TP 03/R3 - Ex 2 - SB.EES,,"Compressor with inlet pressure drop and speed-dependent leakage: optimum (MSTh R3 Ex2, SB)",Compressor characteristics identified in part 1 are extended to variable speed with an inlet pressure drop; an optimum is found from a parametric study.,compressors,steady,2,fr,ees,X7.458,87,43,,m^2;C;m;+273.15,Air,3,DG-0011,no,low,own,"ULiege MSTh course (J. Lebrun, V. Lemort, S. Bertagnolio)",near-duplicate/variant of TM-0048 (Jaccard 0.69); EES ID stamp: ULiege Thermodynamics Lab licence,SI MASS DEG PA C J,43/43,,todo,
TM-0048,thermo_models,machines et systemes thermiques/MSTh - Repetitions/TP 03/R3 - SB - Ex 2 - 2.EES,,"Compressor with inlet pressure drop and speed-dependent leakage: optimum (MSTh R3 Ex2, SB)",Compressor characteristics identified in part 1 are extended to variable speed with an inlet pressure drop; an optimum is found from a parametric study.,compressors,steady,2,fr,ees,X7.458,111,50,,m^2;C;m^3;m;+273.15,Air,3,DG-0011,yes,medium,own,"ULiege MSTh course (J. Lebrun, V. Lemort, S. Bertagnolio)",representative of 3-file duplicate group; EES ID stamp: ULiege Thermodynamics Lab licence,SI MASS DEG PA C J,51/51,,todo,
TM-0049,thermo_models,machines et systemes thermiques/MSTh - Repetitions/TP 03/R3 - SB - Ex 2.EES,,"Compressor with inlet pressure drop and speed-dependent leakage: optimum (MSTh R3 Ex2, SB)",Compressor characteristics identified in part 1 are extended to variable speed with an inlet pressure drop; an optimum is found from a parametric study.,compressors,steady,2,fr,ees,X7.458,92,46,,m^2;C;m;+273.15,Air,3,DG-0011,no,low,own,"ULiege MSTh course (J. Lebrun, V. Lemort, S. Bertagnolio)",near-duplicate/variant of TM-0048 (Jaccard 0.75); EES ID stamp: ULiege Thermodynamics Lab licence,SI MASS DEG PA C J,46/46,,todo,
TM-0050,thermo_models,machines et systemes thermiques/MSTh - Repetitions/TP 03/R3 ex 1 2.EES,,Compressor test with mixing of leakage and suction flows (MSTh R3 Ex1 continued),"Re-mixing of internal leakage, constant mechanical efficiency, swept volume and first-approximation iteration scheme (update guesses).",compressors,steady,1,fr,ees,X7.458,121,32,,J/kg-K;J/kg;Pa;-;kg/m^3;m^3/kg;C;J/m^3,Air,3,DG-0012,yes,low,own,"ULiege MSTh course (J. Lebrun, V. Lemort, S. Bertagnolio)",representative of 2-file duplicate group; EES ID stamp: ULiege Thermodynamics Lab licence,SI MASS DEG PA C J,32/36,,todo,
TM-0051,thermo_models,machines et systemes thermiques/MSTh - Repetitions/TP 03/R3 ex 1.EES,,Compressor test with mixing of leakage and suction flows (MSTh R3 Ex1 continued),"Re-mixing of internal leakage, constant mechanical efficiency, swept volume and first-approximation iteration scheme (update guesses).",compressors,steady,1,fr,ees,X7.458,113,35,,J/kg-K;J/kg;Pa;-;kg/m^3;m^3/kg;C;J/m^3,Air,3,DG-0012,no,low,own,"ULiege MSTh course (J. Lebrun, V. Lemort, S. Bertagnolio)",near-duplicate/variant of TM-0050 (Jaccard 0.68); EES ID stamp: ULiege Thermodynamics Lab licence,SI MASS DEG PA C J,35/36,,todo,
TM-0052,thermo_models,machines et systemes thermiques/MSTh - Repetitions/TP 04/20041012_Exercice_2.EES,,Centrifugal compressor coarse simulation with constant efficiencies (MSTh 2004-10-12 Ex2 solution),Increases the pressure ratio until the flow vanishes to find the theoretical maximum ratio (surge ignored); sonic regime at low ratios.,compressors,steady,1,fr,ees,X7.210,50,32,,m;Pa;kg/s;C;s^-1,Air,2,DG-0013,no,low,own,"ULiege MSTh course (J. Lebrun, V. Lemort, S. Bertagnolio)",4-file family (exercise 1 and 2 versions); near-duplicate/variant of TM-0056 (Jaccard 0.97); EES ID stamp: ULiege Thermodynamics Lab licence; C-23: same 32 equations (M_dot imposed for the max-r_p sweep),SI MASS DEG PA C J +decimal-comma,33/33,,duplicate,CSL-0023
TM-0053,thermo_models,machines et systemes thermiques/MSTh - Repetitions/TP 04/MSTh-SB-R4-Ex2-.EES,,"Turbo-expander parameter identification from new data (MSTh R4 Ex2 continued, SB)","Equivalent section, wheel parameters and shaft power from additional expander data.",expanders_turbines,steady,1,fr,ees,X7.458,51,30,,+273.15,Air,1,DG-0014,no,low,own,"ULiege MSTh course (J. Lebrun, V. Lemort, S. Bertagnolio)","near-duplicate/variant of TM-0064 (Jaccard 0.82); similar but not grouped: TM-0063 (J=0.51), TM-0072 (J=0.45); EES ID stamp: ULiege Thermodynamics Lab licence",SI MASS DEG PA C J,30/30,,todo,
TM-0054,thermo_models,machines et systemes thermiques/MSTh - Repetitions/TP 04/MSTH_041012_exercice_1.EES,,Centrifugal compressor coarse simulation with constant efficiencies (MSTh 2004-10-12 Ex2 solution),Increases the pressure ratio until the flow vanishes to find the theoretical maximum ratio (surge ignored); sonic regime at low ratios.,compressors,steady,1,fr,ees,X7.210,90,32,,J/kg;J/kg-K,Air,2,DG-0013,no,low,own,"ULiege MSTh course (J. Lebrun, V. Lemort, S. Bertagnolio)",4-file family (exercise 1 and 2 versions); near-duplicate/variant of TM-0056 (Jaccard 0.97); EES ID stamp: ULiege Thermodynamics Lab licence; C-23: same 32 equations (Ex1 statement header),SI MASS DEG PA C J +decimal-comma,33/33,,duplicate,CSL-0023
TM-0055,thermo_models,machines et systemes thermiques/MSTh - Repetitions/TP 04/MSTH_041012_exercice_2.EES,,Centrifugal compressor coarse simulation with constant efficiencies (MSTh 2004-10-12 Ex2 solution),Increases the pressure ratio until the flow vanishes to find the theoretical maximum ratio (surge ignored); sonic regime at low ratios.,compressors,steady,1,fr,ees,X7.210,86,32,,J/kg;J/kg-K,Air,1,DG-0013,no,low,own,"ULiege MSTh course (J. Lebrun, V. Lemort, S. Bertagnolio)","4-file family (exercise 1 and 2 versions); near-duplicate/variant of TM-0056 (Jaccard 0.97); EES ID stamp: J. Lebrun lab licence (ULiege); C-23: same 32 equations (nominal point, p_ex active); stored solution used as CSL-0023 verification reference",SI MASS DEG PA C J,33/33,,duplicate,CSL-0023
TM-0056,thermo_models,machines et systemes thermiques/MSTh - Repetitions/TP 04/MSTH_041012_exercice_2_corrigé.EES,,Centrifugal compressor coarse simulation with constant efficiencies (MSTh 2004-10-12 Ex2 solution),Increases the pressure ratio until the flow vanishes to find the theoretical maximum ratio (surge ignored); sonic regime at low ratios.,compressors,steady,1,fr,ees,X7.210,86,31,,J/kg;J/kg-K,Air,2,DG-0013,yes,medium,own,"ULiege MSTh course (J. Lebrun, V. Lemort, S. Bertagnolio)","4-file family (exercise 1 and 2 versions); representative of 4-file duplicate group; EES ID stamp: ULiege Thermodynamics Lab licence; C-23: representative (corrige, max-r_p sweep setup); imported as CSL-0023 with p_ex=1.5E5 default run",SI MASS DEG PA C J +decimal-comma,33/33,,added,CSL-0023
TM-0057,thermo_models,machines et systemes thermiques/MSTh - Repetitions/TP 04/MSTH_041012_exercice_6.EES,,"Centrifugal compressor design from flow and enthalpy factors, air (MSTh 2004-10-12 Ex4)","Optimal rotation speed and diameter of a turbocompressor (2.5 bar, 6000 m3/h, flow factor 0.3, enthalpy factor 1.4).",compressors,steady,1,fr,ees,X7.210,47,15,,J/kg;J/kg-K,Air,2,,yes,medium,own,"ULiege MSTh course (J. Lebrun, V. Lemort, S. Bertagnolio)","EES ID stamp: ULiege Thermodynamics Laboratory; C-73: first file of the exercise (air design), representative of the two-file exercise; imported as the main file of CSL-0069, whose 15 equations are identical to the CoolSolve example CSX-043; EES stored solution used as verification reference (12/15 variables within 3.0e-04, h and s offset by the EES-7 vs CoolProp Air reference states)",SI MASS DEG PA C J +decimal-comma,15/15,,added,CSL-0069
TM-0058,thermo_models,machines et systemes thermiques/MSTh - Repetitions/TP 04/MSTH_041012_exercice_6_suite.EES,,"Centrifugal compressor scaled to methane, ideal-gas vs real-gas (MSTh 2004-10-12 Ex4 continued)","Diameter and speed for 12000 m3/h of methane, 2 to 3 bar; first with ideal gas then real-gas properties.",compressors,steady,1,fr,ees,X7.210,60,15,,J/kg;J/kg-K,Methane,2,,yes,low,own,"ULiege MSTh course (J. Lebrun, V. Lemort, S. Bertagnolio)","EES ID stamp: ULiege Thermodynamics Laboratory; C-73: continuation file of the same exercise (methane); merged into CSL-0069 as its _methane variant file (real-gas methane active, ideal-gas CH4 lines commented out as in the original); verified against its own stored solution (12/15 within 2.6e-05, h and s reference-state offsets)",SI MASS DEG PA C J +decimal-comma,15/15,,merged,CSL-0069
TM-0059,thermo_models,machines et systemes thermiques/MSTh - Repetitions/TP 04/MSTH_041012_exercice_7.EES,,Turbocompressor optimal-regime similarity laws (MSTh 2004-10-12 Ex5),Optimal regime laws applied to a compressor designed for 2000 m3/h air 1 to 3 bar at 10000 rpm.,compressors,steady,1,fr,ees,X7.210,36,13,,m^3/kg;+273.15,Air,2,,yes,medium,own,"ULiege MSTh course (J. Lebrun, V. Lemort, S. Bertagnolio)",EES ID stamp: ULiege Thermodynamics Lab licence,SI MASS DEG PA C J +decimal-comma,13/13,,todo,
TM-0060,thermo_models,machines et systemes thermiques/MSTh - Repetitions/TP 04/MSTH_041012_exercice_7_suite.EES,,Turbocompressor optimal speed and flow at new inlet conditions (MSTh 2004-10-12 Ex5 continued),"Reduced variables (T in K, p in bar) for air at 0.9 bar / 50 C and 2.5 bar discharge.",compressors,steady,1,fr,ees,X7.210,36,13,,m^3/kg;+273.15,Air,1,,yes,low,own,"ULiege MSTh course (J. Lebrun, V. Lemort, S. Bertagnolio)",EES ID stamp: ULiege Thermodynamics Lab licence,SI MASS DEG PA C J +decimal-comma,13/13,,todo,
TM-0061,thermo_models,machines et systemes thermiques/MSTh - Repetitions/TP 04/MSTH_041012_exercice_8.EES,,Turbocompressor at constant speed from measured pressure-ratio data (MSTh 2004-10-12 Ex6),Flow and power variations for a constant-speed turbocompressor from three tabulated operating points (lookup).,compressors,steady,1,fr,ees,X7.210,27,11,LOOKUP,+273.15,Air,2,,yes,low,own,"ULiege MSTh course (J. Lebrun, V. Lemort, S. Bertagnolio)",EES ID stamp: ULiege Thermodynamics Lab licence; C-36: EES original of CSX-045 imported as CSL-0035 (native blocked; stored solution verified; lost .lkt and table not reproducible - see model README),SI MASS DEG BAR C J +decimal-comma,12/12,parametric:Table 1(127x2),added,CSL-0035
TM-0062,thermo_models,machines et systemes thermiques/MSTh - Repetitions/TP 04/R4-Ex2.EES,,Turbo-expander: ideal nozzle and Laval wheel (MSTh R4 Ex2),"Nozzle with total-enthalpy conservation and possible choking at the throat, followed by a Laval wheel; shaft power and efficiency.",expanders_turbines,steady,1,fr,ees,X7.458,55,28,,+273.15,Air,1,,yes,low,own,"ULiege MSTh course (J. Lebrun, V. Lemort, S. Bertagnolio)",EES ID stamp: ULiege Thermodynamics Lab licence,SI MASS DEG PA C J,28/28,,todo,
TM-0063,thermo_models,machines et systemes thermiques/MSTh - Repetitions/TP 04/SB/MSTh-SB-R4-Ex1.EES,,"Turbo-expander model: isentropic nozzle + Laval wheel (MSTh R4 Ex1, SB solution)","Equivalent nozzle section from relative values, choked-throat logic, wheel power.",expanders_turbines,steady,1,fr,ees,X7.458,52,26,,,Air,2,,yes,medium,own,"ULiege MSTh course (J. Lebrun, V. Lemort, S. Bertagnolio)","similar but not grouped: TM-0065 (J=0.51), TM-0053 (J=0.51); EES ID stamp: ULiege Thermodynamics Lab licence",SI MASS DEG PA C J,27/28,,todo,
TM-0064,thermo_models,machines et systemes thermiques/MSTh - Repetitions/TP 04/SB/MSTh-SB-R4-Ex2-2.EES,,"Turbo-expander parameter identification from new data (MSTh R4 Ex2 continued, SB)","Equivalent section, wheel parameters and shaft power from additional expander data.",expanders_turbines,steady,1,fr,ees,X7.458,55,30,,+273.15,Air,2,DG-0014,yes,medium,own,"ULiege MSTh course (J. Lebrun, V. Lemort, S. Bertagnolio)",representative of 3-file duplicate group; similar but not grouped: TM-0063 (J=0.47); EES ID stamp: ULiege Thermodynamics Lab licence,SI MASS DEG PA C J,30/30,,todo,
TM-0065,thermo_models,machines et systemes thermiques/MSTh - Repetitions/TP 04/SB/MSTh-SB-R4-Ex2.EES,,"Turbo-expander parameter identification from new data (MSTh R4 Ex2 continued, SB)","Equivalent section, wheel parameters and shaft power from additional expander data.",expanders_turbines,steady,1,fr,ees,X7.458,51,30,,+273.15,Air,1,DG-0014,no,low,own,"ULiege MSTh course (J. Lebrun, V. Lemort, S. Bertagnolio)","near-duplicate/variant of TM-0064 (Jaccard 0.82); similar but not grouped: TM-0063 (J=0.51), TM-0072 (J=0.45); EES ID stamp: ULiege Thermodynamics Lab licence",SI MASS DEG PA C J,30/30,,todo,
TM-0066,thermo_models,machines et systemes thermiques/MSTh - Repetitions/TP 04/SB/MSTh-SB-R4-Ex3.EES,,"Centrifugal compressor impeller and adiabatic diffuser performance (MSTh R4 Ex3, SB)",Impeller pressure ratio and exit flow/speed followed by an adiabatic diffuser.,compressors,steady,1,fr,ees,X7.458,52,32,,,Air,1,,yes,low,own,"ULiege MSTh course (J. Lebrun, V. Lemort, S. Bertagnolio)",similar but not grouped: TM-0067 (J=0.46); EES ID stamp: ULiege Thermodynamics Lab licence,SI MASS DEG PA C J,32/32,,todo,
TM-0067,thermo_models,machines et systemes thermiques/MSTh - Repetitions/TP 04/SB/MSTh-SB-R4-Ex5.EES,,"Centrifugal compressor impeller/diffuser used with R22 in refrigeration (MSTh R4 Ex5, SB)","Same turbo-compressor with refrigerant: impeller performance, diffuser, Mach number limit at wheel tip.",refrigeration_heat_pumps,steady,1,fr,ees,X7.458,65,38,,,R22,1,,yes,low,own,"ULiege MSTh course (J. Lebrun, V. Lemort, S. Bertagnolio)",similar but not grouped: TM-0066 (J=0.46); EES ID stamp: ULiege Thermodynamics Lab licence,SI MASS DEG PA C J,15/39,,todo,
TM-0068,thermo_models,machines et systemes thermiques/MSTh - Repetitions/TP 04/SB/MSTh-SB-R4-Ex6.EES,,"Turbomachine dimensionless factors: optimal diameter and speed (MSTh R4 Ex6, SB)","Flow factor, enthalpy factor and optimal diameter/speed calculation.",compressors,steady,1,fr,ees,X7.458,26,17,,,Air,1,,yes,low,own,"ULiege MSTh course (J. Lebrun, V. Lemort, S. Bertagnolio)",EES ID stamp: ULiege Thermodynamics Lab licence,SI MASS DEG PA C J,17/17,,todo,
TM-0069,thermo_models,machines et systemes thermiques/MSTh - Repetitions/TP 04/SB/MSTh-SB-R4-Ex7.EES,,"Turbocompressor optimal-regime laws: constants and second regime (MSTh R4 Ex7, SB)",Identifies the two constants of the optimal-regime laws from the first regime and computes optimal flow/speed for the second regime.,compressors,steady,1,fr,ees,X7.458,48,25,,+273.15;~p:Pa,Air,1,,yes,low,own,"ULiege MSTh course (J. Lebrun, V. Lemort, S. Bertagnolio)",EES ID stamp: ULiege Thermodynamics Lab licence,SI MASS DEG PA C J,25/25,,todo,
TM-0070,thermo_models,machines et systemes thermiques/MSTh - Repetitions/TP 04/SB/R4 - SB - Ex 1.EES,,"Turbo-expander: nozzle, Laval wheel, shaft power (MSTh R4 Ex1 alternative solution)","Expansion in an isentropic nozzle with possible choking, Laval wheel, global isentropic efficiency.",expanders_turbines,steady,1,fr,ees,X7.458,54,27,,+273.15,Air,1,,yes,low,own,"ULiege MSTh course (J. Lebrun, V. Lemort, S. Bertagnolio)","similar but not grouped: TM-0072 (J=0.57), TM-0071 (J=0.54); EES ID stamp: ULiege Thermodynamics Lab licence",SI MASS DEG PA C J,13/28,,todo,
TM-0071,thermo_models,machines et systemes thermiques/MSTh - Repetitions/TP 04/SB/R4 - SB - Ex 2 - 2.EES,,"Turbo-expander with new data (MSTh R4 Ex2 continued, alternative)","Isentropic nozzle expansion, equivalent section, wheel shaft power.",expanders_turbines,steady,1,fr,ees,X7.458,57,27,,+273.15,Air,1,DG-0015,yes,low,own,"ULiege MSTh course (J. Lebrun, V. Lemort, S. Bertagnolio)",representative of 2-file duplicate group; similar but not grouped: TM-0070 (J=0.54); EES ID stamp: ULiege Thermodynamics Lab licence,SI MASS DEG PA C J,28/28,,todo,
TM-0072,thermo_models,machines et systemes thermiques/MSTh - Repetitions/TP 04/SB/R4 - SB - Ex 2.EES,,"Turbo-expander with new data (MSTh R4 Ex2 continued, alternative)","Isentropic nozzle expansion, equivalent section, wheel shaft power.",expanders_turbines,steady,1,fr,ees,X7.458,52,28,,+273.15,Air,1,DG-0015,no,low,own,"ULiege MSTh course (J. Lebrun, V. Lemort, S. Bertagnolio)","near-duplicate/variant of TM-0071 (Jaccard 0.83); similar but not grouped: TM-0070 (J=0.57), TM-0065 (J=0.45); EES ID stamp: ULiege Thermodynamics Lab licence",SI MASS DEG PA C J,28/28,,todo,
TM-0073,thermo_models,machines et systemes thermiques/MSTh - Repetitions/TP 04/SB/R4 - SB - Ex 3.EES,,Impeller and adiabatic diffuser (MSTh R4 Ex3 alternative),"Impeller performance, exit flow and speed, adiabatic diffuser pressure ratio.",compressors,steady,1,en,ees,X7.458,62,38,,,Air,1,,yes,low,own,"ULiege MSTh course (J. Lebrun, V. Lemort, S. Bertagnolio)",EES ID stamp: ULiege Thermodynamics Lab licence,SI MASS DEG PA C J,38/38,,todo,
TM-0074,thermo_models,machines et systemes thermiques/MSTh - Repetitions/TP 05/Copie de MSTh-SB-R5-Ex2.EES,,"R134a evaporator coil (air side) dry/wet regime (MSTh R5 Ex2, SB solution)",Air cooler with R134a evaporator in a refrigeration cycle; author notes numerical instability on exit relative humidity.,refrigeration_heat_pumps,steady,1,fr,ees,X7.458,63,33,PSYCH,~T:C,R134a;AirH2O,1,DG-0016,no,skip,own,"ULiege MSTh course (J. Lebrun, V. Lemort, S. Bertagnolio)","known numerical instability (RH_ex); identical equations to TM-0078; EES ID stamp: ULiege Thermodynamics Lab licence; byte-identical copy of TM-0078 (same MD5) - duplicate of CSL-0031",SI MASS DEG PA C J,22/35,,duplicate,CSL-0031
TM-0075,thermo_models,machines et systemes thermiques/MSTh - Repetitions/TP 05/MSTh R5 Ex 1 2.EES,,"Air-water cooling coil: dry regime, condensation check and wet regime (MSTh R5 Ex1 continued)",Nominal dry regime with counterflow epsilon-NTU; relative humidity above 100% triggers the wet regime treatment with explanatory comments.,hvac_psychrometrics,steady,2,en,ees,X7.458,76,41,PSYCH,Pa,AirH2O;Water,2,DG-0017,yes,medium,own,"ULiege MSTh course (J. Lebrun, V. Lemort, S. Bertagnolio)",representative of 2-file duplicate group; EES ID stamp: ULiege Thermodynamics Lab licence; same R5 Ex1 coil question variant - duplicate of CSL-0017,SI MASS DEG PA C J,15/50,,duplicate,CSL-0017
TM-0076,thermo_models,machines et systemes thermiques/MSTh - Repetitions/TP 05/MSTh R5 Ex 1.EES,,"Air-water cooling coil: dry regime, condensation check and wet regime (MSTh R5 Ex1 continued)",Nominal dry regime with counterflow epsilon-NTU; relative humidity above 100% triggers the wet regime treatment with explanatory comments.,hvac_psychrometrics,steady,2,en,ees,X7.458,58,31,PSYCH,Pa,AirH2O;Water,2,DG-0017,no,low,own,"ULiege MSTh course (J. Lebrun, V. Lemort, S. Bertagnolio)",near-duplicate/variant of TM-0075 (Jaccard 0.61); EES ID stamp: ULiege Thermodynamics Lab licence; shorter question file of the same R5 Ex1 coil - duplicate of CSL-0017,SI MASS DEG PA C J,29/32,,duplicate,CSL-0017
TM-0077,thermo_models,machines et systemes thermiques/MSTh - Repetitions/TP 05/MSTh-SB-R5-Ex1.EES,,"Air-water cooling coil: dry and wet regimes (MSTh R5 Ex1, SB solution)","Counterflow dry-regime performance, condensation risk and wet-regime calculation.",hvac_psychrometrics,steady,2,fr,ees,X7.458,102,60,PSYCH,,AirH2O;Water,2,,yes,medium,own,"ULiege MSTh course (J. Lebrun, V. Lemort, S. Bertagnolio)",EES ID stamp: ULiege Thermodynamics Lab licence; SB solution of the R5 Ex1 chilled-water coil imported as CSL-0017 (verified 60/60 vs the EES stored solution),SI MASS DEG PA C J,60/60,,added,CSL-0017
TM-0078,thermo_models,machines et systemes thermiques/MSTh - Repetitions/TP 05/MSTh-SB-R5-Ex2.EES,,"R134a evaporator coil (air side) dry/wet regime (MSTh R5 Ex2, SB solution)",Air cooler with R134a evaporator in a refrigeration cycle; author notes numerical instability on exit relative humidity.,refrigeration_heat_pumps,steady,1,fr,ees,X7.458,63,33,PSYCH,~T:C,R134a;AirH2O,1,DG-0016,yes,low,own,"ULiege MSTh course (J. Lebrun, V. Lemort, S. Bertagnolio)","known numerical instability (RH_ex); representative of 2-file duplicate group (1 with identical equations); EES ID stamp: ULiege Thermodynamics Lab licence; EES original of CoolSolve example CSX-015 - SB solution imported as CSL-0031 (verified: 20/22 stored variables within rtol=0.001; the 2 others are absolute enthalpies with an R134a reference-state offset)",SI MASS DEG PA C J,22/35,,added,CSL-0031
TM-0079,thermo_models,machines et systemes thermiques/MSTh - Repetitions/TP 05/MSTh-SB-R5-Ex3.EES,,"Air coil with constant parameters: air flow rate calculation (MSTh R5 Ex3, SB)",Air flow from assumed-constant coil parameters.,hvac_psychrometrics,steady,1,fr,ees,X7.458,49,21,PSYCH,-,AirH2O,1,,yes,low,own,"ULiege MSTh course (J. Lebrun, V. Lemort, S. Bertagnolio)",EES ID stamp: ULiege Thermodynamics Lab licence; wet air-cooled condenser imported as CSL-0032 (verified 15/15 stored variables; max rel diff 7.4e-4); CoolSolve example CSX-009 is a verbatim transcription,SI MASS DEG PA C J,15/28,,added,CSL-0032
TM-0080,thermo_models,machines et systemes thermiques/MSTh - Repetitions/TP 05/R5 - Ex 1.EES,,"Air treatment coil: dry-regime effectiveness, NTU, AU from resistances (MSTh R5 Ex1)","Heavily commented coil exercise: counterflow, NTU_dry, omega_dry, overall conductance from individual resistances.",hvac_psychrometrics,steady,1,fr,ees,X7.458,111,25,PSYCH,-,AirH2O,3,,yes,medium,own,"ULiege MSTh course (J. Lebrun, V. Lemort, S. Bertagnolio)",EES ID stamp: ULiege Thermodynamics Lab licence; exercise file with only the dry regime solved (wet regime commented out) - duplicate of CSL-0017,SI MASS DEG PA C J,25/50,,duplicate,CSL-0017
TM-0081,thermo_models,machines et systemes thermiques/MSTh - Repetitions/TP 05/R5 - Ex 2.EES,,"R5 Ex2: R134a evaporator coil, air side (uncommented)",Short version with air-side and R134a-side equations; no documentation.,refrigeration_heat_pumps,steady,1,fr,ees,X7.458,31,22,PSYCH,~T:C,AirH2O;R134a,0,,yes,skip,own,"ULiege MSTh course (J. Lebrun, V. Lemort, S. Bertagnolio)","EES ID stamp: ULiege Thermodynamics Lab licence; C-32 triage: exercise-statement version of the same R5 Ex2 exercise but a different model (imposed evaporator pressures; semi-isothermal refrigerant side; outlet air state from the imposed RH_ex directly; no epsilon-NTU performance block; renamed variables) - separate model candidate; left todo for its own card",SI MASS DEG PA C J,24/24,,todo,
TM-0082,thermo_models,machines et systemes thermiques/MSTh - Repetitions/TP 05/SB/R5 - SB - Ex 1.EES,,"Cooling coil nominal dry regime and humid regime (MSTh R5 Ex1, SB alternative)","Nominal dry regime, effectiveness, relative humidity at exit above 100% so humid regime.",hvac_psychrometrics,steady,2,fr,ees,X7.458,105,59,PSYCH,,Water;AirH2O,2,,yes,low,own,"ULiege MSTh course (J. Lebrun, V. Lemort, S. Bertagnolio)",EES ID stamp: ULiege Thermodynamics Lab licence; alternative SB solution with renamed variables and another wet-regime closure (NTU_c with R_a_f*C_dot_a_f; wet cp at the mean wet temperature) - merged into CSL-0017 (documented in its README; C-25 review: not a plain duplicate),SI MASS DEG PA C J,59/61,,merged,CSL-0017
TM-0083,thermo_models,machines et systemes thermiques/MSTh - Repetitions/TP 05/SB/R5 - SB - Ex 2 - 2.EES,,"R134a refrigeration cycle with air evaporator coil (MSTh R5 Ex2, SB alternative)","Refrigerant and air sides, isenthalpic expansion, evaporator effectiveness.",refrigeration_heat_pumps,steady,1,fr,ees,X7.458,63,32,PSYCH,~T:C,R134a;AirH2O,1,DG-0018,no,low,own,"ULiege MSTh course (J. Lebrun, V. Lemort, S. Bertagnolio)","near-duplicate/variant of TM-0084 (Jaccard 0.88); EES ID stamp: ULiege Thermodynamics Lab licence; C-32 triage: SB alternative solution of the same R5 Ex2 statement with a counterflow epsilon-NTU law on both streams and a 12 kW duty - different level of detail from CSL-0031 (the air-side/refrigerant component with the wet-regime fictitious capacity rate); left todo for its own card",SI MASS DEG PA C J,32/32,,todo,
TM-0084,thermo_models,machines et systemes thermiques/MSTh - Repetitions/TP 05/SB/R5 - SB - Ex 2.EES,,"R134a refrigeration cycle with air evaporator coil (MSTh R5 Ex2, SB alternative)","Refrigerant and air sides, isenthalpic expansion, evaporator effectiveness.",refrigeration_heat_pumps,steady,1,fr,ees,X7.458,62,32,PSYCH,~T:C,R134a;AirH2O,1,DG-0018,yes,low,own,"ULiege MSTh course (J. Lebrun, V. Lemort, S. Bertagnolio)","representative of 2-file duplicate group; EES ID stamp: ULiege Thermodynamics Lab licence; C-32 triage: SB alternative solution of the same R5 Ex2 statement (counterflow epsilon-NTU on both streams; the isenthalpic expansion gives the evaporator inlet temperature; 12 kW duty) - different level of detail from CSL-0031; left todo for its own card",SI MASS DEG PA C J,32/32,parametric:table1(729x2),todo,
TM-0085,thermo_models,machines et systemes thermiques/MSTh - Repetitions/TP 05/SB/R5 - SB - Ex 3 - 2.EES,,"Evaporative condenser effectiveness, semi-isothermal exchanger (MSTh R5 Ex3 continued, SB)",Evaporative condenser treated as semi-isothermal exchanger with constant coefficient.,hvac_psychrometrics,steady,1,fr,ees,X7.458,25,12,PSYCH,~T:C,AirH2O,1,DG-0019,no,low,own,"ULiege MSTh course (J. Lebrun, V. Lemort, S. Bertagnolio)",near-duplicate/variant of TM-0086 (Jaccard 0.79); EES ID stamp: ULiege Thermodynamics Lab licence,SI MASS DEG PA C J,13/13,,todo,
TM-0086,thermo_models,machines et systemes thermiques/MSTh - Repetitions/TP 05/SB/R5 - SB - Ex 3.EES,,"Evaporative condenser effectiveness, semi-isothermal exchanger (MSTh R5 Ex3 continued, SB)",Evaporative condenser treated as semi-isothermal exchanger with constant coefficient.,hvac_psychrometrics,steady,1,fr,ees,X7.458,26,13,PSYCH,~T:C,AirH2O,1,DG-0019,yes,low,own,"ULiege MSTh course (J. Lebrun, V. Lemort, S. Bertagnolio)",representative of 2-file duplicate group; EES ID stamp: ULiege Thermodynamics Lab licence,SI MASS DEG PA C J,13/13,,todo,
TM-0087,thermo_models,machines et systemes thermiques/MSTh - Repetitions/TP 06/MSTH 051024 exercice 1.EES,,"Cooling tower outlet water temperature, counterflow (MSTh 2005-10-24 Ex1)","AU_dry 90 kW/K, 50 kg/s water and 60 kg/s air, 35 C inlet water.",hvac_psychrometrics,steady,1,fr,ees,X7.458,39,24,PSYCH,,AirH2O,2,DG-0020,no,skip,own,"ULiege MSTh course (J. Lebrun, V. Lemort, S. Bertagnolio)","3 identical copies in TP 06/TP 08; identical equations to TM-0093; similar but not grouped: TM-0094 (J=0.45), TM-0088 (J=0.45); EES ID stamp: J. Lebrun lab licence (ULiege)",SI MASS DEG PA C J,24/24,,todo,
TM-0088,thermo_models,machines et systemes thermiques/MSTh - Repetitions/TP 06/MSTH 051024 EXERCICE 2.EES,,Cooling tower regimes and fan power vs water setpoint 26-36 C (MSTh 2005-10-24 Ex2),"Determines operating regimes, outlet temperatures, heat rejected and mean electric power for a two-speed fan tower.",hvac_psychrometrics,steady,2,fr,ees,X7.458,76,53,PSYCH,,AirH2O,2,DG-0021,no,skip,own,"ULiege MSTh course (J. Lebrun, V. Lemort, S. Bertagnolio)","identical equations to TM-0094; similar but not grouped: TM-0122 (J=0.45), TM-0093 (J=0.45); EES ID stamp: J. Lebrun lab licence (ULiege); duplicate copy of the MSTH 051024 Ex2 exercise; covered by CSL-0030 (CSX-011 import; TM-0094 is the verification reference)",SI MASS DEG PA C J,54/55,,duplicate,CSL-0030
TM-0089,thermo_models,machines et systemes thermiques/MSTh - Repetitions/TP 06/MSTh R6 Ex 1.EES,,Direct-contact cooling tower as fictitious dry exchanger on wet-bulb temperatures (MSTh R6 Ex1),Counterflow tower with saturated outlet air; fictitious ideal dry fluid whose temperatures are wet-bulb temperatures.,hvac_psychrometrics,steady,1,fr,ees,X7.458,76,28,PSYCH,kg/s;C;W/K;Pa,AirH2O,2,,yes,medium,own,"ULiege MSTh course (J. Lebrun, V. Lemort, S. Bertagnolio)","similar but not grouped: TM-0091 (J=0.50), TM-0090 (J=0.48); EES ID stamp: ULiege Thermodynamics Lab licence",SI MASS DEG PA C J,28/28,,todo,
TM-0090,thermo_models,machines et systemes thermiques/MSTh - Repetitions/TP 06/MSTH R6 EX 2 2.EES,,Cooling tower at nominal and half-speed regimes (MSTh R6 Ex2),Equations duplicated with index 'r' for the reduced regime (half fan speed).,hvac_psychrometrics,steady,2,fr,ees,X7.458,141,58,PSYCH,kg/s;C;W/K;Pa;W,AirH2O,2,DG-0022,yes,medium,own,"ULiege MSTh course (J. Lebrun, V. Lemort, S. Bertagnolio)","2 near-identical versions; representative of 2-file duplicate group; similar but not grouped: TM-0089 (J=0.48); EES ID stamp: ULiege Thermodynamics Lab licence; triaged next to CSL-0030: different exercise (MSTh R6 Ex2, fictitious-dry-fluid rating with fixed values) - separate future model; C-38: set back to todo (parked is reserved for publication issues; this is a different exercise, to be processed by a later card, possibly as a variant of CSL-0030)",SI MASS DEG PA C J,59/59,,todo,
TM-0091,thermo_models,machines et systemes thermiques/MSTh - Repetitions/TP 06/MSTh R6 Ex 2.EES,,Cooling tower at nominal and half-speed regimes (MSTh R6 Ex2),Equations duplicated with index 'r' for the reduced regime (half fan speed).,hvac_psychrometrics,steady,2,fr,ees,X7.458,136,56,PSYCH,kg/s;C;W/K;Pa;W,AirH2O,2,DG-0022,no,low,own,"ULiege MSTh course (J. Lebrun, V. Lemort, S. Bertagnolio)","2 near-identical versions; near-duplicate/variant of TM-0090 (Jaccard 0.97); similar but not grouped: TM-0089 (J=0.50); EES ID stamp: ULiege Thermodynamics Lab licence; triaged next to CSL-0030: different exercise (MSTh R6 Ex2) - separate future model; C-38: set back to todo (parked is reserved for publication issues; this is a different exercise, to be processed by a later card, possibly as a variant of CSL-0030)",SI MASS DEG PA C J,56/56,,todo,
TM-0092,thermo_models,machines et systemes thermiques/MSTh - Repetitions/TP 06/MSTH051024 exercice 4.EES,,Chilled-water storage tank (120 m3) with glycol heat exchanger: discharge power curve (MSTh 2005-10-24 Ex4),Dynamic discharge of a thermal storage using INTEGRAL and an IntegralTable over time.,storage,dynamic,1,fr,ees,X7.458,44,26,INTEGRAL,,Water,2,DG-0023,no,skip,own,"ULiege MSTh course (J. Lebrun, V. Lemort, S. Bertagnolio)",3 identical copies (TP 06 / TP 08); identical equations to TM-0095; EES ID stamp: J. Lebrun lab licence (ULiege); C-43: same ice-storage discharge exercise as TM-0104 (statement in file) with equivalent equations but AU=1E6 and P=1E5; duplicate of CSL-0041,SI MASS DEG PA C J,27/27,,duplicate,CSL-0041
TM-0093,thermo_models,machines et systemes thermiques/MSTh - Repetitions/TP 06/MSTH051024exercice1.EES,,"Cooling tower outlet water temperature, counterflow (MSTh 2005-10-24 Ex1)","AU_dry 90 kW/K, 50 kg/s water and 60 kg/s air, 35 C inlet water.",hvac_psychrometrics,steady,1,fr,ees,X7.458,39,24,PSYCH,,AirH2O,2,DG-0020,yes,medium,own,"ULiege MSTh course (J. Lebrun, V. Lemort, S. Bertagnolio)","3 identical copies in TP 06/TP 08; representative of 3-file duplicate group (2 with identical equations); similar but not grouped: TM-0094 (J=0.45), TM-0088 (J=0.45); EES ID stamp: J. Lebrun lab licence (ULiege)",SI MASS DEG PA C J,24/24,,todo,
TM-0094,thermo_models,machines et systemes thermiques/MSTh - Repetitions/TP 06/MSTH051024EXERCICE2.EES,,Cooling tower regimes and fan power vs water setpoint 26-36 C (MSTh 2005-10-24 Ex2),"Determines operating regimes, outlet temperatures, heat rejected and mean electric power for a two-speed fan tower.",hvac_psychrometrics,steady,2,fr,ees,X7.458,76,53,PSYCH,,AirH2O,2,DG-0021,yes,medium,own,"ULiege MSTh course (J. Lebrun, V. Lemort, S. Bertagnolio)","representative of 2-file duplicate group (1 with identical equations); similar but not grouped: TM-0122 (J=0.45), TM-0093 (J=0.45); EES ID stamp: J. Lebrun lab licence (ULiege); EES original of CSX-011 (equations identical to the example); verification reference (stored solution, last run t_w_ex_set=35); imported as CSL-0030",SI MASS DEG PA C J,54/55,,added,CSL-0030
TM-0095,thermo_models,machines et systemes thermiques/MSTh - Repetitions/TP 06/MSTH051024exercice4.EES,,Chilled-water storage tank (120 m3) with glycol heat exchanger: discharge power curve (MSTh 2005-10-24 Ex4),Dynamic discharge of a thermal storage using INTEGRAL and an IntegralTable over time.,storage,dynamic,1,fr,ees,X7.458,44,26,INTEGRAL,,Water,2,DG-0023,yes,high,own,"ULiege MSTh course (J. Lebrun, V. Lemort, S. Bertagnolio)",3 identical copies (TP 06 / TP 08); representative of 3-file duplicate group (2 with identical equations); EES ID stamp: J. Lebrun lab licence (ULiege); C-43: representative of DG-0023; same ice-storage discharge exercise as TM-0104 (statement in file) with equivalent equations but AU=1E6 and P=1E5; its complete stored solution (u_ice_0=-333451.5 J/kg...) is the EES verification reference of CSL-0041,SI MASS DEG PA C J,27/27,,duplicate,CSL-0041
TM-0096,thermo_models,machines et systemes thermiques/MSTh - Repetitions/TP 06/R6 - Ex 1.EES,,Cooling tower counterflow exchanger: NTU and omega (MSTh R6 Ex1 alternative),"Counterflow tower equations on water and air sides, first approximation then precise calculation.",hvac_psychrometrics,steady,1,fr,ees,X7.458,49,28,PSYCH,,AirH2O,1,,yes,low,own,"ULiege MSTh course (J. Lebrun, V. Lemort, S. Bertagnolio)",EES ID stamp: ULiege Thermodynamics Lab licence,SI MASS DEG PA C J,28/29,,todo,
TM-0097,thermo_models,machines et systemes thermiques/MSTh - Repetitions/TP 06/R6 - SB - Ex 1.EES,,"Direct-contact cooling tower with fictitious exchanger and evaporated water (MSTh R6 Ex1, SB)","Fictitious equivalent exchanger, AU relation, tower effectiveness, evaporated water flow.",hvac_psychrometrics,steady,1,fr,ees,X7.458,58,32,PSYCH,kg/s;W/K,AirH2O,1,,yes,low,own,"ULiege MSTh course (J. Lebrun, V. Lemort, S. Bertagnolio)",EES ID stamp: ULiege Thermodynamics Lab licence,SI MASS DEG PA C J,32/32,,todo,
TM-0098,thermo_models,machines et systemes thermiques/MSTh - Repetitions/TP 06/R6 - SB - Ex 2.EES,,"Cooling tower Min/Max and On/Off operating regimes (MSTh R6 Ex1/2, SB)","Nominal, reduced and off regimes with mean consumption.",hvac_psychrometrics,steady,2,fr,ees,X7.458,135,76,PSYCH,kg/s;W/K,AirH2O,2,,yes,low,own,"ULiege MSTh course (J. Lebrun, V. Lemort, S. Bertagnolio)",EES ID stamp: ULiege Thermodynamics Lab licence,SI MASS DEG PA C J,77/77,,todo,
TM-0099,thermo_models,machines et systemes thermiques/MSTh - Repetitions/TP 06/R6 - SB - Ex 3.EES,,"Chiller condenser served by a cooling tower, AU proportional to air flow (MSTh R6 Ex2/3, SB)",Cooling tower + refrigeration cycle + fan models.,refrigeration_heat_pumps,steady,2,fr,ees,X7.458,79,45,PSYCH,,AirH2O,1,,yes,low,own,"ULiege MSTh course (J. Lebrun, V. Lemort, S. Bertagnolio)",EES ID stamp: ULiege Thermodynamics Lab licence,SI MASS DEG PA C J,45/45,,todo,
TM-0100,thermo_models,machines et systemes thermiques/MSTh - Repetitions/TP 06/SB/MSTh-SB-R6-Ex1.EES,,"Cooling tower water and air sides (MSTh R6 Ex1, SB alternative)",Tower performance from water-side and air-side balances.,hvac_psychrometrics,steady,1,fr,ees,X7.458,41,28,PSYCH,,Water;AirH2O,1,,yes,low,own,"ULiege MSTh course (J. Lebrun, V. Lemort, S. Bertagnolio)",EES ID stamp: ULiege Thermodynamics Lab licence,SI MASS DEG PA C J,28/28,,todo,
TM-0101,thermo_models,machines et systemes thermiques/MSTh - Repetitions/TP 06/SB/MSTh-SB-R6-Ex2.EES,,"Cooling tower nominal and reduced fan speed (MSTh R6 Ex2, SB alternative)",Nominal regime and half-speed regime with fan power.,hvac_psychrometrics,steady,2,fr,ees,X7.458,101,63,PSYCH,,Water;AirH2O,1,,yes,low,own,"ULiege MSTh course (J. Lebrun, V. Lemort, S. Bertagnolio)",EES ID stamp: ULiege Thermodynamics Lab licence,SI MASS DEG PA C J,64/64,,todo,
TM-0102,thermo_models,machines et systemes thermiques/MSTh - Repetitions/TP 06/SB/MSTh-SB-R6-Ex3-1.EES,,"Chiller + cooling tower parameters from nominal regime and simulation table (MSTh R6 Ex3 continued, SB)","Laws linking nominal regime to other regimes, simulation by parametric table.",refrigeration_heat_pumps,steady,2,fr,ees,X7.458,71,44,PSYCH,,AirH2O,1,DG-0024,no,low,own,"ULiege MSTh course (J. Lebrun, V. Lemort, S. Bertagnolio)",near-duplicate/variant of TM-0103 (Jaccard 0.72); EES ID stamp: ULiege Thermodynamics Lab licence,SI MASS DEG PA C J,44/46,,todo,
TM-0103,thermo_models,machines et systemes thermiques/MSTh - Repetitions/TP 06/SB/MSTh-SB-R6-Ex3-2.EES,,"Chiller + cooling tower parameters from nominal regime and simulation table (MSTh R6 Ex3 continued, SB)","Laws linking nominal regime to other regimes, simulation by parametric table.",refrigeration_heat_pumps,steady,2,fr,ees,X7.458,88,47,PSYCH,-,AirH2O,1,DG-0024,yes,low,own,"ULiege MSTh course (J. Lebrun, V. Lemort, S. Bertagnolio)",representative of 2-file duplicate group; EES ID stamp: ULiege Thermodynamics Lab licence,SI MASS DEG PA C J,47/51,,todo,
TM-0104,thermo_models,machines et systemes thermiques/MSTh - Repetitions/TP 06/SB/MSTh-SB-R6-Ex4.EES,,"Ice storage: sensible/latent energy balance and discharge dynamics (MSTh R6 Ex4, SB)","Integrates internal-energy change of storage over time (INTEGRAL, IntegralTable) with ice/liquid temperatures.",storage,dynamic,1,fr,ees,X7.458,54,39,INTEGRAL,~T:C,Water,2,,yes,high,own,"ULiege MSTh course (J. Lebrun, V. Lemort, S. Bertagnolio)",EES ID stamp: ULiege Thermodynamics Lab licence; C-43: EES original of CoolSolve example CSX-023; imported as CSL-0041 (native file blocked; runnable variant verified against the TM-0095 stored solution),SI MASS DEG PA C J,16/40,,added,CSL-0041
TM-0105,thermo_models,machines et systemes thermiques/MSTh - Repetitions/TP 07/MSTh R7 Ex 1.EES,,"Fuel-oil boiler: combustion stoichiometry, flue gas heat exchange and efficiency (MSTh R7 Ex1-3)","Per kg of fuel (C/H mass fractions): combustion products, flue-gas to water exchange, return-water temperature, parametric table.",combustion_boilers,steady,2,fr,ees,X7.458,71,43,,W/K;J/kg-K;J/kg;kg/s,Air,3,DG-0025,no,low,own,"ULiege MSTh course (J. Lebrun, V. Lemort, S. Bertagnolio)",10-file family incl. VL051107 versions; chained variants (Jaccard 0.44-0.98); near-duplicate/variant of TM-0108 (Jaccard 0.50); EES ID stamp: ULiege Thermodynamics Lab licence,SI MASS DEG PA C J,43/43,,todo,
TM-0106,thermo_models,machines et systemes thermiques/MSTh - Repetitions/TP 07/MSTh R7 Ex 2 - 2.EES,,"Fuel-oil boiler: combustion stoichiometry, flue gas heat exchange and efficiency (MSTh R7 Ex1-3)","Per kg of fuel (C/H mass fractions): combustion products, flue-gas to water exchange, return-water temperature, parametric table.",combustion_boilers,steady,2,fr,ees,X7.458,126,43,,W/K;J/kg-K;J/kg;kg/s,Air,3,DG-0025,no,low,own,"ULiege MSTh course (J. Lebrun, V. Lemort, S. Bertagnolio)",10-file family incl. VL051107 versions; chained variants (Jaccard 0.44-0.98); near-duplicate/variant of TM-0108 (Jaccard 0.72); EES ID stamp: ULiege Thermodynamics Lab licence,SI MASS DEG PA C J,43/43,,todo,
TM-0107,thermo_models,machines et systemes thermiques/MSTh - Repetitions/TP 07/MSTh R7 Ex 2.EES,,"Fuel-oil boiler: combustion stoichiometry, flue gas heat exchange and efficiency (MSTh R7 Ex1-3)","Per kg of fuel (C/H mass fractions): combustion products, flue-gas to water exchange, return-water temperature, parametric table.",combustion_boilers,steady,2,fr,ees,X7.458,74,43,,J/kg-K;J/kg,Air,3,DG-0025,no,low,own,"ULiege MSTh course (J. Lebrun, V. Lemort, S. Bertagnolio)",10-file family incl. VL051107 versions; chained variants (Jaccard 0.44-0.98); near-duplicate/variant of TM-0108 (Jaccard 0.60); EES ID stamp: ULiege Thermodynamics Lab licence,SI MASS DEG PA C J,43/43,,todo,
TM-0108,thermo_models,machines et systemes thermiques/MSTh - Repetitions/TP 07/MSTh R7 Ex 3 - 2.EES,,"Fuel-oil boiler: combustion stoichiometry, flue gas heat exchange and efficiency (MSTh R7 Ex1-3)","Per kg of fuel (C/H mass fractions): combustion products, flue-gas to water exchange, return-water temperature, parametric table.",combustion_boilers,steady,2,fr,ees,X7.458,93,49,,W/K;J/kg-K;J/kg,Air,3,DG-0025,yes,medium,own,"ULiege MSTh course (J. Lebrun, V. Lemort, S. Bertagnolio)",10-file family incl. VL051107 versions; chained variants (Jaccard 0.44-0.98); stored as RTF; representative of 10-file duplicate group; EES ID stamp: ULiege Thermodynamics Lab licence,SI MASS DEG PA C J,50/51,,todo,
TM-0109,thermo_models,machines et systemes thermiques/MSTh - Repetitions/TP 07/MSTh R7 Ex 3.EES,,"Fuel-oil boiler: combustion stoichiometry, flue gas heat exchange and efficiency (MSTh R7 Ex1-3)","Per kg of fuel (C/H mass fractions): combustion products, flue-gas to water exchange, return-water temperature, parametric table.",combustion_boilers,steady,2,fr,ees,X7.458,93,50,,W/K;J/kg-K;J/kg,Air,3,DG-0025,no,low,own,"ULiege MSTh course (J. Lebrun, V. Lemort, S. Bertagnolio)",10-file family incl. VL051107 versions; chained variants (Jaccard 0.44-0.98); stored as RTF; near-duplicate/variant of TM-0108 (Jaccard 0.98); EES ID stamp: ULiege Thermodynamics Lab licence,SI MASS DEG PA C J,50/51,,todo,
TM-0110,thermo_models,machines et systemes thermiques/MSTh - Repetitions/TP 07/SB/MSTh-SB-R7-Ex1.EES,,"Boiler full-load model with combustion chamber and fictitious exchangers (MSTh R7 Ex4, SB)","Nominal regime parameters, M_dot_w and AU_gw proportional to fuel flow, adiabatic chamber with reactants brought to 25 C.",combustion_boilers,steady,2,fr,ees,X7.458,79,52,,~T:C,Air;Water,1,DG-0026,no,low,own,"ULiege MSTh course (J. Lebrun, V. Lemort, S. Bertagnolio)",5-file family (R7 Ex1-4 SB); near-duplicate/variant of TM-0114 (Jaccard 0.51); EES ID stamp: ULiege Thermodynamics Lab licence,SI MASS DEG PA C J,52/52,,todo,
TM-0111,thermo_models,machines et systemes thermiques/MSTh - Repetitions/TP 07/SB/MSTh-SB-R7-Ex2-2.EES,,"Boiler full-load model with combustion chamber and fictitious exchangers (MSTh R7 Ex4, SB)","Nominal regime parameters, M_dot_w and AU_gw proportional to fuel flow, adiabatic chamber with reactants brought to 25 C.",combustion_boilers,steady,2,fr,ees,X7.458,90,51,,,Air;Water,1,DG-0026,no,low,own,"ULiege MSTh course (J. Lebrun, V. Lemort, S. Bertagnolio)",5-file family (R7 Ex1-4 SB); near-duplicate/variant of TM-0114 (Jaccard 0.53); EES ID stamp: ULiege Thermodynamics Lab licence,SI MASS DEG PA C J,52/52,,todo,
TM-0112,thermo_models,machines et systemes thermiques/MSTh - Repetitions/TP 07/SB/MSTh-SB-R7-Ex2-3.EES,,"Boiler full-load model with combustion chamber and fictitious exchangers (MSTh R7 Ex4, SB)","Nominal regime parameters, M_dot_w and AU_gw proportional to fuel flow, adiabatic chamber with reactants brought to 25 C.",combustion_boilers,steady,2,fr,ees,X7.458,114,69,,~T:C,Air;Water,2,DG-0026,no,low,own,"ULiege MSTh course (J. Lebrun, V. Lemort, S. Bertagnolio)",5-file family (R7 Ex1-4 SB); near-duplicate/variant of TM-0114 (Jaccard 0.67); EES ID stamp: ULiege Thermodynamics Lab licence,SI MASS DEG PA C J,69/69,parametric:Table 1(110x2),todo,
TM-0113,thermo_models,machines et systemes thermiques/MSTh - Repetitions/TP 07/SB/MSTh-SB-R7-Ex2.EES,,"Boiler full-load model with combustion chamber and fictitious exchangers (MSTh R7 Ex4, SB)","Nominal regime parameters, M_dot_w and AU_gw proportional to fuel flow, adiabatic chamber with reactants brought to 25 C.",combustion_boilers,steady,2,fr,ees,X7.458,78,52,,~T:C,Air;Water,1,DG-0026,no,low,own,"ULiege MSTh course (J. Lebrun, V. Lemort, S. Bertagnolio)",5-file family (R7 Ex1-4 SB); near-duplicate/variant of TM-0114 (Jaccard 0.54); EES ID stamp: ULiege Thermodynamics Lab licence,SI MASS DEG PA C J,52/52,,todo,
TM-0114,thermo_models,machines et systemes thermiques/MSTh - Repetitions/TP 07/SB/MSTh-SB-R7-Ex4.EES,,"Boiler full-load model with combustion chamber and fictitious exchangers (MSTh R7 Ex4, SB)","Nominal regime parameters, M_dot_w and AU_gw proportional to fuel flow, adiabatic chamber with reactants brought to 25 C.",combustion_boilers,steady,2,fr,ees,X7.458,125,76,,~T:C,Air;Water,2,DG-0026,yes,medium,own,"ULiege MSTh course (J. Lebrun, V. Lemort, S. Bertagnolio)",5-file family (R7 Ex1-4 SB); representative of 5-file duplicate group; EES ID stamp: ULiege Thermodynamics Lab licence,SI MASS DEG PA C J,76/77,,todo,
TM-0115,thermo_models,machines et systemes thermiques/MSTh - Repetitions/TP 07/SQ/1.EES,,"Combustion per kg of fuel: kmol C/H, air and flue composition (MSTh R7, SQ)","Specific-value combustion study, oxygen demand and flue gas species (CO2/O2/N2).",combustion_boilers,steady,2,fr,ees,X7.793,61,46,,,Air;CO2;O2;N2;Water,1,,yes,low,own,"ULiege MSTh course (J. Lebrun, V. Lemort, S. Bertagnolio)",author S. Quoilin (SQ folder); EES ID stamp: ULiege Thermodynamics Lab licence,SI MASS DEG PA C J +decimal-comma,46/46,,todo,
TM-0116,thermo_models,machines et systemes thermiques/MSTh - Repetitions/TP 07/VL051107_7-1.EES,,"Fuel-oil boiler: combustion stoichiometry, flue gas heat exchange and efficiency (MSTh R7 Ex1-3)","Per kg of fuel (C/H mass fractions): combustion products, flue-gas to water exchange, return-water temperature, parametric table.",combustion_boilers,steady,2,fr,ees,X7.403,81,41,,J/kg.K;J/kg;kg/s,Air,2,DG-0025,no,low,own,Vincent Lemort,10-file family incl. VL051107 versions; chained variants (Jaccard 0.44-0.98); near-duplicate/variant of TM-0108 (Jaccard 0.44); EES ID stamp: J. Lebrun lab licence (ULiege),SI MASS DEG PA C J,41/41,,todo,
TM-0117,thermo_models,machines et systemes thermiques/MSTh - Repetitions/TP 07/VL051107_7-2-1.EES,,"Fuel-oil boiler: combustion stoichiometry, flue gas heat exchange and efficiency (MSTh R7 Ex1-3)","Per kg of fuel (C/H mass fractions): combustion products, flue-gas to water exchange, return-water temperature, parametric table.",combustion_boilers,steady,2,fr,ees,X7.403,88,41,,J/kg.K;J/kg;kg/s,Air,2,DG-0025,no,low,own,Vincent Lemort,10-file family incl. VL051107 versions; chained variants (Jaccard 0.44-0.98); near-duplicate/variant of TM-0108 (Jaccard 0.54); EES ID stamp: J. Lebrun lab licence (ULiege),SI MASS DEG PA C J,41/41,,todo,
TM-0118,thermo_models,machines et systemes thermiques/MSTh - Repetitions/TP 07/VL051107_7-2-2.EES,,"Fuel-oil boiler: combustion stoichiometry, flue gas heat exchange and efficiency (MSTh R7 Ex1-3)","Per kg of fuel (C/H mass fractions): combustion products, flue-gas to water exchange, return-water temperature, parametric table.",combustion_boilers,steady,2,fr,ees,X7.403,136,41,,-;J/kg.K;J/kg;kg/s;J/kg-K,Air,2,DG-0025,no,low,own,Vincent Lemort,10-file family incl. VL051107 versions; chained variants (Jaccard 0.44-0.98); near-duplicate/variant of TM-0108 (Jaccard 0.57); EES ID stamp: J. Lebrun lab licence (ULiege),SI MASS DEG PA C J,41/41,,todo,
TM-0119,thermo_models,machines et systemes thermiques/MSTh - Repetitions/TP 07/VL051107_7-3-1.EES,,"Fuel-oil boiler: combustion stoichiometry, flue gas heat exchange and efficiency (MSTh R7 Ex1-3)","Per kg of fuel (C/H mass fractions): combustion products, flue-gas to water exchange, return-water temperature, parametric table.",combustion_boilers,steady,2,fr,ees,X7.403,136,48,,-;J/kg.K;J/kg;kg/s;J/kg-K,Air,2,DG-0025,no,low,own,Vincent Lemort,10-file family incl. VL051107 versions; chained variants (Jaccard 0.44-0.98); stored as RTF; near-duplicate/variant of TM-0108 (Jaccard 0.77); EES ID stamp: J. Lebrun lab licence (ULiege),SI MASS DEG PA C J,28/50,,todo,
TM-0120,thermo_models,machines et systemes thermiques/MSTh - Repetitions/TP 07/VL051107_7-3-2.EES,,"Fuel-oil boiler: combustion stoichiometry, flue gas heat exchange and efficiency (MSTh R7 Ex1-3)","Per kg of fuel (C/H mass fractions): combustion products, flue-gas to water exchange, return-water temperature, parametric table.",combustion_boilers,steady,2,fr,ees,X7.403,136,47,,-;J/kg.K;J/kg;kg/s;J/kg-K,Air,2,DG-0025,no,low,own,Vincent Lemort,10-file family incl. VL051107 versions; chained variants (Jaccard 0.44-0.98); stored as RTF; near-duplicate/variant of TM-0108 (Jaccard 0.78); EES ID stamp: J. Lebrun lab licence (ULiege),SI MASS DEG PA C J,26/50,,todo,
TM-0121,thermo_models,machines et systemes thermiques/MSTh - Repetitions/TP 08/MSTh - R8 - Ex 1.EES,,"Gas engine intake: carburettor, throttle, fictitious valve openings (MSTh R8 Ex1)","Fuel/air ratio, gas flow, intake throttling and pressure drop, total-enthalpy conservation.",engines,steady,2,fr,ees,X7.458,79,64,,~T:C,Air,2,,yes,low,own,"ULiege MSTh course (J. Lebrun, V. Lemort, S. Bertagnolio)",extra solution by 'JD' (unidentified author); EES ID stamp: ULiege Thermodynamics Lab licence,SI MASS DEG PA C J,31/64,,todo,
TM-0122,thermo_models,machines et systemes thermiques/MSTh - Repetitions/TP 08/MSTH 051024 exercice 1.EES,,"Cooling tower outlet water temperature, counterflow (MSTh 2005-10-24 Ex1)","AU_dry 90 kW/K, 50 kg/s water and 60 kg/s air, 35 C inlet water.",hvac_psychrometrics,steady,1,fr,ees,X7.458,39,24,PSYCH,,AirH2O,2,DG-0020,no,skip,own,"ULiege MSTh course (J. Lebrun, V. Lemort, S. Bertagnolio)","3 identical copies in TP 06/TP 08; identical equations to TM-0093; similar but not grouped: TM-0094 (J=0.45), TM-0088 (J=0.45); EES ID stamp: J. Lebrun lab licence (ULiege)",SI MASS DEG PA C J,24/24,,todo,
TM-0123,thermo_models,machines et systemes thermiques/MSTh - Repetitions/TP 08/MSTH051024 exercice 4.EES,,Chilled-water storage tank (120 m3) with glycol heat exchanger: discharge power curve (MSTh 2005-10-24 Ex4),Dynamic discharge of a thermal storage using INTEGRAL and an IntegralTable over time.,storage,dynamic,1,fr,ees,X7.458,44,26,INTEGRAL,,Water,2,DG-0023,no,skip,own,"ULiege MSTh course (J. Lebrun, V. Lemort, S. Bertagnolio)",3 identical copies (TP 06 / TP 08); identical equations to TM-0095; EES ID stamp: J. Lebrun lab licence (ULiege); C-43: same ice-storage discharge exercise as TM-0104 (statement in file) with equivalent equations but AU=1E6 and P=1E5; duplicate of CSL-0041,SI MASS DEG PA C J,27/27,,duplicate,CSL-0041
TM-0124,thermo_models,machines et systemes thermiques/MSTh - Repetitions/TP 08/MSTH051114 EXERCICE 1.EES,,4-stroke gas engine (5 L): full-power operating point model (MSTh 2005-11-14 Ex1-4),"Fuel/air 0.055, 2400 rpm, 90 kW shaft power, cooling water 0.9 kg/s: engine energy balance and part-load extensions.",engines,steady,2,fr,ees,X7.458,164,69,,,Air;CH4,2,DG-0027,no,skip,own,"ULiege MSTh course (J. Lebrun, V. Lemort, S. Bertagnolio)",8-file family (4 exercises x 2 spellings); identical equations to TM-0128; EES ID stamp: J. Lebrun lab licence (ULiege),SI MASS DEG PA C J,69/69,,todo,
TM-0125,thermo_models,machines et systemes thermiques/MSTh - Repetitions/TP 08/MSTH051114 EXERCICE 2.EES,,4-stroke gas engine (5 L): full-power operating point model (MSTh 2005-11-14 Ex1-4),"Fuel/air 0.055, 2400 rpm, 90 kW shaft power, cooling water 0.9 kg/s: engine energy balance and part-load extensions.",engines,steady,2,fr,ees,X7.458,159,68,,,Air;CH4,1,DG-0027,no,low,own,"ULiege MSTh course (J. Lebrun, V. Lemort, S. Bertagnolio)",8-file family (4 exercises x 2 spellings); near-duplicate/variant of TM-0128 (Jaccard 0.85); EES ID stamp: ULiege Thermodynamics Lab licence,SI MASS DEG PA C J,69/69,,todo,
TM-0126,thermo_models,machines et systemes thermiques/MSTh - Repetitions/TP 08/MSTH051114 EXERCICE 3.EES,,4-stroke gas engine (5 L): full-power operating point model (MSTh 2005-11-14 Ex1-4),"Fuel/air 0.055, 2400 rpm, 90 kW shaft power, cooling water 0.9 kg/s: engine energy balance and part-load extensions.",engines,steady,2,fr,ees,X7.458,159,68,,~T:C,Air;CH4,1,DG-0027,no,low,own,"ULiege MSTh course (J. Lebrun, V. Lemort, S. Bertagnolio)",8-file family (4 exercises x 2 spellings); near-duplicate/variant of TM-0128 (Jaccard 0.85); EES ID stamp: J. Lebrun lab licence (ULiege),SI MASS DEG PA C J,69/69,,todo,
TM-0127,thermo_models,machines et systemes thermiques/MSTh - Repetitions/TP 08/MSTH051114 EXERCICE 4.EES,,4-stroke gas engine (5 L): full-power operating point model (MSTh 2005-11-14 Ex1-4),"Fuel/air 0.055, 2400 rpm, 90 kW shaft power, cooling water 0.9 kg/s: engine energy balance and part-load extensions.",engines,steady,2,fr,ees,X7.458,162,69,,~T:C,Air;CH4,1,DG-0027,no,low,own,"ULiege MSTh course (J. Lebrun, V. Lemort, S. Bertagnolio)",8-file family (4 exercises x 2 spellings); near-duplicate/variant of TM-0128 (Jaccard 0.82); EES ID stamp: J. Lebrun lab licence (ULiege); EES original of the CoolSolve example CSX-026 imported as CSL-0034 (identical 69 equations; verified against this stored solution),SI MASS DEG PA C J,69/69,,added,CSL-0034
TM-0128,thermo_models,machines et systemes thermiques/MSTh - Repetitions/TP 08/MSTH051114EXERCICE1.EES,,4-stroke gas engine (5 L): full-power operating point model (MSTh 2005-11-14 Ex1-4),"Fuel/air 0.055, 2400 rpm, 90 kW shaft power, cooling water 0.9 kg/s: engine energy balance and part-load extensions.",engines,steady,2,fr,ees,X7.458,164,69,,,Air;CH4,2,DG-0027,yes,medium,own,"ULiege MSTh course (J. Lebrun, V. Lemort, S. Bertagnolio)",8-file family (4 exercises x 2 spellings); representative of 8-file duplicate group (1 with identical equations); EES ID stamp: J. Lebrun lab licence (ULiege),SI MASS DEG PA C J,69/69,,todo,
TM-0129,thermo_models,machines et systemes thermiques/MSTh - Repetitions/TP 08/MSTH051114EXERCICE2.EES,,4-stroke gas engine (5 L): full-power operating point model (MSTh 2005-11-14 Ex1-4),"Fuel/air 0.055, 2400 rpm, 90 kW shaft power, cooling water 0.9 kg/s: engine energy balance and part-load extensions.",engines,steady,2,fr,ees,X7.458,159,68,,,Air;CH4,1,DG-0027,no,low,own,"ULiege MSTh course (J. Lebrun, V. Lemort, S. Bertagnolio)",8-file family (4 exercises x 2 spellings); near-duplicate/variant of TM-0128 (Jaccard 0.85); EES ID stamp: J. Lebrun lab licence (ULiege),SI MASS DEG PA C J,69/69,,todo,
TM-0130,thermo_models,machines et systemes thermiques/MSTh - Repetitions/TP 08/MSTH051114EXERCICE3.EES,,4-stroke gas engine (5 L): full-power operating point model (MSTh 2005-11-14 Ex1-4),"Fuel/air 0.055, 2400 rpm, 90 kW shaft power, cooling water 0.9 kg/s: engine energy balance and part-load extensions.",engines,steady,2,fr,ees,X7.458,159,68,,~T:C,Air;CH4,1,DG-0027,no,low,own,"ULiege MSTh course (J. Lebrun, V. Lemort, S. Bertagnolio)",8-file family (4 exercises x 2 spellings); near-duplicate/variant of TM-0128 (Jaccard 0.85); EES ID stamp: J. Lebrun lab licence (ULiege),SI MASS DEG PA C J,69/69,,todo,
TM-0131,thermo_models,machines et systemes thermiques/MSTh - Repetitions/TP 08/MSTH051114EXERCICE4.EES,,4-stroke gas engine (5 L): full-power operating point model (MSTh 2005-11-14 Ex1-4),"Fuel/air 0.055, 2400 rpm, 90 kW shaft power, cooling water 0.9 kg/s: engine energy balance and part-load extensions.",engines,steady,2,fr,ees,X7.458,162,69,,~T:C,Air;CH4,1,DG-0027,no,low,own,"ULiege MSTh course (J. Lebrun, V. Lemort, S. Bertagnolio)",8-file family (4 exercises x 2 spellings); near-duplicate/variant of TM-0128 (Jaccard 0.82); EES ID stamp: J. Lebrun lab licence (ULiege); byte-identical copy of TM-0127 (same exercise) so duplicate of CSL-0034,SI MASS DEG PA C J,69/69,,duplicate,CSL-0034
TM-0132,thermo_models,machines et systemes thermiques/MSTh - Repetitions/TP 08/SB/MSTh - R8 - Ex 1 SB.EES,,"Gas engine model (MSTh R8 Ex1-4, SB solutions)","Solutions to the 5 L gas engine exercises: intake, compression, combustion, load control (array variables).",engines,steady,2,fr,ees,X7.458,151,72,ARRAYS,C;W;kg/s;m³;Pa;J/kg;s/kg;m^3/kg,Air;CH4,3,DG-0028,no,low,own,"ULiege MSTh course (J. Lebrun, V. Lemort, S. Bertagnolio)",4-file family; near-duplicate/variant of TM-0133 (Jaccard 0.84); EES ID stamp: ULiege Thermodynamics Lab licence,SI MASS DEG PA C J,72/74,,todo,
TM-0133,thermo_models,machines et systemes thermiques/MSTh - Repetitions/TP 08/SB/MSTh - R8 - Ex 2 SB.EES,,"Gas engine model (MSTh R8 Ex1-4, SB solutions)","Solutions to the 5 L gas engine exercises: intake, compression, combustion, load control (array variables).",engines,steady,2,fr,ees,X7.458,165,73,ARRAYS,C;W;kg/s;m^2;-;Nm;m³;Pa,Air;CH4,3,DG-0028,yes,medium,own,"ULiege MSTh course (J. Lebrun, V. Lemort, S. Bertagnolio)",4-file family; representative of 4-file duplicate group; EES ID stamp: ULiege Thermodynamics Lab licence,SI MASS DEG PA C J,31/76,,todo,
TM-0134,thermo_models,machines et systemes thermiques/MSTh - Repetitions/TP 08/SB/MSTh - R8 - Ex 3 SB.EES,,"Gas engine model (MSTh R8 Ex1-4, SB solutions)","Solutions to the 5 L gas engine exercises: intake, compression, combustion, load control (array variables).",engines,steady,2,fr,ees,X7.458,165,73,ARRAYS,C;W;kg/s;m^2;-;Nm;m³;Pa,Air;CH4,3,DG-0028,no,low,own,"ULiege MSTh course (J. Lebrun, V. Lemort, S. Bertagnolio)",4-file family; near-duplicate/variant of TM-0133 (Jaccard 0.97); EES ID stamp: ULiege Thermodynamics Lab licence,SI MASS DEG PA C J,34/76,parametric:table1(121x2),todo,
TM-0135,thermo_models,machines et systemes thermiques/MSTh - Repetitions/TP 08/SB/MSTh - R8 - Ex 4 SB.EES,,"Gas engine model (MSTh R8 Ex1-4, SB solutions)","Solutions to the 5 L gas engine exercises: intake, compression, combustion, load control (array variables).",engines,steady,2,fr,ees,X7.458,167,74,ARRAYS,C;W;kg/s;m^2;-;Nm;m³;Pa,Air;CH4,3,DG-0028,no,low,own,"ULiege MSTh course (J. Lebrun, V. Lemort, S. Bertagnolio)",4-file family; near-duplicate/variant of TM-0133 (Jaccard 0.88); EES ID stamp: ULiege Thermodynamics Lab licence,SI MASS DEG PA C J,74/76,parametric:table1(121x2),todo,
TM-0136,thermo_models,machines et systemes thermiques/MSTh - Repetitions/TP 08/SB/MSTH-SB-R8-EX1-2-3-4-5.EES,,"Gas engine complete model: throttle, carburettor, pressure drop, adiabatic combustion chamber, stand-by (MSTh R8 Ex1-5, SB)","Most complete version of the 5 L gas-engine exercise series, with lookup of engine data and cooling circuit.",engines,steady,2,fr,ees,X7.458,157,97,LOOKUP,-,Air;CH4;Water,2,DG-0029,yes,high,own,"ULiege MSTh course (J. Lebrun, V. Lemort, S. Bertagnolio)",6-file family (cumulative versions); representative of 6-file duplicate group; EES ID stamp: ULiege Thermodynamics Lab licence,SI MASS DEG PA C J,97/98,,todo,
TM-0137,thermo_models,machines et systemes thermiques/MSTh - Repetitions/TP 08/SB/MSTh-SB-R8-Ex1-2-3-4.EES,,"Gas engine complete model: throttle, carburettor, pressure drop, adiabatic combustion chamber, stand-by (MSTh R8 Ex1-5, SB)","Most complete version of the 5 L gas-engine exercise series, with lookup of engine data and cooling circuit.",engines,steady,2,fr,ees,X7.458,130,80,LOOKUP,-,Air;CH4;Water,1,DG-0029,no,low,own,"ULiege MSTh course (J. Lebrun, V. Lemort, S. Bertagnolio)",6-file family (cumulative versions); near-duplicate/variant of TM-0136 (Jaccard 0.75); EES ID stamp: ULiege Thermodynamics Lab licence,SI MASS DEG PA C J,80/81,parametric:Table 3(120x2),todo,
TM-0138,thermo_models,machines et systemes thermiques/MSTh - Repetitions/TP 08/SB/MSTh-SB-R8-Ex1-2-3.EES,,"Gas engine complete model: throttle, carburettor, pressure drop, adiabatic combustion chamber, stand-by (MSTh R8 Ex1-5, SB)","Most complete version of the 5 L gas-engine exercise series, with lookup of engine data and cooling circuit.",engines,steady,2,fr,ees,X7.458,125,81,,-,Air;CH4;Water,1,DG-0029,no,low,own,"ULiege MSTh course (J. Lebrun, V. Lemort, S. Bertagnolio)",6-file family (cumulative versions); near-duplicate/variant of TM-0136 (Jaccard 0.80); EES ID stamp: ULiege Thermodynamics Lab licence,SI MASS DEG PA C J,29/83,,todo,
TM-0139,thermo_models,machines et systemes thermiques/MSTh - Repetitions/TP 08/SB/MSTh-SB-R8-Ex1-2.EES,,"Gas engine complete model: throttle, carburettor, pressure drop, adiabatic combustion chamber, stand-by (MSTh R8 Ex1-5, SB)","Most complete version of the 5 L gas-engine exercise series, with lookup of engine data and cooling circuit.",engines,steady,2,fr,ees,X7.458,121,78,,-,Air;CH4;Water,1,DG-0029,no,low,own,"ULiege MSTh course (J. Lebrun, V. Lemort, S. Bertagnolio)",6-file family (cumulative versions); near-duplicate/variant of TM-0136 (Jaccard 0.77); EES ID stamp: ULiege Thermodynamics Lab licence,SI MASS DEG PA C J,79/80,,todo,
TM-0140,thermo_models,machines et systemes thermiques/MSTh - Repetitions/TP 08/SB/MSTh-SB-R8-Ex1.EES,,"Gas engine complete model: throttle, carburettor, pressure drop, adiabatic combustion chamber, stand-by (MSTh R8 Ex1-5, SB)","Most complete version of the 5 L gas-engine exercise series, with lookup of engine data and cooling circuit.",engines,steady,2,fr,ees,X7.458,113,79,,~T:C,Air;CH4;Water,1,DG-0029,no,low,own,"ULiege MSTh course (J. Lebrun, V. Lemort, S. Bertagnolio)",6-file family (cumulative versions); near-duplicate/variant of TM-0136 (Jaccard 0.69); EES ID stamp: ULiege Thermodynamics Lab licence,SI MASS DEG PA C J,79/80,,todo,
TM-0141,thermo_models,machines et systemes thermiques/MSTh - Repetitions/TP 08/SB/MSTH-SB-R8-EX5.EES,,"Gas engine complete model: throttle, carburettor, pressure drop, adiabatic combustion chamber, stand-by (MSTh R8 Ex1-5, SB)","Most complete version of the 5 L gas-engine exercise series, with lookup of engine data and cooling circuit.",engines,steady,2,fr,ees,X7.458,141,91,,-,Air;CH4;Water,2,DG-0029,no,low,own,"ULiege MSTh course (J. Lebrun, V. Lemort, S. Bertagnolio)",6-file family (cumulative versions); near-duplicate/variant of TM-0136 (Jaccard 0.90); EES ID stamp: ULiege Thermodynamics Lab licence,SI MASS DEG PA C J,92/93,,todo,
TM-0142,thermo_models,machines et systemes thermiques/MSTh - Repetitions/TP 09/MSTh R9 Ex 1 - 2.EES,,"Single-shaft gas turbine: part-load with reduced quantities, parametric table (MSTh R9 Ex1 continued)","Compressor 1-2, adiabatic combustion chamber, expander; performance vs inlet temperature (parametric table); losses neglected.",power_cycles_gas,steady,2,fr,ees,X7.458,110,49,,C;J/kg;+273.15,Air;CH4,2,DG-0030,yes,medium,own,"ULiege MSTh course (J. Lebrun, V. Lemort, S. Bertagnolio)",representative of 2-file duplicate group; EES ID stamp: ULiege Thermodynamics Lab licence,SI MASS DEG PA C J,50/50,,todo,
TM-0143,thermo_models,machines et systemes thermiques/MSTh - Repetitions/TP 09/MSTh R9 Ex 1.EES,,"Single-shaft gas turbine: part-load with reduced quantities, parametric table (MSTh R9 Ex1 continued)","Compressor 1-2, adiabatic combustion chamber, expander; performance vs inlet temperature (parametric table); losses neglected.",power_cycles_gas,steady,2,fr,ees,X7.458,84,41,,C;J/kg;+273.15,Air;CH4,1,DG-0030,no,low,own,"ULiege MSTh course (J. Lebrun, V. Lemort, S. Bertagnolio)",near-duplicate/variant of TM-0142 (Jaccard 0.73); EES ID stamp: ULiege Thermodynamics Lab licence,SI MASS DEG PA C J,41/41,,todo,
TM-0144,thermo_models,machines et systemes thermiques/MSTh - Repetitions/TP 09/MSTH-SB-R9-EX1.EES,,"Gas turbine nominal regime and reduced quantities (MSTh R9 Ex1, SB)",Nominal regime and law linking regimes via reduced flow and speed.,power_cycles_gas,steady,2,fr,ees,X7.458,80,49,,+273.15;~T:C,Air;CH4,1,,yes,medium,own,"ULiege MSTh course (J. Lebrun, V. Lemort, S. Bertagnolio)",EES ID stamp: ULiege Thermodynamics Lab licence,SI MASS DEG PA C J,50/51,,todo,
TM-0145,thermo_models,machines et systemes thermiques/MSTh - Repetitions/TP 09/MSTH-SB-R9-EX2.EES,,"Single-shaft gas turbine at any regime via reduced quantities (MSTh R9 Ex2, SB)","Reduced quantities in J/kg-fuel and J/kg-air, adiabatic combustion chamber, regime from table.",power_cycles_gas,steady,2,fr,ees,X7.458,82,42,LOOKUP,J/kg-fuel;+273.15,Air;CH4,1,,yes,medium,own,"ULiege MSTh course (J. Lebrun, V. Lemort, S. Bertagnolio)","similar but not grouped: TM-0148 (J=0.47), TM-0147 (J=0.45); EES ID stamp: ULiege Thermodynamics Lab licence",SI MASS DEG PA C J,42/45,parametric:Table 1(3x3),todo,
TM-0146,thermo_models,machines et systemes thermiques/MSTh - Repetitions/TP 09/MSTH-SB-R9-EX3.EES,,"Two-shaft gas turbine from compressor and expander data (MSTh R9 Ex3, SB)",Exploits tabulated compressor and expander data; power turbine on a second shaft.,power_cycles_gas,steady,2,fr,ees,X7.458,87,41,LOOKUP,+273.15,Air;CH4,1,,yes,medium,own,"ULiege MSTh course (J. Lebrun, V. Lemort, S. Bertagnolio)",EES ID stamp: ULiege Thermodynamics Lab licence,SI MASS DEG PA C J,41/42,lookup:Compresseur(3x3);lookup:Expanseur(3x3),todo,
TM-0147,thermo_models,machines et systemes thermiques/MSTh - Repetitions/TP 09/MSTH-SB-R9-EX4-1.EES,,"Two-shaft gas turbine at reduced regime with choked power turbine (MSTh R9 Ex4, SB)","Reduced quantities, nominal vs reduced regime, constant reduced flow when the power turbine is choked.",power_cycles_gas,steady,2,fr,ees,X7.458,94,51,LOOKUP,J/kg-fuel;-;+273.15,Air;CH4,2,DG-0031,yes,high,own,"ULiege MSTh course (J. Lebrun, V. Lemort, S. Bertagnolio)",representative of 2-file duplicate group; similar but not grouped: TM-0145 (J=0.45); EES ID stamp: ULiege Thermodynamics Lab licence,SI MASS DEG PA C J,51/54,lookup:r_p_c(3x3);lookup:r_p_c(3x3),todo,
TM-0148,thermo_models,machines et systemes thermiques/MSTh - Repetitions/TP 09/MSTH-SB-R9-EX4.EES,,"Two-shaft gas turbine at reduced regime with choked power turbine (MSTh R9 Ex4, SB)","Reduced quantities, nominal vs reduced regime, constant reduced flow when the power turbine is choked.",power_cycles_gas,steady,2,fr,ees,X7.458,91,49,LOOKUP,J/kg-fuel;+273.15,Air;CH4,2,DG-0031,no,low,own,"ULiege MSTh course (J. Lebrun, V. Lemort, S. Bertagnolio)",near-duplicate/variant of TM-0147 (Jaccard 0.69); similar but not grouped: TM-0145 (J=0.47); EES ID stamp: ULiege Thermodynamics Lab licence,SI MASS DEG PA C J,49/52,lookup:r_p_c(3x3);lookup:r_p_c(3x3),todo,
TM-0149,thermo_models,machines et systemes thermiques/MSTh - Repetitions/TP 09/Revision JL051223-01.EES,,"Two-shaft gas turbine revision exercises (JL 2005-12-23, series 01-03)","Compressor balance, reduced flows of expanders 1 and 2, natural gas at 25 C; lookup-based maps.",power_cycles_gas,steady,2,fr,ees,X7.458,110,44,LOOKUP,+273.15;~T:C,Air,1,DG-0032,no,low,own,Jean Lebrun,"6-file family, includes copies in TP 13 Revisions; near-duplicate/variant of TM-0150 (Jaccard 0.87); EES ID stamp: J. Lebrun lab licence (ULiege); part 1 of the revision (same machine at 95 % speed, t_ex_burner and epsilon_s_exp1 given): same operating point and no new equation vs TM-0150, recorded as duplicate of CSL-0011 and used as a verification reference",SI MASS DEG PA C J,44/45,lookup:Lookup 1(3x4),duplicate,CSL-0011
TM-0150,thermo_models,machines et systemes thermiques/MSTh - Repetitions/TP 09/Revision JL051223-02.EES,,"Two-shaft gas turbine revision exercises (JL 2005-12-23, series 01-03)","Compressor balance, reduced flows of expanders 1 and 2, natural gas at 25 C; lookup-based maps.",power_cycles_gas,steady,2,fr,ees,X7.458,115,44,LOOKUP,+273.15,Air,1,DG-0032,yes,medium,own,Jean Lebrun,"6-file family, includes copies in TP 13 Revisions; representative of 6-file duplicate group (1 with identical equations); EES ID stamp: J. Lebrun lab licence (ULiege); representative of DG-0032, imported as CSL-0011 (card C-10)",SI MASS DEG PA C J,44/45,lookup:Lookup 1(3x4),added,CSL-0011
TM-0151,thermo_models,machines et systemes thermiques/MSTh - Repetitions/TP 09/Revision JL051223-03.EES,,"Two-shaft gas turbine revision exercises (JL 2005-12-23, series 01-03)","Compressor balance, reduced flows of expanders 1 and 2, natural gas at 25 C; lookup-based maps.",power_cycles_gas,steady,2,fr,ees,X7.458,115,44,LOOKUP,+273.15,Air,1,DG-0032,no,low,own,Jean Lebrun,"6-file family, includes copies in TP 13 Revisions; near-duplicate/variant of TM-0150 (Jaccard 0.87); EES ID stamp: J. Lebrun lab licence (ULiege); part 3 of the revision, parameter variant (ambient conditions 0.76 bar, 0 C, 95 % speed) of TM-0150, merged into CSL-0011 as the _ambient variant",SI MASS DEG PA C J,44/45,lookup:Lookup 1(3x4),merged,CSL-0011
TM-0152,thermo_models,machines et systemes thermiques/MSTh - Repetitions/TP 10/MSTh R10 Ex 1.EES,,"Refrigeration machine with semi-hermetic compressor and secondary fluids, R22 (MSTh R10 Ex1)","Semi-isothermal evaporator/condenser, proportional-loss factor, clearance factor and secondary fluid circuits.",refrigeration_heat_pumps,steady,2,fr,ees,X7.458,93,56,,,R22,2,,yes,medium,own,"ULiege MSTh course (J. Lebrun, V. Lemort, S. Bertagnolio)",EES ID stamp: ULiege Thermodynamics Lab licence;C-34: statement version of the same exercise (MSTh R10 Ex1) with a different provisional compressor closure and other variable names (W_dot_L / M_dot / w_s); same semi-hermetic machine and same data as CSL-0033 and described only in its README,SI MASS DEG PA C J,55/58,,merged,CSL-0033
TM-0153,thermo_models,machines et systemes thermiques/MSTh - Repetitions/TP 10/MSTh R10 Ex 3.EES,,Refrigeration machine: identification from secondary-circuit measurements (MSTh R10 Ex3),"T_ev/T_cd imposed before using secondary circuit measurements; compression, condenser, evaporator, expansion.",refrigeration_heat_pumps,steady,1,fr,ees,X7.458,57,23,,W,R22,1,,yes,low,own,"ULiege MSTh course (J. Lebrun, V. Lemort, S. Bertagnolio)",similar but not grouped: TM-0156 (J=0.55); EES ID stamp: ULiege Thermodynamics Lab licence,SI MASS DEG PA C J,26/26,,todo,
TM-0154,thermo_models,machines et systemes thermiques/MSTh - Repetitions/TP 10/MSTH-SB-R10-EX1.EES,,"Refrigeration machine with semi-hermetic compressor: nominal and reduced regimes with control equations (MSTh R10 Ex1, SB)","Duplicates equations for a reduced regime (index r), modified data and regulation equations; R22 with water secondary circuits.",refrigeration_heat_pumps,steady,2,fr,ees,X7.458,111,55,,,R22;Water,3,,yes,high,own,"ULiege MSTh course (J. Lebrun, V. Lemort, S. Bertagnolio)",EES ID stamp: ULiege Thermodynamics Lab licence;C-34: EES original of the CoolSolve example CSX-020 (equation-for-equation transcription); imported as CSL-0033 and used as its verification reference (55 stored variables),SI MASS DEG PA C J,55/63,,added,CSL-0033
TM-0155,thermo_models,machines et systemes thermiques/MSTh - Repetitions/TP 10/MSTH-SB-R10-EX3-2.EES,,"Refrigeration machine identified parameters (MSTh R10 Ex3 continued, SB)",Calculation with identified compressor/exchanger parameters.,refrigeration_heat_pumps,steady,2,fr,ees,X7.458,103,44,,W,R22,1,,yes,low,own,"ULiege MSTh course (J. Lebrun, V. Lemort, S. Bertagnolio)",similar but not grouped: TM-0156 (J=0.57); EES ID stamp: ULiege Thermodynamics Lab licence,SI MASS DEG PA C J,16/51,,todo,
TM-0156,thermo_models,machines et systemes thermiques/MSTh - Repetitions/TP 10/MSTH-SB-R10-EX3.EES,,"Refrigeration machine calculation (MSTh R10 Ex3, SB)","Compression, condenser, evaporator, expansion with secondary-fluid hypotheses.",refrigeration_heat_pumps,steady,1,fr,ees,X7.458,86,36,,W,R22,1,,yes,low,own,"ULiege MSTh course (J. Lebrun, V. Lemort, S. Bertagnolio)","similar but not grouped: TM-0155 (J=0.57), TM-0153 (J=0.55); EES ID stamp: ULiege Thermodynamics Lab licence",SI MASS DEG PA C J,35/41,,todo,
TM-0157,thermo_models,machines et systemes thermiques/MSTh - Repetitions/TP 10/MSTH-SB-R10-EX4.EES,,"Refrigeration machine, R22/R407C comparison (MSTh R10 Ex4, SB)",Same machine structure with refrigerant change.,refrigeration_heat_pumps,steady,2,fr,ees,X7.458,126,74,,W,R22;Water;R407C,2,,yes,low,own,"ULiege MSTh course (J. Lebrun, V. Lemort, S. Bertagnolio)",EES ID stamp: ULiege Thermodynamics Lab licence,SI MASS DEG PA C J,74/74,,todo,
TM-0158,thermo_models,machines et systemes thermiques/MSTh - Repetitions/TP 10/MSTH_041123_exercice_2.EES,,Refrigeration compressor with unloaded cylinders: 4 vs 2 cylinders (MSTh 2004-11-23 Ex2),"Full-load operation on 4 cylinders and reduced displacement on 2: evaporator, condenser and compressor models.",refrigeration_heat_pumps,steady,2,fr,ees,X7.210,200,101,,J/kg;Pa;J/kg-K;m^3/kg,R22,2,,yes,medium,own,"ULiege MSTh course (J. Lebrun, V. Lemort, S. Bertagnolio)",EES ID stamp: ULiege Thermodynamics Lab licence,SI MASS DEG PA C J +decimal-comma,101/101,,todo,
TM-0159,thermo_models,machines et systemes thermiques/MSTh - Repetitions/TP 10/R10 - SB - EX 1 - questions.EES,,"Semi-hermetic compressor refrigeration cycle with loss and clearance factors (MSTh R10 Ex1 questions, SB)","Semi-isothermal condenser/evaporator, fresh-charge heating by losses; comparison of two solutions.",refrigeration_heat_pumps,steady,2,fr,ees,X7.458,114,60,ARRAYS,W/K;kg/s;C;W;m^3/s;J/kg-K,R22,3,DG-0033,yes,medium,own,"ULiege MSTh course (J. Lebrun, V. Lemort, S. Bertagnolio)",2 identical copies; representative of 2-file duplicate group (1 with identical equations); EES ID stamp: ULiege Thermodynamics Lab licence;C-34: questions file of the same exercise (MSTh R10 Ex1) with a constant water specific heat (4187 J/kg-K) instead of CP(Water) and with the global isentropic efficiency; its equations differ from CSL-0033 so merged and described only in that README (its stored values are cleared),SI MASS DEG PA C J,16/60,,merged,CSL-0033
TM-0160,thermo_models,machines et systemes thermiques/MSTh - Repetitions/TP 10/R10 - SB - Ex 1.EES,,"Semi-hermetic compressor refrigeration cycle with loss and clearance factors (MSTh R10 Ex1 questions, SB)","Semi-isothermal condenser/evaporator, fresh-charge heating by losses; comparison of two solutions.",refrigeration_heat_pumps,steady,2,fr,ees,X7.458,102,60,ARRAYS,W/K;kg/s;C;W;m^3/s;J/kg-K,R22,2,DG-0033,no,skip,own,"ULiege MSTh course (J. Lebrun, V. Lemort, S. Bertagnolio)",2 identical copies; identical equations to TM-0159; EES ID stamp: ULiege Thermodynamics Lab licence;C-34: identical equations to TM-0159 (equation diff); its complete stored solution is the second reference of CSL-0033 for the same exercise (COP 3.34 with the constant water cp),SI MASS DEG PA C J,59/59,,duplicate,CSL-0033
TM-0161,thermo_models,machines et systemes thermiques/MSTh - Repetitions/TP 10/Revision JL051223-04.EES,,"Cooling tower revision exercises with variable air flow (JL 2005-12-23, series 04-06)","Default data for a centrifugal-fan tower, saturated outlet air, fan power.",hvac_psychrometrics,steady,2,fr,ees,X7.458,104,38,PSYCH,,AirH2O,1,DG-0034,no,low,own,Jean Lebrun,6-file family with copies in TP 13 Revisions; near-duplicate/variant of TM-0162 (Jaccard 0.65); EES ID stamp: J. Lebrun lab licence (ULiege),SI MASS DEG PA C J,19/41,lookup:Lookup 1(3x4),todo,
TM-0162,thermo_models,machines et systemes thermiques/MSTh - Repetitions/TP 10/Revision JL051223-05.EES,,"Cooling tower revision exercises with variable air flow (JL 2005-12-23, series 04-06)","Default data for a centrifugal-fan tower, saturated outlet air, fan power.",hvac_psychrometrics,steady,2,fr,ees,X7.458,115,41,PSYCH,,AirH2O,1,DG-0034,yes,medium,own,Jean Lebrun,6-file family with copies in TP 13 Revisions; representative of 6-file duplicate group (3 with identical equations); EES ID stamp: J. Lebrun lab licence (ULiege),SI MASS DEG PA C J,42/47,parametric:Table 1(120x2);lookup:Lookup 1(3x3),todo,
TM-0163,thermo_models,machines et systemes thermiques/MSTh - Repetitions/TP 10/Revision JL051223-06.EES,,"Cooling tower revision exercises with variable air flow (JL 2005-12-23, series 04-06)","Default data for a centrifugal-fan tower, saturated outlet air, fan power.",hvac_psychrometrics,steady,2,fr,ees,X7.458,115,41,PSYCH,,AirH2O,1,DG-0034,no,skip,own,Jean Lebrun,6-file family with copies in TP 13 Revisions; identical equations to TM-0162; EES ID stamp: J. Lebrun lab licence (ULiege),SI MASS DEG PA C J,42/47,parametric:Table 1(120x2);lookup:Lookup 1(3x3),todo,
TM-0164,thermo_models,machines et systemes thermiques/MSTh - Repetitions/TP 11/MSTh R11 Ex 1.EES,,LiBr-H2O absorption chiller cycle (MSTh R11 Ex1-4),"Water refrigerant, LiBr absorbent: evaporator, absorber, generator, condenser, mass and energy balances, LiBr conservation.",absorption_sorption,steady,1,fr,ees,X7.458,52,25,,~T:C,Water,2,DG-0035,no,low,own,"ULiege MSTh course (J. Lebrun, V. Lemort, S. Bertagnolio)","7-file family (VL, SB and student versions); LiBr-H2O properties from EES built-in; near-duplicate/variant of TM-0165 (Jaccard 0.80); EES ID stamp: ULiege Thermodynamics Lab licence; C-45: exercise 1 version without solution HEX (h_weak_gen_su=h_weak_abs_ex); same cycle as CSL-0043 described in its README",SI MASS DEG PA C J,20/25,,merged,CSL-0043
TM-0165,thermo_models,machines et systemes thermiques/MSTh - Repetitions/TP 11/MSTh R11 Ex 2.EES,,LiBr-H2O absorption chiller cycle (MSTh R11 Ex1-4),"Water refrigerant, LiBr absorbent: evaporator, absorber, generator, condenser, mass and energy balances, LiBr conservation.",absorption_sorption,steady,1,fr,ees,X7.458,70,29,,~T:C,Water,2,DG-0035,yes,wave1,own,"ULiege MSTh course (J. Lebrun, V. Lemort, S. Bertagnolio)","7-file family (VL, SB and student versions); LiBr-H2O properties from EES built-in; representative of 7-file duplicate group; EES ID stamp: ULiege Thermodynamics Lab licence; C-45: VL version of exercise 2 (HEX via Q_dot_HEX_max; extra diagnostics P_ev_bis/x_w_gen_ex); superseded by the import of TM-0167",SI MASS DEG PA C J,29/33,,merged,CSL-0043
TM-0166,thermo_models,machines et systemes thermiques/MSTh - Repetitions/TP 11/MSTH-SB-R11-EX1.EES,,LiBr-H2O absorption chiller cycle (MSTh R11 Ex1-4),"Water refrigerant, LiBr absorbent: evaporator, absorber, generator, condenser, mass and energy balances, LiBr conservation.",absorption_sorption,steady,1,fr,ees,X7.458,41,26,,~T:C,Water,1,DG-0035,no,low,own,"ULiege MSTh course (J. Lebrun, V. Lemort, S. Bertagnolio)","7-file family (VL, SB and student versions); LiBr-H2O properties from EES built-in; near-duplicate/variant of TM-0165 (Jaccard 0.45); EES ID stamp: ULiege Thermodynamics Lab licence; C-45: SB version of exercise 1 (no solution HEX; no condenser duty); described in CSL-0043 README",SI MASS DEG PA C J,26/26,,merged,CSL-0043
TM-0167,thermo_models,machines et systemes thermiques/MSTh - Repetitions/TP 11/MSTH-SB-R11-EX2.EES,,LiBr-H2O absorption chiller cycle (MSTh R11 Ex1-4),"Water refrigerant, LiBr absorbent: evaporator, absorber, generator, condenser, mass and energy balances, LiBr conservation.",absorption_sorption,steady,1,fr,ees,X7.458,46,30,,~T:C,Water,1,DG-0035,no,low,own,"ULiege MSTh course (J. Lebrun, V. Lemort, S. Bertagnolio)","7-file family (VL, SB and student versions); LiBr-H2O properties from EES built-in; near-duplicate/variant of TM-0165 (Jaccard 0.47); EES ID stamp: ULiege Thermodynamics Lab licence; C-45: EES original of CoolSolve example CSX-046 (equation diff identical); imported as CSL-0043 (blocked by CS-GAP-FLUIDS-ABS: EES built-in X_LIBR/H_LIBR)",SI MASS DEG PA C J,30/30,,added,CSL-0043
TM-0168,thermo_models,machines et systemes thermiques/MSTh - Repetitions/TP 11/R11 - SB - Ex 1.EES,,LiBr-H2O absorption chiller cycle (MSTh R11 Ex1-4),"Water refrigerant, LiBr absorbent: evaporator, absorber, generator, condenser, mass and energy balances, LiBr conservation.",absorption_sorption,steady,1,fr,ees,X7.458,49,24,,-,Water,1,DG-0035,no,low,own,"ULiege MSTh course (J. Lebrun, V. Lemort, S. Bertagnolio)","7-file family (VL, SB and student versions); LiBr-H2O properties from EES built-in; near-duplicate/variant of TM-0165 (Jaccard 0.51); EES ID stamp: ULiege Thermodynamics Lab licence; C-45: SB exercise 1 with condenser duty; differs from TM-0166 (Q_dot_cd) and from CSL-0043 (no HEX); described in CSL-0043 README",SI MASS DEG PA C J,24/24,,merged,CSL-0043
TM-0169,thermo_models,machines et systemes thermiques/MSTh - Repetitions/TP 11/R11 - SB - Ex 2.EES,,LiBr-H2O absorption chiller cycle (MSTh R11 Ex1-4),"Water refrigerant, LiBr absorbent: evaporator, absorber, generator, condenser, mass and energy balances, LiBr conservation.",absorption_sorption,steady,1,fr,ees,X7.458,62,28,,-,Water,1,DG-0035,no,low,own,"ULiege MSTh course (J. Lebrun, V. Lemort, S. Bertagnolio)","7-file family (VL, SB and student versions); LiBr-H2O properties from EES built-in; near-duplicate/variant of TM-0165 (Jaccard 0.58); EES ID stamp: ULiege Thermodynamics Lab licence; C-45: exercise 2 file with other equation forms (HEX via Q_dot_HEX_max; no condenser duty; X_abs/X_gen names); superseded by TM-0167",SI MASS DEG PA C J,24/28,,merged,CSL-0043
TM-0170,thermo_models,machines et systemes thermiques/MSTh - Repetitions/TP 11/R11 - SB - Ex 4.EES,,LiBr-H2O absorption chiller cycle (MSTh R11 Ex1-4),"Water refrigerant, LiBr absorbent: evaporator, absorber, generator, condenser, mass and energy balances, LiBr conservation.",absorption_sorption,steady,1,fr,ees,X7.458,62,28,,-,Water,1,DG-0035,no,low,own,"ULiege MSTh course (J. Lebrun, V. Lemort, S. Bertagnolio)","7-file family (VL, SB and student versions); LiBr-H2O properties from EES built-in; near-duplicate/variant of TM-0165 (Jaccard 0.58); EES ID stamp: ULiege Thermodynamics Lab licence; C-45: file identical to TM-0169 (exercise 4 reuses the exercise 2 file); see TM-0169/CSL-0043",SI MASS DEG PA C J,24/28,,duplicate,CSL-0043
TM-0171,thermo_models,machines et systemes thermiques/MSTh - Repetitions/TP 12/MSTH-SB-R12-EX7.EES,,"Brayton cycle with and without chiller on inlet air (MSTh R12 Ex7, SB)","Gas turbine with/without inlet air cooling by a refrigeration machine (R134a), reduced quantities.",power_cycles_gas,steady,2,fr,ees,X7.458,141,78,,-;A;B;C;+273.15,R134a;Air;CH4,2,,yes,medium,own,"ULiege MSTh course (J. Lebrun, V. Lemort, S. Bertagnolio)",EES ID stamp: ULiege Thermodynamics Lab licence,SI MASS DEG PA C J,78/78,,todo,
TM-0172,thermo_models,machines et systemes thermiques/MSTh - Repetitions/TP 12/MSTH-SB-R12-EX8.EES,,"Gas engine with Rankine bottoming cycle (MSTh R12 Ex8, SB)","Gasoline engine heat recovery: boiler, positive-displacement expander, condenser, pump, valve pressure drops.",cogeneration_energy_systems,steady,2,fr,ees,X7.458,140,99,,~T:C;~p:Pa,Air;Water,2,,yes,medium,own,"ULiege MSTh course (J. Lebrun, V. Lemort, S. Bertagnolio)",EES ID stamp: ULiege Thermodynamics Lab licence,SI MASS DEG PA C J,99/103,,todo,
TM-0173,thermo_models,machines et systemes thermiques/MSTh - Repetitions/TP 12/MSTH051213 EXERCICE 1.EES,,Cogeneration primary-energy saving per unit of useful electricity (MSTh 2005-12-13 Ex1),Energy saving of CHP vs separate production.,cogeneration_energy_systems,steady,1,fr,ees,X7.458,17,11,,,,1,,yes,low,own,"ULiege MSTh course (J. Lebrun, V. Lemort, S. Bertagnolio)",EES ID stamp: J. Lebrun lab licence (ULiege),SI MASS DEG PA C J,5/12,,todo,
TM-0174,thermo_models,machines et systemes thermiques/MSTh - Repetitions/TP 12/MSTH051213 EXERCICE 2.EES,,Cogeneration monthly balance and annual demand (MSTh 2005-12-13 Ex2),Month-by-month balance with intersection points and annual kWh demand.,cogeneration_energy_systems,steady,1,fr,ees,X7.458,28,17,,,,1,,yes,low,own,"ULiege MSTh course (J. Lebrun, V. Lemort, S. Bertagnolio)",EES ID stamp: J. Lebrun lab licence (ULiege),SI MASS DEG PA C J,15/15,,todo,
TM-0175,thermo_models,machines et systemes thermiques/MSTh - Repetitions/TP 13 Révisions/Revision JL051223-01.EES,,"Two-shaft gas turbine revision exercises (JL 2005-12-23, series 01-03)","Compressor balance, reduced flows of expanders 1 and 2, natural gas at 25 C; lookup-based maps.",power_cycles_gas,steady,2,fr,ees,X7.458,110,44,LOOKUP,+273.15;~T:C,Air,1,DG-0032,no,low,own,Jean Lebrun,"6-file family, includes copies in TP 13 Revisions; near-duplicate/variant of TM-0150 (Jaccard 0.87); EES ID stamp: J. Lebrun lab licence (ULiege); byte-identical copy of TM-0149 (TP 09), recorded as duplicate of CSL-0011",SI MASS DEG PA C J,44/45,lookup:Lookup 1(3x4),duplicate,CSL-0011
TM-0176,thermo_models,machines et systemes thermiques/MSTh - Repetitions/TP 13 Révisions/Revision JL051223-02.EES,,"Two-shaft gas turbine revision exercises (JL 2005-12-23, series 01-03)","Compressor balance, reduced flows of expanders 1 and 2, natural gas at 25 C; lookup-based maps.",power_cycles_gas,steady,2,fr,ees,X7.458,115,44,LOOKUP,+273.15,Air,1,DG-0032,no,skip,own,Jean Lebrun,"6-file family, includes copies in TP 13 Revisions; identical equations to TM-0150; EES ID stamp: J. Lebrun lab licence (ULiege); byte-identical copy of TM-0150 (TP 09), recorded as duplicate of CSL-0011",SI MASS DEG PA C J,44/45,lookup:Lookup 1(3x4),duplicate,CSL-0011
TM-0177,thermo_models,machines et systemes thermiques/MSTh - Repetitions/TP 13 Révisions/Revision JL051223-03.EES,,"Two-shaft gas turbine revision exercises (JL 2005-12-23, series 01-03)","Compressor balance, reduced flows of expanders 1 and 2, natural gas at 25 C; lookup-based maps.",power_cycles_gas,steady,2,fr,ees,X7.458,115,44,LOOKUP,+273.15,Air,1,DG-0032,no,low,own,Jean Lebrun,"6-file family, includes copies in TP 13 Revisions; near-duplicate/variant of TM-0150 (Jaccard 0.87); EES ID stamp: J. Lebrun lab licence (ULiege); byte-identical copy of TM-0151 (TP 09), recorded as duplicate of CSL-0011",SI MASS DEG PA C J,44/45,lookup:Lookup 1(3x4),duplicate,CSL-0011
TM-0178,thermo_models,machines et systemes thermiques/MSTh - Repetitions/TP 13 Révisions/Revision JL051223-04.EES,,"Cooling tower revision exercises with variable air flow (JL 2005-12-23, series 04-06)","Default data for a centrifugal-fan tower, saturated outlet air, fan power.",hvac_psychrometrics,steady,2,fr,ees,X7.458,104,38,PSYCH,,AirH2O,1,DG-0034,no,low,own,Jean Lebrun,6-file family with copies in TP 13 Revisions; near-duplicate/variant of TM-0162 (Jaccard 0.65); EES ID stamp: J. Lebrun lab licence (ULiege),SI MASS DEG PA C J,19/41,lookup:Lookup 1(3x4),todo,
TM-0179,thermo_models,machines et systemes thermiques/MSTh - Repetitions/TP 13 Révisions/Revision JL051223-05.EES,,"Cooling tower revision exercises with variable air flow (JL 2005-12-23, series 04-06)","Default data for a centrifugal-fan tower, saturated outlet air, fan power.",hvac_psychrometrics,steady,2,fr,ees,X7.458,115,41,PSYCH,,AirH2O,1,DG-0034,no,skip,own,Jean Lebrun,6-file family with copies in TP 13 Revisions; identical equations to TM-0162; EES ID stamp: J. Lebrun lab licence (ULiege),SI MASS DEG PA C J,42/47,parametric:Table 1(120x2);lookup:Lookup 1(3x3),todo,
TM-0180,thermo_models,machines et systemes thermiques/MSTh - Repetitions/TP 13 Révisions/Revision JL051223-06.EES,,"Cooling tower revision exercises with variable air flow (JL 2005-12-23, series 04-06)","Default data for a centrifugal-fan tower, saturated outlet air, fan power.",hvac_psychrometrics,steady,2,fr,ees,X7.458,115,41,PSYCH,,AirH2O,1,DG-0034,no,skip,own,Jean Lebrun,6-file family with copies in TP 13 Revisions; identical equations to TM-0162; EES ID stamp: J. Lebrun lab licence (ULiege),SI MASS DEG PA C J,42/47,parametric:Table 1(120x2);lookup:Lookup 1(3x3),todo,
TM-0181,thermo_models,MCI_REMIDICKES/MCI/Examen/MCI_ees_examen_juin_2019/MCI_examen_juin_2019/[redacted TM-0181].EES,,"Student exam submission (MCI exam, June 2019)",,engines,steady,1,en,ees,X10.437,40,28,,kPa;Pa;m/s;me3;W;rad/s;+273.15,,1,DG-0036,no,skip,own,,student answers to the June 2019 MCI exam (duplicates of the exam solution); file name redacted (personal data),SI MASS DEG PA K KJ +decimal-comma,30/30,,discarded,
TM-0182,thermo_models,MCI_REMIDICKES/MCI/Examen/MCI_ees_examen_juin_2019/MCI_examen_juin_2019/[redacted TM-0182].EES,,"Student exam submission (MCI exam, June 2019)",,engines,steady,2,fr,ees,X10.437,85,53,,m;Pa;W;J/kg;Hz;m/s;m^3;kg/s;+273.15,Air,1,DG-0037,no,skip,own,,student answers to the June 2019 MCI exam (duplicates of the exam solution); file name redacted (personal data),SI MASS DEG PA K J +decimal-comma,55/55,,discarded,
TM-0183,thermo_models,MCI_REMIDICKES/MCI/Examen/MCI_ees_examen_juin_2019/MCI_examen_juin_2019/[redacted TM-0183].EES,,"Student exam submission (MCI exam, June 2019)",,engines,steady,2,fr,ees,X10.437,102,68,PSYCH,m;kg/s;m^3;W;RPM;J/kg;N.m,Air;Air_ha;O2;N2;CO2;H2O,1,DG-0038,no,skip,own,,student answers to the June 2019 MCI exam (duplicates of the exam solution); file name redacted (personal data),SI MASS DEG PA C J +decimal-comma,69/69,,discarded,
TM-0184,thermo_models,MCI_REMIDICKES/MCI/Examen/MCI_ees_examen_juin_2019/MCI_examen_juin_2019/[redacted TM-0184].EES,,"Student exam submission (MCI exam, June 2019)",,engines,steady,1,unknown,ees,X10.437,50,39,,kPa;m;kNm;kg/s;kg/kWh;kJ/kg;-;+273.15,Air,0,DG-0039,no,skip,own,,student answers to the June 2019 MCI exam (duplicates of the exam solution); file name redacted (personal data),SI MASS DEG KPA K KJ +decimal-comma,40/40,parametric:table1(702x2),discarded,
TM-0185,thermo_models,MCI_REMIDICKES/MCI/Examen/MCI_ees_examen_juin_2019/MCI_examen_juin_2019/[redacted TM-0185].EES,,"Student exam submission (MCI exam, June 2019)",,engines,steady,2,fr,ees,X10.437,99,56,PSYCH,m;kJ/kg;g/kWh;kW;g/s;bar;m/s;Nm;+273.15,Air;Air_ha,1,DG-0040,no,skip,own,,student answers to the June 2019 MCI exam (duplicates of the exam solution); file name redacted (personal data),SI MASS DEG BAR K KJ +decimal-comma,58/58,,discarded,
TM-0186,thermo_models,MCI_REMIDICKES/MCI/Examen/MCI_ees_examen_juin_2019/MCI_examen_juin_2019/[redacted TM-0186].EES,,"Student exam submission (MCI exam, June 2019)",,engines,steady,1,fr,ees,X10.437,29,20,,m;W;tr/min;J/kg;m/s;m^3,Air,1,DG-0041,no,skip,own,,student answers to the June 2019 MCI exam (duplicates of the exam solution); file name redacted (personal data),SI MASS DEG KPA C KJ +decimal-comma,25/25,,discarded,
TM-0187,thermo_models,MCI_REMIDICKES/MCI/Examen/MCI_ees_examen_juin_2019/MCI_examen_juin_2019/[redacted TM-0187].EES,,"Student exam submission (MCI exam, June 2019)",,engines,steady,2,unknown,ees,X10.437,76,54,,m;-;Pa;m/s;m^3;J/kg;C;km/s;+273.15,Air;O2;N2,0,DG-0042,no,skip,own,,student answers to the June 2019 MCI exam (duplicates of the exam solution); file name redacted (personal data),SI MASS DEG PA C J +decimal-comma,56/56,,discarded,
TM-0188,thermo_models,MCI_REMIDICKES/MCI/Examen/MCI_ees_examen_juin_2019/MCI_examen_juin_2019/[redacted TM-0188].EES,,"Student exam submission (MCI exam, June 2019)",,engines,steady,1,en+fr,ees,X10.437,70,40,ARRAYS,kW;m;kJ/kg;kPa;m/s;m3;g/kwh;+273.15,Air,1,DG-0043,no,skip,own,,student answers to the June 2019 MCI exam (duplicates of the exam solution); file name redacted (personal data),SI MASS DEG KPA K KJ +decimal-comma,43/43,parametric:table1(572x2),discarded,
TM-0189,thermo_models,MCI_REMIDICKES/MCI/Examen/MCI_ees_examen_juin_2019/MCI_examen_juin_2019/[redacted TM-0189].EES,,"Student exam submission (MCI exam, June 2019)",,engines,steady,1,fr,ees,X10.437,83,39,,mm;kW;%MJ/kg;tours/min;Pa;m/s;mm^3;kN*m;+273.15,,1,DG-0044,no,skip,own,,student answers to the June 2019 MCI exam (duplicates of the exam solution); file name redacted (personal data),SI MASS DEG KPA C KJ +decimal-comma,49/49,,discarded,
TM-0190,thermo_models,MCI_REMIDICKES/MCI/Examen/MCI_ees_examen_juin_2019/MCI_examen_juin_2019/[redacted TM-0190].EES,,"Student exam submission (MCI exam, June 2019)",,engines,steady,2,fr,ees,X10.437,92,73,CALL,+273.15;~T:K;~p:Pa,Air,1,DG-0045,no,skip,own,,student answers to the June 2019 MCI exam (duplicates of the exam solution); file name redacted (personal data),SI MASS DEG PA K J +decimal-comma,78/78,,discarded,
TM-0191,thermo_models,MCI_REMIDICKES/MCI/Examen/MCI_ees_examen_juin_2019/MCI_examen_juin_2019/[redacted TM-0191].EES,,"Student exam submission (MCI exam, June 2019)",,engines,steady,2,fr,ees,X10.437,114,70,PSYCH,+273.15,Air;Air_ha,2,DG-0046,no,skip,own,,student answers to the June 2019 MCI exam (duplicates of the exam solution); file name redacted (personal data),SI MASS DEG PA K J +decimal-comma,72/72,,discarded,
TM-0192,thermo_models,MCI_REMIDICKES/MCI/Examen/MCI_ees_examen_juin_2019/MCI_examen_juin_2019/[redacted TM-0192].EES,,"Student exam submission (MCI exam, June 2019)",,engines,steady,2,fr,ees,X10.437,106,66,,m;m/s;kW;rpm;kJ/kg;m^3;g/s;kg/s;+273.15,Air,2,DG-0047,no,skip,own,,student answers to the June 2019 MCI exam (duplicates of the exam solution); file name redacted (personal data),SI MASS DEG KPA C KJ +decimal-comma,66/66,,discarded,
TM-0193,thermo_models,MCI_REMIDICKES/MCI/Examen/MCI_ees_examen_juin_2019/MCI_examen_juin_2019/[redacted TM-0193].EES,,"Student exam submission (MCI exam, June 2019)",,engines,steady,2,fr,ees,X10.437,92,62,CONVERT;ARRAYS,C;m;kPa;kW;MJ/kg;min-1;Nm;J/kg-K;+273.15,Air;Water,1,DG-0048,no,skip,own,,student answers to the June 2019 MCI exam (duplicates of the exam solution); file name redacted (personal data),SI MASS DEG KPA C KJ +decimal-comma,62/62,,discarded,
TM-0194,thermo_models,MCI_REMIDICKES/MCI/Examen/MCI_ees_examen_juin_2019/MCI_examen_juin_2019/[redacted TM-0194].EES,,"Student exam submission (MCI exam, June 2019)",,engines,steady,2,fr,ees,X10.437,73,41,,~T:C,Air,1,DG-0049,no,skip,own,,student answers to the June 2019 MCI exam (duplicates of the exam solution); file name redacted (personal data),SI MASS DEG PA C J +decimal-comma,41/41,,discarded,
TM-0195,thermo_models,MCI_REMIDICKES/MCI/Examen/MCI_ees_examen_juin_2019/MCI_examen_juin_2019/[redacted TM-0195].EES,,"Student exam submission (MCI exam, June 2019)",,engines,steady,2,fr,ees,X10.437,59,44,,+273.15,Air,1,DG-0050,no,skip,own,,student answers to the June 2019 MCI exam (duplicates of the exam solution); file name redacted (personal data),SI MASS DEG KPA K J +decimal-comma,43/43,,discarded,
TM-0196,thermo_models,MCI_REMIDICKES/MCI/Examen/MCI_ees_examen_juin_2019/MCI_examen_juin_2019/[redacted TM-0196].EES,,"Student exam submission (MCI exam, June 2019)",,engines,steady,1,unknown,ees,X10.437,34,28,,kW;tr/s;+273.15,Air,0,DG-0051,no,skip,own,,student answers to the June 2019 MCI exam (duplicates of the exam solution); file name redacted (personal data),SI MASS DEG KPA K KJ +decimal-comma,28/28,,discarded,
TM-0197,thermo_models,MCI_REMIDICKES/MCI/Examen/MCI_ees_examen_juin_2019/MCI_examen_juin_2019/[redacted TM-0197].EES,,"Student exam submission (MCI exam, June 2019)",,engines,steady,2,fr,ees,X10.437,72,52,,Pa;m/s;kW;kJ/kg;tr/s;m;Nm;+273.15,Steam;Air,1,DG-0052,no,skip,own,,student answers to the June 2019 MCI exam (duplicates of the exam solution); file name redacted (personal data),SI MASS DEG PA K KJ +decimal-comma,59/59,parametric:table1(28x2),discarded,
TM-0198,thermo_models,MCI_REMIDICKES/MCI/Examen/MCI_ees_examen_juin_2019/MCI_examen_juin_2019/[redacted TM-0198].EES,,"Student exam submission (MCI exam, June 2019)",,combustion_boilers,steady,1,fr,ees,X10.437,56,38,,+273.15,Air,1,DG-0053,no,skip,own,,student answers to the June 2019 MCI exam (duplicates of the exam solution); file name redacted (personal data),SI MASS DEG PA K J +decimal-comma,38/38,,discarded,
TM-0199,thermo_models,MCI_REMIDICKES/MCI/Examen/MCI_ees_examen_juin_2019/MCI_examen_juin_2019/[redacted TM-0199].EES,,"Student exam submission (MCI exam, June 2019)",,engines,steady,1,en,ees,X10.437,38,18,,W;g/kwh,,1,DG-0054,no,skip,own,,student answers to the June 2019 MCI exam (duplicates of the exam solution); file name redacted (personal data),SI MASS DEG KPA C KJ +decimal-comma,33/33,,discarded,
TM-0200,thermo_models,MCI_REMIDICKES/MCI/Examen/MCI_ees_examen_juin_2019/MCI_examen_juin_2019/[redacted TM-0200].EES,,"Student exam submission (MCI exam, June 2019)",,engines,steady,2,fr,ees,X10.437,64,51,,m;-;km/h;kpa;kj/kg;kw;rpm;pa;+273.15,Steam,1,DG-0055,no,skip,own,,student answers to the June 2019 MCI exam (duplicates of the exam solution); file name redacted (personal data),SI MASS DEG KPA C KJ +decimal-comma,20/20,,discarded,
TM-0201,thermo_models,MCI_REMIDICKES/MCI/Examen/MCI_ees_examen_juin_2019/MCI_examen_juin_2019/[redacted TM-0201].EES,,"Student exam submission (MCI exam, June 2019)",,engines,steady,2,fr,ees,X10.437,93,48,,m3;W;Nm;m/s;kPa;m;kW;+273.15,Steam,1,DG-0056,no,skip,own,,student answers to the June 2019 MCI exam (duplicates of the exam solution); file name redacted (personal data),SI MASS DEG KPA K KJ +decimal-comma,53/53,parametric:table1(671x2),discarded,
TM-0202,thermo_models,MCI_REMIDICKES/MCI/Examen/MCI_examen_juin_2019/[redacted TM-0202].EES,,"Student exam submission (MCI exam, June 2019)",,engines,steady,1,en,ees,X10.437,40,28,,kPa;Pa;m/s;me3;W;rad/s;+273.15,,1,DG-0036,yes,skip,own,,student answers to the June 2019 MCI exam (duplicates of the exam solution); file name redacted (personal data),SI MASS DEG PA K KJ +decimal-comma,30/30,,discarded,
TM-0203,thermo_models,MCI_REMIDICKES/MCI/Examen/MCI_examen_juin_2019/[redacted TM-0203].EES,,"Student exam submission (MCI exam, June 2019)",,engines,steady,2,fr,ees,X10.437,85,53,,m;Pa;W;J/kg;Hz;m/s;m^3;kg/s;+273.15,Air,1,DG-0037,yes,skip,own,,student answers to the June 2019 MCI exam (duplicates of the exam solution); file name redacted (personal data),SI MASS DEG PA K J +decimal-comma,55/55,,discarded,
TM-0204,thermo_models,MCI_REMIDICKES/MCI/Examen/MCI_examen_juin_2019/[redacted TM-0204].EES,,"Student exam submission (MCI exam, June 2019)",,engines,steady,2,fr,ees,X10.437,102,68,PSYCH,m;kg/s;m^3;W;RPM;J/kg;N.m,Air;Air_ha;O2;N2;CO2;H2O,1,DG-0038,yes,skip,own,,student answers to the June 2019 MCI exam (duplicates of the exam solution); file name redacted (personal data),SI MASS DEG PA C J +decimal-comma,69/69,,discarded,
TM-0205,thermo_models,MCI_REMIDICKES/MCI/Examen/MCI_examen_juin_2019/[redacted TM-0205].EES,,"Student exam submission (MCI exam, June 2019)",,engines,steady,1,unknown,ees,X10.437,50,39,,kPa;m;kNm;kg/s;kg/kWh;kJ/kg;-;+273.15,Air,0,DG-0039,yes,skip,own,,student answers to the June 2019 MCI exam (duplicates of the exam solution); file name redacted (personal data),SI MASS DEG KPA K KJ +decimal-comma,40/40,parametric:table1(702x2),discarded,
TM-0206,thermo_models,MCI_REMIDICKES/MCI/Examen/MCI_examen_juin_2019/[redacted TM-0206].EES,,"Student exam submission (MCI exam, June 2019)",,engines,steady,2,fr,ees,X10.437,99,56,PSYCH,m;kJ/kg;g/kWh;kW;g/s;bar;m/s;Nm;+273.15,Air;Air_ha,1,DG-0040,yes,skip,own,,student answers to the June 2019 MCI exam (duplicates of the exam solution); file name redacted (personal data),SI MASS DEG BAR K KJ +decimal-comma,58/58,,discarded,
TM-0207,thermo_models,MCI_REMIDICKES/MCI/Examen/MCI_examen_juin_2019/[redacted TM-0207].EES,,"Student exam submission (MCI exam, June 2019)",,engines,steady,1,fr,ees,X10.437,29,20,,m;W;tr/min;J/kg;m/s;m^3,Air,1,DG-0041,yes,skip,own,,student answers to the June 2019 MCI exam (duplicates of the exam solution); file name redacted (personal data),SI MASS DEG KPA C KJ +decimal-comma,25/25,,discarded,
TM-0208,thermo_models,MCI_REMIDICKES/MCI/Examen/MCI_examen_juin_2019/[redacted TM-0208].EES,,"Student exam submission (MCI exam, June 2019)",,engines,steady,2,unknown,ees,X10.437,76,54,,m;-;Pa;m/s;m^3;J/kg;C;km/s;+273.15,Air;O2;N2,0,DG-0042,yes,skip,own,,student answers to the June 2019 MCI exam (duplicates of the exam solution); file name redacted (personal data),SI MASS DEG PA C J +decimal-comma,56/56,,discarded,
TM-0209,thermo_models,MCI_REMIDICKES/MCI/Examen/MCI_examen_juin_2019/[redacted TM-0209].EES,,"Student exam submission (MCI exam, June 2019)",,engines,steady,1,en+fr,ees,X10.437,70,40,ARRAYS,kW;m;kJ/kg;kPa;m/s;m3;g/kwh;+273.15,Air,1,DG-0043,yes,skip,own,,student answers to the June 2019 MCI exam (duplicates of the exam solution); file name redacted (personal data),SI MASS DEG KPA K KJ +decimal-comma,43/43,parametric:table1(572x2),discarded,
TM-0210,thermo_models,MCI_REMIDICKES/MCI/Examen/MCI_examen_juin_2019/[redacted TM-0210].EES,,"Student exam submission (MCI exam, June 2019)",,engines,steady,1,fr,ees,X10.437,83,39,,mm;kW;%MJ/kg;tours/min;Pa;m/s;mm^3;kN*m;+273.15,,1,DG-0044,yes,skip,own,,student answers to the June 2019 MCI exam (duplicates of the exam solution); file name redacted (personal data),SI MASS DEG KPA C KJ +decimal-comma,49/49,,discarded,
TM-0211,thermo_models,MCI_REMIDICKES/MCI/Examen/MCI_examen_juin_2019/[redacted TM-0211].EES,,"Student exam submission (MCI exam, June 2019)",,engines,steady,2,fr,ees,X10.437,92,73,CALL,+273.15;~T:K;~p:Pa,Air,1,DG-0045,yes,skip,own,,student answers to the June 2019 MCI exam (duplicates of the exam solution); file name redacted (personal data),SI MASS DEG PA K J +decimal-comma,78/78,,discarded,
TM-0212,thermo_models,MCI_REMIDICKES/MCI/Examen/MCI_examen_juin_2019/[redacted TM-0212].EES,,"Student exam submission (MCI exam, June 2019)",,engines,steady,2,fr,ees,X10.437,114,70,PSYCH,+273.15,Air;Air_ha,2,DG-0046,yes,skip,own,,student answers to the June 2019 MCI exam (duplicates of the exam solution); file name redacted (personal data),SI MASS DEG PA K J +decimal-comma,72/72,,discarded,
TM-0213,thermo_models,MCI_REMIDICKES/MCI/Examen/MCI_examen_juin_2019/[redacted TM-0213].EES,,"Student exam submission (MCI exam, June 2019)",,engines,steady,2,fr,ees,X10.437,106,66,,m;m/s;kW;rpm;kJ/kg;m^3;g/s;kg/s;+273.15,Air,2,DG-0047,yes,skip,own,,student answers to the June 2019 MCI exam (duplicates of the exam solution); file name redacted (personal data),SI MASS DEG KPA C KJ +decimal-comma,66/66,,discarded,
TM-0214,thermo_models,MCI_REMIDICKES/MCI/Examen/MCI_examen_juin_2019/[redacted TM-0214].EES,,"Student exam submission (MCI exam, June 2019)",,engines,steady,2,fr,ees,X10.437,92,62,CONVERT;ARRAYS,C;m;kPa;kW;MJ/kg;min-1;Nm;J/kg-K;+273.15,Air;Water,1,DG-0048,yes,skip,own,,student answers to the June 2019 MCI exam (duplicates of the exam solution); file name redacted (personal data),SI MASS DEG KPA C KJ +decimal-comma,62/62,,discarded,
TM-0215,thermo_models,MCI_REMIDICKES/MCI/Examen/MCI_examen_juin_2019/[redacted TM-0215].EES,,"Student exam submission (MCI exam, June 2019)",,engines,steady,2,fr,ees,X10.437,73,41,,~T:C,Air,1,DG-0049,yes,skip,own,,student answers to the June 2019 MCI exam (duplicates of the exam solution); file name redacted (personal data),SI MASS DEG PA C J +decimal-comma,41/41,,discarded,
TM-0216,thermo_models,MCI_REMIDICKES/MCI/Examen/MCI_examen_juin_2019/[redacted TM-0216].EES,,"Student exam submission (MCI exam, June 2019)",,engines,steady,2,fr,ees,X10.437,59,44,,+273.15,Air,1,DG-0050,yes,skip,own,,student answers to the June 2019 MCI exam (duplicates of the exam solution); file name redacted (personal data),SI MASS DEG KPA K J +decimal-comma,43/43,,discarded,
TM-0217,thermo_models,MCI_REMIDICKES/MCI/Examen/MCI_examen_juin_2019/[redacted TM-0217].EES,,"Student exam submission (MCI exam, June 2019)",,engines,steady,1,unknown,ees,X10.437,34,28,,kW;tr/s;+273.15,Air,0,DG-0051,yes,skip,own,,student answers to the June 2019 MCI exam (duplicates of the exam solution); file name redacted (personal data),SI MASS DEG KPA K KJ +decimal-comma,28/28,,discarded,
TM-0218,thermo_models,MCI_REMIDICKES/MCI/Examen/MCI_examen_juin_2019/[redacted TM-0218].EES,,"Student exam submission (MCI exam, June 2019)",,engines,steady,2,fr,ees,X10.437,72,52,,Pa;m/s;kW;kJ/kg;tr/s;m;Nm;+273.15,Steam;Air,1,DG-0052,yes,skip,own,,student answers to the June 2019 MCI exam (duplicates of the exam solution); file name redacted (personal data),SI MASS DEG PA K KJ +decimal-comma,59/59,parametric:table1(28x2),discarded,
TM-0219,thermo_models,MCI_REMIDICKES/MCI/Examen/MCI_examen_juin_2019/[redacted TM-0219].EES,,"Student exam submission (MCI exam, June 2019)",,combustion_boilers,steady,1,fr,ees,X10.437,56,38,,+273.15,Air,1,DG-0053,yes,skip,own,,student answers to the June 2019 MCI exam (duplicates of the exam solution); file name redacted (personal data),SI MASS DEG PA K J +decimal-comma,38/38,,discarded,
TM-0220,thermo_models,MCI_REMIDICKES/MCI/Examen/MCI_examen_juin_2019/[redacted TM-0220].EES,,"Student exam submission (MCI exam, June 2019)",,engines,steady,1,en,ees,X10.437,38,18,,W;g/kwh,,1,DG-0054,yes,skip,own,,student answers to the June 2019 MCI exam (duplicates of the exam solution); file name redacted (personal data),SI MASS DEG KPA C KJ +decimal-comma,33/33,,discarded,
TM-0221,thermo_models,MCI_REMIDICKES/MCI/Examen/MCI_examen_juin_2019/[redacted TM-0221].EES,,"Student exam submission (MCI exam, June 2019)",,engines,steady,2,fr,ees,X10.437,64,51,,m;-;km/h;kpa;kj/kg;kw;rpm;pa;+273.15,Steam,1,DG-0055,yes,skip,own,,student answers to the June 2019 MCI exam (duplicates of the exam solution); file name redacted (personal data),SI MASS DEG KPA C KJ +decimal-comma,20/20,,discarded,
TM-0222,thermo_models,MCI_REMIDICKES/MCI/Examen/MCI_examen_juin_2019/[redacted TM-0222].EES,,"Student exam submission (MCI exam, June 2019)",,engines,steady,2,fr,ees,X10.437,93,48,,m3;W;Nm;m/s;kPa;m;kW;+273.15,Steam,1,DG-0056,yes,skip,own,,student answers to the June 2019 MCI exam (duplicates of the exam solution); file name redacted (personal data),SI MASS DEG KPA K KJ +decimal-comma,53/53,parametric:table1(671x2),discarded,
TM-0223,thermo_models,MCI_REMIDICKES/MCI/Examen/resolultion_RD.EES,,"Engine exam solution: data coherence (swept volume, piston speed, shaft power) and derating (resolution RD)","Teaching-assistant resolution of an MCI exam problem: checks redundancy of engine data-sheet values, volumetric efficiency and power.",engines,steady,2,fr,ees,X9.721,104,72,,+273.15;~T:K;~p:Pa,Air,2,,yes,medium,own,P. Ngendakumana; R. Dickes,exam solution by R. Dickes ('RD'); do not publish without permission; EES ID stamp: J. Lebrun lab licence (ULiege),SI MASS DEG PA C J,72/72,,todo,
TM-0224,thermo_models,MCI_REMIDICKES/MCI/Examen/RESOLUTION_NGEN.EES,,"Scania DI09/DI16 marine diesel engines: full data-handbook analysis (exam solution, NGEN)","Detailed resolution of the marine diesel exam problem from the 2013 Scania data handbook: general data, mean pressures, efficiencies, turbocharger/intercooler, emissions, with UnitSystem directive.",engines,steady,2,fr,ees,X10.589,233,150,UNITSYSTEM,W;Pa;C;m;kg/s;m^3;tr/min;m/s;+273.15,Air,3,,yes,medium,own,P. Ngendakumana; R. Dickes,exam solution by Prof. P. Ngendakumana's unit ('NGEN'); needs permission; stored as RTF; EES ID stamp: ULiege Thermodynamics Lab student/staff licence,SI MASS DEG PA C J,79/79,,todo,
TM-0225,thermo_models,MCI_REMIDICKES/MCI/Labo 2/rapport/Labo2_MCI-groupe_4/Data_groupe4.lkt,,Lookup table: laboratory data of student group 4 (MCI lab 2),Binary EES lookup table with measured engine test-bench data (Point1...).,engines,unknown,1,none,lkt,W9.369,0,0,,,,0,,yes,skip,own,student submission (MCI course),student lab data; binary lookup table; strings: Point1 / @fffffff / ÷?fffffffÞ / Point2,,,,todo,
TM-0226,thermo_models,MCI_REMIDICKES/MCI/Labo 2/rapport/Labo2_MCI-groupe_4/Labo2_MCI-groupe_4.ees,Data_groupe4.lkt,"MCI laboratory 2: engine test-bench analysis (student report, group 4)","Student lab report model: engine data, 4-stroke engine, measured points via lookup table, DUPLICATE loops, CALL.",engines,steady,2,fr,ees,X10.494,204,91,CALL;DUPLICATE;LOOKUP;ARRAYS,m;kW;Pa;kPa;-;%;W;bar;+273.15,Air,3,,yes,skip,own,student submission (MCI course),student report; names inside; ~153 equations after DUPLICATE expansion; needs library: cpbar -> CombCmHn_SI_PNG2003_V2.LIB (TM-0253); EES ID stamp: ULiege Thermodynamics Lab student/staff licence,SI MASS DEG KPA C J +decimal-comma,266/271,parametric:table1(65x4),todo,
TM-0227,thermo_models,MCI_REMIDICKES/MCI/Labo 2/rapport/Rapport groupe 3/calcul_labo_point1.EES,,"MCI laboratory 2: engine test points 1 and 2 (student report, group 3)","Student calculation of two engine test points (J/kg, Pa, kg/s data blocks, CALL).",engines,steady,2,unknown,ees,X10.589,107,66,CALL,Pa;C;W;kg/s;J/kg,Air,1,DG-0057,no,low,own,student submission (MCI course),student report; points 1 and 2 near duplicates; near-duplicate/variant of TM-0228 (Jaccard 0.65); calls external/built-in procedures: hscmhnprodcomb_png030110; EES ID stamp: ULiege Thermodynamics Lab student/staff licence,SI MASS DEG PA C J +decimal-comma,81/81,,todo,
TM-0228,thermo_models,MCI_REMIDICKES/MCI/Labo 2/rapport/Rapport groupe 3/calcul_labo_point2.EES,,"MCI laboratory 2: engine test points 1 and 2 (student report, group 3)","Student calculation of two engine test points (J/kg, Pa, kg/s data blocks, CALL).",engines,steady,2,unknown,ees,X10.589,106,65,CALL,Pa;C;W;kg/s;J/kg,Air,1,DG-0057,yes,skip,own,student submission (MCI course),student report; points 1 and 2 near duplicates; representative of 2-file duplicate group; calls external/built-in procedures: hscmhnprodcomb_png030110; EES ID stamp: ULiege Thermodynamics Lab student/staff licence,SI MASS DEG PA C J +decimal-comma,80/80,,todo,
TM-0229,thermo_models,MCI_REMIDICKES/MCI/TP/MCI_TP1_Ex_1-5/Ex_1_Tables NASA.EES,,"Combustion product properties with NASA polynomial external routine, CO2 (MCI TP1 Ex1)","Compares EES direct property calculation with NASA table routine (kJ, kmol, K units warning).",combustion_boilers,steady,1,fr,ees,X10.589,21,11,CALL,Pa;kJ/(kmol-K),CO2,1,,yes,low,own,P. Ngendakumana; R. Dickes,uses EES built-in NASA procedure (CALL NASA): no direct CoolProp equivalent; stored as RTF; calls external/built-in procedures: nasa; EES ID stamp: P. Ngendakumana licence (ULiege Thermotechnics),SI MOLE DEG PA K J,12/12,,todo,
TM-0230,thermo_models,MCI_REMIDICKES/MCI/TP/MCI_TP1_Ex_1-5/Ex_2_T&P effects on dissociation.EES,,Temperature and pressure effects on dissociation (MCI TP1 Ex2),"Equilibrium dissociation of combustion products vs pressure and temperature (kPa), via CALL Chem_Equil.",combustion_boilers,steady,1,en,ees,X10.589,31,9,CALL,kPa,,2,,yes,medium,own,P. Ngendakumana; R. Dickes,uses EES built-in Chem_Equil (chemical equilibrium) procedure: needs an equilibrium solver in CoolSolve; calls external/built-in procedures: chem_equil; EES ID stamp: P. Ngendakumana licence (ULiege Thermotechnics),SI MASS DEG KPA C KJ,5/10,,todo,
TM-0231,thermo_models,MCI_REMIDICKES/MCI/TP/MCI_TP1_Ex_1-5/Ex_3-4_CH4-Fuel Oil_Tadiab with or without dissociation_2016.EES,,"Adiabatic flame temperature of CH4 or fuel oil with/without dissociation, excess air >= 0 (MCI TP1 Ex3-4)","Reactants CmHn + (m+n/4)(O2+79/21 N2)(1+e); selectable fuel and dissociation switch; DUPLICATE over species, CONVERT, UnitSystem.",combustion_boilers,steady,2,en,ees,X10.589,132,46,CALL;DUPLICATE;UNITSYSTEM;CONVERT;ARRAYS,kJ/kg,O2;N2;CH4;H2;H2O;CO;CO2;NO,3,,yes,high,own,P. Ngendakumana; R. Dickes,"uses EES built-in Chem_Equil and NASA procedures (CALL); stored as RTF; calls external/built-in procedures: chem_equil, nasa; EES ID stamp: P. Ngendakumana licence (ULiege Thermotechnics)",SI MOLE DEG KPA K KJ,26/28,,todo,
TM-0232,thermo_models,MCI_REMIDICKES/MCI/TP/MCI_TP1_Ex_1-5/Exo_1_resolution_RD.EES,,"NASA table properties of CO2 (MCI TP1 Exo1 solution, RD)",Molar/kJ outputs with Pref = 1e5 Pa from NASA routine.,combustion_boilers,steady,1,en,ees,X10.589,13,8,CALL,Pa;J/kmol.K,CO2,1,,yes,low,own,P. Ngendakumana; R. Dickes,solution by R. Dickes ('RD'); uses EES built-in NASA procedure; calls external/built-in procedures: nasa; EES ID stamp: ULiege Thermodynamics Lab student/staff licence,SI MOLE DEG PA K J,11/11,,todo,
TM-0233,thermo_models,MCI_REMIDICKES/MCI/TP/MCI_TP1_Ex_1-5/Exo_2_resolution_RD.EES,,"Inert gas/oxygen mole ratio in reactants (MCI TP1 Exo2 solution, RD)",Very short combustion-air stoichiometry exercise.,combustion_boilers,steady,1,en,ees,X10.589,12,5,CALL,kPa,,0,,yes,low,own,P. Ngendakumana; R. Dickes,solution by R. Dickes ('RD'); uses EES built-in Chem_Equil procedure; calls external/built-in procedures: chem_equil; EES ID stamp: ULiege Thermodynamics Lab student/staff licence,SI MASS DEG KPA C KJ,20/20,,todo,
TM-0234,thermo_models,MCI_REMIDICKES/MCI/TP/MCI_TP1_Ex_1-5/Exo_3_resolution_RD.EES,,"Reactant enthalpy and products with/without dissociation, species arrays (MCI TP1 Exo3 solution, RD)",CH4 + air combustion with product species via DUPLICATE and Chem_Equil/NASA calls.,combustion_boilers,steady,1,en,ees,X10.589,45,22,CALL;DUPLICATE;ARRAYS,kPa,CH4;O2;N2;CO2;H2O;H2;CO;NO,1,,yes,low,own,P. Ngendakumana; R. Dickes,"solution by R. Dickes ('RD'); uses EES built-in Chem_Equil and NASA procedures; calls external/built-in procedures: chem_equil, nasa; EES ID stamp: ULiege Thermodynamics Lab student/staff licence",SI MOLE DEG KPA K KJ +decimal-comma,90/90,,todo,
TM-0235,thermo_models,MCI_REMIDICKES/MCI/TP/MCI_TP2_Ex_1-3/Détarage moteurs_Exercices_1-2.EES,,Engine derating according to ISO 3046/1 (MCI TP2 Ex1-2),"Naturally aspirated Diesel that must deliver 372 kW on site (400 m, 45 C, 80% RH, mechanical efficiency 0.85): derating factor alpha from the ISO 3046/1 reference conditions with factor a and exponents m, n, s; a FUNCTION is used for the correction law.",engines,steady,2,fr,ees,X10.589,85,43,FUNCTION,m;%;kPa;+273.15,Steam,3,,yes,high,own,P. Ngendakumana; R. Dickes,stored as RTF; EES ID stamp: P. Ngendakumana licence (ULiege Thermotechnics),SI MASS DEG KPA K KJ,17/17,,todo,
TM-0236,thermo_models,MCI_REMIDICKES/MCI/TP/MCI_TP2_Ex_1-3/Exercice_3_Param opératoires et combustion.EES,,Number of cylinders and operating parameters at rated power (MCI TP2 Ex3),"From bore, stroke, intermittency factor and rated shaft power: displacement per cylinder, number of cylinders (non-integer count and rounding, mean effective pressure correction), speed, efficiencies and consumption.",engines,steady,2,fr,ees,X10.589,63,43,,kW;kPa;m;m/s;kJ/kg,,3,,yes,medium,own,P. Ngendakumana; R. Dickes,stored as RTF; EES ID stamp: P. Ngendakumana licence (ULiege Thermotechnics),SI MASS DEG KPA K KJ,43/44,,todo,
TM-0237,thermo_models,MCI_REMIDICKES/MCI/TP/MCI_TP3_EX-1-2-3-4-5/MCI_TP3_Ex 4.EES,,"Two-stroke engine performance parameters (MCI TP3 Ex4, 2017)","Cylinders, intermittency factor for a two-stroke engine, shaft power, speed, air-fuel ratio, bore/stroke, volumetric and mechanical efficiency, fuel heating value.",engines,steady,1,fr,ees,X10.589,47,26,,m;W;tr/min;J/kg;C;Pa,Air,2,,yes,low,own,P. Ngendakumana; R. Dickes,stored as RTF; EES ID stamp: P. Ngendakumana licence (ULiege Thermotechnics),SI MASS DEG PA C J,25/25,,todo,
TM-0238,thermo_models,MCI_REMIDICKES/MCI/TP/MCI_TP3_EX-1-2-3-4-5/MCI_TP3_Ex 5.EES,,"Engine dynamometer test analysis (MCI TP3 Ex5, 2019)","Shaft power from dynamometer power and efficiency, friction losses and mechanical efficiency for a 4-stroke engine.",engines,steady,1,fr,ees,X10.589,33,14,,W;tr/min;m^3,,2,,yes,low,own,P. Ngendakumana; R. Dickes,EES ID stamp: P. Ngendakumana licence (ULiege Thermotechnics),SI MASS DEG PA C J,16/16,,todo,
TM-0239,thermo_models,MCI_REMIDICKES/MCI/TP/MCI_TP3_EX-1-2-3-4-5/MCI_TP3_EX-1-2-3.EES,,"V6 four-stroke engine: displacement, piston speed, power, efficiencies and crank-angle quantities (MCI TP3 Ex1-3)","Square V6 engine with connecting-rod length, volumetric compression ratio and end-of-combustion angle; exercise selector 1/2/3; UnitSystem directive and CONVERT.",engines,steady,2,fr,ees,X10.589,152,73,UNITSYSTEM,Pa;Nm;m^3;tours/min;m;bar;+273.15,Air,3,DG-0058,yes,medium,own,P. Ngendakumana; R. Dickes,includes a zipped near-duplicate (TM-0469); stored as RTF; representative of 2-file duplicate group; EES ID stamp: ULiege Thermodynamics Lab student/staff licence,SI MASS DEG PA K J,45/45,,todo,
TM-0240,thermo_models,MCI_REMIDICKES/MCI/TP/MCI_TP4_Ex_1/SURALIMENTATION_FORMULATION SIMPLE_V2017-1.EES,,Turbocharger performance: simplified formulation with combustion-product composition (MCI TP4 Ex1),"Supercharged engine with turbocharger and intercooler: molar mass and composition of combustion products, excess air, compressor/turbine matching; SUBPROGRAM, FUNCTION, DUPLICATE, include of external HSCmHn combustion library.",engines,steady,3,fr,ees,X10.589,236,112,FUNCTION;CALL;SUBPROGRAM;DUPLICATE;UNITSYSTEM;ARRAYS,Pa;C;kg/s;%;J/kg;m/s^2;J/(kmol.K);+273.15,CO2;H2O;O2;N2;Air;EG,3,,yes,high,own,P. Ngendakumana; R. Dickes,$INCLUDE of external lib 'HSCmHnPRODCOMB_SI_PNG0301' (not in collection); EES ID stamp: ULiege Thermodynamics Lab student/staff licence,SI MASS DEG PA C J +decimal-comma,109/111,,todo,
TM-0241,thermo_models,MCI_REMIDICKES/MCI/TP/MCI_TP5/Ex_1_Dimensionnement de soupapes_PNG.EES,,Intake valve sizing for a square engine (MCI TP5 Ex1),"Total intake area (lecture slide reference), bore from displacement, mean piston speed and speed of sound at the intake temperature.",engines,steady,1,fr,ees,X10.409,32,18,,+273.15,Air,2,,yes,medium,own,P. Ngendakumana; R. Dickes,stored as RTF; EES ID stamp: P. Ngendakumana licence (ULiege Thermotechnics),SI MASS DEG PA C J,15/15,,todo,
TM-0242,thermo_models,MCI_REMIDICKES/MCI/TP/MCI_TP5/Ex_2_Croisement des soupapes_PNG.EES,,Valve overlap from crank-angle valve timing (MCI TP5 Ex2),Inlet/exhaust valve opening and closing angles (TDC at 0 deg) at rated speed and at idle: overlap angles.,engines,steady,1,fr,ees,X10.393,30,16,,,,2,,yes,medium,own,P. Ngendakumana; R. Dickes,stored as RTF; EES ID stamp: P. Ngendakumana licence (ULiege Thermotechnics),SI MASS DEG KPA C KJ,14/14,,todo,
TM-0243,thermo_models,MCI_REMIDICKES/MCI/TP/MCI_TP5/Ex_3_Deux injections moteur essence_PNG.EES,,Double fuel injection in a gasoline engine (MCI TP5 Ex3),"Start/end of injection, fuel-air ratio, volumetric efficiency and standard conditions for a 4-stroke gasoline engine: injected masses and flow.",engines,steady,1,en,ees,X10.589,43,26,,,Air,2,,yes,medium,own,P. Ngendakumana; R. Dickes,EES ID stamp: P. Ngendakumana licence (ULiege Thermotechnics),SI MASS DEG PA C J,20/20,,todo,
TM-0244,thermo_models,MCI_REMIDICKES/MCI/TP/MCI_TP5/Ex_4_Injection moteur diesel_PNG.EES,,Diesel injection sizing (MCI TP5 Ex4),"Start/end of injection, volumetric efficiency and mixture richness for a 4-stroke Diesel engine.",engines,steady,1,fr,ees,X10.393,32,21,,,Air,2,,yes,medium,own,P. Ngendakumana; R. Dickes,stored as RTF; EES ID stamp: P. Ngendakumana licence (ULiege Thermotechnics),SI MASS DEG PA C J,16/16,,todo,
TM-0245,thermo_models,MCI_REMIDICKES/MCI/TP/MCI_TP6/EX1_PNG_2019.EES,,Supercharged engine air flow and compressor (MCI TP6 statement 1),"Displacement, volumetric efficiency, compressor isentropic efficiency, air flow, swept volume per cylinder.",engines,steady,1,fr,ees,X10.589,43,29,,C;Pa,Air,2,,yes,medium,own,P. Ngendakumana; R. Dickes,EES ID stamp: P. Ngendakumana licence (ULiege Thermotechnics),SI MASS DEG PA C J,29/31,,todo,
TM-0246,thermo_models,MCI_REMIDICKES/MCI/TP/MCI_TP6/EX2_PNG_2019.EES,,Turbocharged engine with expander temperature drop (MCI TP6 statement 2),"Supercharged engine volumetric efficiency referenced to ambient, expander temperature drop and mechanical efficiency.",engines,steady,1,fr,ees,X10.589,49,30,,m^3;C;Pa;J/(kgK);+273.15,Air,3,,yes,medium,own,P. Ngendakumana; R. Dickes,stored as RTF; EES ID stamp: P. Ngendakumana licence (ULiege Thermotechnics),SI MASS DEG PA C J,31/34,,todo,
TM-0247,thermo_models,MCI_REMIDICKES/MCI/TP/MCI_TP6/EX3_PNG_2019.EES,,"Fuel injection in an atmospheric compression-ignition engine (MCI TP6 Ex3, Pulkrabek 5-9/5-10)","Injection start/end angles, injector discharge coefficient, fuel density: injected mass and pressure.",engines,steady,1,fr,ees,X10.589,44,28,,Pa;+273.15,Air,2,,yes,medium,own,P. Ngendakumana; R. Dickes,stored as RTF; EES ID stamp: P. Ngendakumana licence (ULiege Thermotechnics),SI MASS DEG PA K J,21/21,,todo,
TM-0248,thermo_models,MCI_REMIDICKES/MCI/TP/MCI_TP7/EX_1_PNG_2019.EES,,Vehicle exhaust emissions from fuel flow and gas fractions (MCI TP7 Ex1),"Equivalence ratio, exhaust molar mass and CO/NO2/HC mole fractions, g/km emissions; UnitSystem directive.",engines,steady,1,fr,ees,X10.589,89,30,UNITSYSTEM,kg/s;km/s;W;kg/kmol;g/kgdefuel;g/km;g/kW.h),,3,,yes,medium,own,P. Ngendakumana; R. Dickes,EES ID stamp: P. Ngendakumana licence (ULiege Thermotechnics),SI MASS DEG PA C J,45/45,,todo,
TM-0249,thermo_models,MCI_REMIDICKES/MCI/TP/MCI_TP7/EX_2_PNG_2019.EES,,"Engine efficiencies from bore, stroke and AFR (MCI TP7 Ex2)","Shaft power, air-fuel ratio, volumetric, mechanical and combustion efficiency; UnitSystem directive.",engines,steady,1,fr,ees,X10.589,43,24,UNITSYSTEM,,Air,2,,yes,medium,own,P. Ngendakumana; R. Dickes,stored as RTF; EES ID stamp: P. Ngendakumana licence (ULiege Thermotechnics),SI MASS DEG KPA C KJ,20/20,,todo,
TM-0250,thermo_models,MCI_REMIDICKES/MCI/TP/MCI_TP7/Ex_3_PNG_2019.EES,,CO2 emissions in g/km from fuel consumption in l/100 km (MCI TP7 Ex3),Complete combustion of CmHn (e.g. hexadecane) to CO2 per km for diesel or gasoline.,engines,steady,1,fr,ees,X10.589,28,10,,,Diesel,2,,yes,medium,own,P. Ngendakumana; R. Dickes,EES ID stamp: P. Ngendakumana licence (ULiege Thermotechnics),SI MASS DEG PA C J,6/6,,todo,
TM-0251,thermo_models,Model data bank/Distribution_Systems/Fans/CENTRIFUGAL_FAN_REFSIM_MODEL_ARJL080121/Centrifugal_Fan_RefSim_EES_Model_ARJL080121.EES,,Centrifugal fan reference simulation model (dimensionless pressure/flow/power factors),"Reference model of a centrifugal fan on humid air: flow and power factors as functions of the pressure factor, inputs/outputs/parameters panel; companion of the parameter-identification model TM-0485.",pumps_fans,steady,1,en,ees,X7.966,126,19,PSYCH,-;Pa;m^3/h;m/s;W;C;min^-1;kg/s,AirH2O,3,,yes,wave1,own,Vlad Teodorese; Andrés Rodríguez; Jean Lebrun (reviewer),"model bank 2008-03-18; authors V. Teodorese, A. Rodriguez (reviewed by J. Lebrun); also distributed as EXE; stored as RTF; carries the lab disclaimer 'freely distributed, may not be sold, cite origin'; EES ID stamp: J. Lebrun lab licence (ULiege) | imported as CSL-0071 centrifugal_fan_reference_model (components/pumps_fans, verified vs the EES stored solution, max rel diff 1.19e-02 on the moist-air cp); no duplicate group; TM-0485 is the ParamID companion of the same fan and stays todo (different level of detail)",SI MASS DEG PA C J,34/35,,added,CSL-0071
TM-0252,thermo_models,Model data bank/Economical_evaluation_of_investment/INVESTISSEMENT_RENTABILITE_SB080108.EES,,Economic evaluation of energy-saving investments: NPV and simple payback,"Cash-flow model over the investment lifetime (energy-cost escalation, discount rate): yearly costs/benefits, net cash flow and discounted present value, payback time by the NPV method and by simple payback for energy-saving measures (DUPLICATE with i-1 indices).",cogeneration_energy_systems,steady,2,en,ees,X7.888,94,30,DUPLICATE;ARRAYS,-;year;i-1,,3,DG-0059,no,skip,own,Stéphane Bertagnolio,"author S. Bertagnolio, 2008-01-08; accompanying reports (IBGE, Pilavachi HeatSET 2007) are not EES; identical equations to TM-0270; ~176 equations after DUPLICATE expansion; carries the lab disclaimer 'freely distributed, may not be sold, cite origin'; EES ID stamp: J. Lebrun lab licence (ULiege)",SI MASS DEG PA C J,297/297,parametric:table1(23x2),todo,
TM-0253,thermo_models,Model data bank/EES_Functions/cpbar/COMBCMHN_PNG_2003/CombCmHn_SI_PNG2003_V2.LIB,,cpbar: mean specific heat of CmHn combustion products and incomplete-combustion losses (function library),"EES library (PROCEDURE/FUNCTION) returning cp_bar of combustion products between two temperatures for fuel CmHn, fuel-air ratio and excess air, plus CO losses Q4 and gas properties; required by the boiler models.",combustion_boilers,function,2,fr,lib,,279,0,FUNCTION;PROCEDURE,,CO2;CO;H2O;N2;O2,2,,yes,wave1,own,ULiege Thermodynamics Lab (J. Lebrun et al.),author P. Ngendakumana ('PNG 2003'); needed by TM-0491/0492/0493; no direct CoolProp equivalent for the composition/temperature averaging; imported as CSL-0005 function library (card C-04; routines cpbar/gamma/mmprod kept native); blocked by CS-BUG-IF-IGNORED + CS-BUG-MOLARMASS + CS-BUG-SINGLE-INPUT-PAIR + CS-GAP-FORMATION-ENTHALPY; reference values from companion test TM-0254,,,,added,CSL-0005
TM-0254,thermo_models,Model data bank/EES_Functions/cpbar/COMBCMHN_PNG_2003/CombCmHn_SI_PNG2003_V2_test.EES,CombCmHn_SI_PNG2003_V2.LIB,Test of the cpbar procedure,Calls cpbar for complete/incomplete combustion and pure air cases and tests the gamma function.,combustion_boilers,steady,1,fr,ees,X7.966,18,1,CALL,,,2,,yes,low,own,ULiege Thermodynamics Lab (J. Lebrun et al.),companion of TM-0253; EES ID stamp: J. Lebrun lab licence (ULiege),SI MASS DEG PA C J,12/12,,todo,
TM-0255,thermo_models,Model data bank/EES_Functions/iso5167/ISO5167 flow rate calculation - diaphragm.EES,,ISO 5167 orifice plate (diaphragm) flow-rate calculation procedure,"Implements the ISO 5167-1980 flow-rate calculation for a diaphragm with corner tappings: fluid properties retrieved for any fluid (FluidProp/EES), tolerances for corner tappings, out-of-range warnings (PROCEDURE/MODULE/CALL).",valves_nozzles_piping,steady,2,fr,ees,X7.793,116,27,PROCEDURE;CALL;MODULE;PSYCH;FLUIDPROP,Pa,AirH2O,2,,yes,wave1,own,ULiege Thermodynamics Lab (J. Lebrun et al.),uses FluidProp call for properties; author not identified (lab model bank); EES ID stamp: J. Lebrun lab licence (ULiege),SI MASS DEG PA C J,30/38,,added,CSL-0075
TM-0256,thermo_models,Model data bank/EES_Functions/iso5167/ISO5167 flow rate calculation - long radius.EES,,ISO 5167 long-radius nozzle flow-rate calculation,Same structure as the diaphragm model for a long-radius nozzle; out-of-range warnings and flow-rate procedure.,valves_nozzles_piping,steady,2,en,ees,X7.793,101,23,PROCEDURE;CALL;MODULE;PSYCH;FLUIDPROP,,Steam;AirH2O,1,,yes,medium,own,ULiege Thermodynamics Lab (J. Lebrun et al.),"same ISO 5167 procedure for a long-radius nozzle (different discharge-coefficient equation and ranges); merged into CSL-0075 as described-only variant, not imported (card C-80)",SI MASS DEG PA C J,30/30,,merged,CSL-0075
TM-0257,thermo_models,Model data bank/EES_Functions/iso5167/ISO5167_air_flow_rate_calculation-isa1932.EES,,ISO 5167 ISA 1932 nozzle air flow-rate calculation,ISA 1932 nozzle flow-rate procedure for air with preliminary calculations.,valves_nozzles_piping,steady,2,en,ees,X7.793,80,27,PROCEDURE;CALL;MODULE;PSYCH,,AirH2O,1,,yes,medium,own,ULiege Thermodynamics Lab (J. Lebrun et al.),"same ISO 5167 procedure for an ISA 1932 nozzle (different discharge-coefficient equation and ranges); merged into CSL-0075 as described-only variant, not imported (card C-80)",SI MASS DEG PA C J,31/31,,merged,CSL-0075
TM-0258,thermo_models,Model data bank/Heat_Exchangers/Two_Phases_HEX/3_zones_Condenser/Condenser three zones parametric model (purely counterflow) - CC080108-1.EES,,Three-zone condenser parametric model: purely counterflow configuration,"Counterflow variant of the desuperheating/condensing/subcooling air-cooled condenser model (R134a, air).",heat_exchangers,steady,3,en,ees,X7.793,309,96,PROCEDURE;CALL;PSYCH,,Air_ha;R134a,3,DG-0060,no,low,own,Cristian Cuevas,"model-bank copy of TM-0264; near-duplicate/variant of TM-0266 (Jaccard 0.98); carries the lab disclaimer 'freely distributed, may not be sold, cite origin'; EES ID stamp: J. Lebrun lab licence (ULiege)",SI MASS RAD PA C J +decimal-comma,52/53,,duplicate,CSL-0008
TM-0259,thermo_models,Model data bank/Heat_Exchangers/Two_Phases_HEX/3_zones_Condenser/Condenser three zones parametric model (purely crossflow)- CC080108-1.EES,,Three-zone condenser parametric model: purely crossflow configuration,"Crossflow variant of the three-zone condenser model (R134a, air).",heat_exchangers,steady,3,en,ees,X7.793,310,99,PROCEDURE;CALL;PSYCH,,Air_ha;R134a,3,DG-0060,no,low,own,Cristian Cuevas,"model-bank copy of TM-0265; near-duplicate/variant of TM-0266 (Jaccard 0.72); carries the lab disclaimer 'freely distributed, may not be sold, cite origin'; EES ID stamp: J. Lebrun lab licence (ULiege)",SI MASS RAD PA C J +decimal-comma,45/45,,duplicate,CSL-0008
TM-0260,thermo_models,Model data bank/Heat_Exchangers/Two_Phases_HEX/3_zones_Condenser/Condenser three zones parametric model model (combined crossflow-counterflow) - CC080108-1.EES,,"Three-zone condenser parametric model: counterflow, crossflow and combined flow (R134a, air)","Desuperheating/condensing/subcooling zones with epsilon-NTU per zone; three configurations; fluid and air properties via procedures (single_phase_hx, two_phase_cd).",heat_exchangers,steady,3,en,ees,X7.793,309,96,PROCEDURE;CALL;PSYCH,,Air_ha;R134a,3,DG-0060,no,skip,own,Cristian Cuevas,"author C. Cuevas (Univ. de Concepcion) at the ULiege lab, 2008-01-08; three configuration files (counterflow, crossflow, combined) in several copies; identical equations to TM-0266; carries the lab disclaimer 'freely distributed, may not be sold, cite origin'; EES ID stamp: J. Lebrun lab licence (ULiege)",SI MASS RAD PA C J +decimal-comma,48/49,,duplicate,CSL-0008
TM-0261,thermo_models,Model data bank/Heating_Cooling_Terminal_Units/CoolingCeilings/CoolingCeilingWithControl_Simplified_EES_ModeJLSB080317.EES,,Cooling ceiling with thermostatic valve control: simplified sizing model,Cooling ceiling system with perfect-authority thermostatic valve: water flow varies linearly with temperature offset; sizing and control equations.,buildings,steady,1,en,ees,X7.888,44,21,,C;W;-;C^-1,,2,,yes,medium,own,ULiege Thermodynamics Lab (J. Lebrun et al.),"authors J. Lebrun, S. Bertagnolio (2008-03-17); stored as RTF; EES ID stamp: J. Lebrun lab licence (ULiege)",SI MASS DEG PA C J,21/21,,todo,
TM-0262,thermo_models,Model data bank/Heating_Cooling_Terminal_Units/Radiators/Radiator_RefSim_EES_Model_JLSB080317.EES,,Radiator reference model,Heating radiator reference model: outputs heat output and water exit temperature from inputs and parameters.,buildings,steady,1,en,ees,X7.966,29,7,,C;kg/s;-;W/C;J/(kg*C),,1,,yes,medium,own,Jean Lebrun; Stéphane Bertagnolio,"authors J. Lebrun, S. Bertagnolio (2008-03-17); also distributed as EXE; stored as RTF; EES ID stamp: J. Lebrun lab licence (ULiege)",SI MASS DEG PA C J,14/14,,todo,
TM-0263,thermo_models,Model data bank/Thermal_comfort/ThermalComfort_PMV_PPD_RefSim_EES_Model_SQSB080131.EES,,Thermal comfort model: Fanger PMV-PPD,"Predicted mean vote and percentage dissatisfied from Fanger (1970) and J. Lebrun's comfort course notes (2006-2007): metabolic rate, body mass/height, clothing in clo, air and radiant temperature, humidity, air speed; lookup tables and arrays.",buildings,steady,2,en+fr,ees,X7.991,127,51,LOOKUP;PSYCH;ARRAYS,C;m^2;W;kg;m;Clo;m/s;Pa;+273.15,AirH2O;Water,3,DG-0061,no,skip,own,Sylvain Quoilin; Jean Lebrun; Stéphane Bertagnolio,"authors S. Quoilin, J. Lebrun, S. Bertagnolio (2008-01-30); the header comment is a copy-paste of the boiler template title; 2 copies (modeles and model bank); identical equations to TM-0326; carries the lab disclaimer 'freely distributed, may not be sold, cite origin'; EES ID stamp: J. Lebrun lab licence (ULiege); byte-identical copy of TM-0326 (same md5), covered by CSL-0012",SI MASS DEG PA C J,57/57,lookup:activite(7x2);veture(6x2),duplicate,CSL-0012
TM-0264,thermo_models,modeles/Condenser_3_zones/Condenser three zones parametric model (purely counterflow) - CC080108-1.EES,,Three-zone condenser parametric model: purely counterflow configuration,"Counterflow variant of the desuperheating/condensing/subcooling air-cooled condenser model (R134a, air).",heat_exchangers,steady,3,en,ees,X7.793,309,96,PROCEDURE;CALL;PSYCH,,Air_ha;R134a,3,DG-0060,no,low,own,Cristian Cuevas,"author C. Cuevas (Univ. de Concepcion) at the ULiege lab, 2008-01-08; three configuration files (counterflow, crossflow, combined) in several copies; near-duplicate/variant of TM-0266 (Jaccard 0.98); carries the lab disclaimer 'freely distributed, may not be sold, cite origin'; EES ID stamp: J. Lebrun lab licence (ULiege)",SI MASS RAD PA C J +decimal-comma,52/53,,merged,CSL-0008
TM-0265,thermo_models,modeles/Condenser_3_zones/Condenser three zones parametric model (purely crossflow)- CC080108-1.EES,,Three-zone condenser parametric model: purely crossflow configuration,"Crossflow variant of the three-zone condenser model (R134a, air).",heat_exchangers,steady,3,en,ees,X7.793,310,99,PROCEDURE;CALL;PSYCH,,Air_ha;R134a,3,DG-0060,no,low,own,Cristian Cuevas,"author C. Cuevas (Univ. de Concepcion) at the ULiege lab, 2008-01-08; three configuration files (counterflow, crossflow, combined) in several copies; near-duplicate/variant of TM-0266 (Jaccard 0.72); carries the lab disclaimer 'freely distributed, may not be sold, cite origin'; EES ID stamp: J. Lebrun lab licence (ULiege)",SI MASS RAD PA C J +decimal-comma,45/45,,merged,CSL-0008
TM-0266,thermo_models,modeles/Condenser_3_zones/Condenser three zones parametric model model (combined crossflow-counterflow) - CC080108-1.EES,,"Three-zone condenser parametric model: counterflow, crossflow and combined flow (R134a, air)","Desuperheating/condensing/subcooling zones with epsilon-NTU per zone; three configurations; fluid and air properties via procedures (single_phase_hx, two_phase_cd).",heat_exchangers,steady,3,en,ees,X7.793,309,96,PROCEDURE;CALL;PSYCH,,Air_ha;R134a,3,DG-0060,yes,wave1,own,Cristian Cuevas,"author C. Cuevas (Univ. de Concepcion) at the ULiege lab, 2008-01-08; three configuration files (counterflow, crossflow, combined) in several copies; representative of 6-file duplicate group (1 with identical equations); carries the lab disclaimer 'freely distributed, may not be sold, cite origin'; EES ID stamp: J. Lebrun lab licence (ULiege)",SI MASS RAD PA C J +decimal-comma,48/49,,added,CSL-0008
TM-0267,thermo_models,modeles/cycle a extraction.EES,,ORC / vapour cycle with two-stage scroll expander and intermediate extraction (R134a),"Scroll expander with internal volume ratios r_v_in_1/r_v_in_2, intermediate extraction flow, evaporator and condenser at imposed saturation temperatures; arrays for states.",power_cycles_vapour,steady,2,en,ees,X7.991,249,133,ARRAYS,cm^3,R134a,2,,yes,medium,own,ULiege Thermodynamics Lab,"no comments except section titles; author probably S. Quoilin (SQ-era ORC work); stored as RTF; EES ID stamp: J. Lebrun lab licence (ULiege); parametric:table1(1998x2) is mis-decoded by ees_extract.py (only 3 values of P_int_star, empty column v); equations byte-identical to EES_ok/orc_extraction.EES (EES 9.920) - same exercise, imported as CSL-0036 from the later save",SI MASS DEG PA C J,132/132,parametric:table1(1998x2),duplicate,CSL-0036
TM-0268,thermo_models,modeles/cycle ORC with refprop.EES,,"Waste-heat-recovery ORC with scroll expander: detailed model, REFPROP mixtures and cost model","Complete ORC with discretised heat exchangers (procedures hx_cd, hx_ev), scroll expander, pump, pipes, void-fraction charge and equipment cost (SIC); contains an 'optim' summary table for optimisation runs.",power_cycles_vapour,optimization,3,en,ees,X8.652,1041,226,FUNCTION;PROCEDURE;CALL;LOOKUP;REFPROP;INCLUDE;ARRAYS,C;m;kg/s;+273.15,Water;R245fa+R134a (REFPROP);Glycol;TherminolVP-1;Air;R245fa,2,,yes,high,own,ULiege Thermodynamics Lab,"needs REFPROP via CALL EES_REFPROP (external); calls procedures prop_htf, Thonon, Kuo not defined in the file (external user library); ~226 equations + 324 procedure lines; EES 8.652; calls external/built-in procedures: ees_refprop; EES ID stamp: J. Lebrun lab licence (ULiege)",SI MASS DEG PA C J +decimal-comma,386/386,parametric:Table 3(89x2);lookup:Lookup 2(59x2);lookup:Lookup 2(22x8);lookup:Lookup 2(22x2);lookup:Lookup 2(22x9),todo,
TM-0269,thermo_models,modeles/Economical_evaluation_of_investment/INVESTISSEMENT_RENTABILITE2_SB080108SQ080206.EES,,Economic evaluation of investment with NPV/IRR procedures (version SB080108/SQ080206),"Cash-flow model rewritten with PROCEDUREs NPV, IRR and ProcIRR using lookup tables; extended by S. Quoilin in Feb 2008.",cogeneration_energy_systems,steady,2,en,ees,X7.991,179,12,PROCEDURE;CALL;LOOKUP;ARRAYS;INDEX_SHIFT,-;year;i-1,,3,DG-0062,no,low,own,Stéphane Bertagnolio; Sylvain Quoilin,"authors S. Bertagnolio, S. Quoilin; near-duplicate/variant of TM-0271 (Jaccard 0.70); carries the lab disclaimer 'freely distributed, may not be sold, cite origin'; EES ID stamp: J. Lebrun lab licence (ULiege)",SI MASS DEG PA C J,495/495,parametric:table1(12441x2);lookup:data(44x13),todo,
TM-0270,thermo_models,modeles/Economical_evaluation_of_investment/INVESTISSEMENT_RENTABILITE_SB080108.EES,,Economic evaluation of energy-saving investments: NPV and simple payback,"Cash-flow model over the investment lifetime (energy-cost escalation, discount rate): yearly costs/benefits, net cash flow and discounted present value, payback time by the NPV method and by simple payback for energy-saving measures (DUPLICATE with i-1 indices).",cogeneration_energy_systems,steady,2,en,ees,X7.888,94,30,DUPLICATE;ARRAYS,-;year;i-1,,3,DG-0059,yes,wave1,own,Stéphane Bertagnolio,"author S. Bertagnolio, 2008-01-08; accompanying reports (IBGE, Pilavachi HeatSET 2007) are not EES; representative of 2-file duplicate group (1 with identical equations); ~176 equations after DUPLICATE expansion; carries the lab disclaimer 'freely distributed, may not be sold, cite origin'; EES ID stamp: J. Lebrun lab licence (ULiege)",SI MASS DEG PA C J,297/297,parametric:table1(23x2),todo,
TM-0271,thermo_models,modeles/Economical_evaluation_of_investment/INVESTISSEMENT_RENTABILITE_SB080108SQ080206.EES,,Economic evaluation of investment with NPV/IRR procedures (version SB080108/SQ080206),"Cash-flow model rewritten with PROCEDUREs NPV, IRR and ProcIRR using lookup tables; extended by S. Quoilin in Feb 2008.",cogeneration_energy_systems,steady,2,en,ees,X7.991,185,14,PROCEDURE;CALL;LOOKUP;ARRAYS;INDEX_SHIFT,-;year;i-1,,3,DG-0062,yes,medium,own,Stéphane Bertagnolio; Sylvain Quoilin,"authors S. Bertagnolio, S. Quoilin; representative of 2-file duplicate group; carries the lab disclaimer 'freely distributed, may not be sold, cite origin'; EES ID stamp: J. Lebrun lab licence (ULiege)",SI MASS DEG PA C J,478/478,parametric:table1(12502x2);lookup:data(44x13),todo,
TM-0272,thermo_models,modeles/ExpanderSimpleModelSQ080318.EES,,"Simple scroll expander model as an EES MODULE: supply pressure drop and cooling, isentropic then isochoric expansion, leakage, exhaust cooling","Module 'expander' (swept volume from built-in volume ratio): supply throttling, epsilon-NTU supply cooling, isentropic expansion to the adapted pressure then isochoric expansion to the exhaust pressure, leakage flow mixed back at exhaust, exhaust cooling, ambient heat balance, global isentropic effectiveness; reusable in ORC cycles.",expanders_turbines,steady,3,en,ees,X8.198,128,68,CALL;MODULE,+273.15,,2,DG-0063,yes,wave1,own,ULiege Thermodynamics Lab,"author S. Quoilin (2008-03-18, copy 2011-07-01); EES MODULE called with CALL; representative of 2-file duplicate group (1 with identical equations); EES ID stamp: J. Lebrun lab licence (ULiege)",SI MASS DEG PA C J,85/85,,merged,CSL-0037
TM-0273,thermo_models,modeles/ExpanderSimpleModelSQ110701.EES,,"Simple scroll expander model as an EES MODULE: supply pressure drop and cooling, isentropic then isochoric expansion, leakage, exhaust cooling","Module 'expander' (swept volume from built-in volume ratio): supply throttling, epsilon-NTU supply cooling, isentropic expansion to the adapted pressure then isochoric expansion to the exhaust pressure, leakage flow mixed back at exhaust, exhaust cooling, ambient heat balance, global isentropic effectiveness; reusable in ORC cycles.",expanders_turbines,steady,3,en,ees,X8.652,122,68,CALL;MODULE,+273.15,,1,DG-0063,no,skip,own,ULiege Thermodynamics Lab,"author S. Quoilin (2008-03-18, copy 2011-07-01); EES MODULE called with CALL; identical equations to TM-0272; EES ID stamp: J. Lebrun lab licence (ULiege)",SI MASS DEG PA C J,84/84,,duplicate,CSL-0037
TM-0274,thermo_models,modeles/HP_INVERTER_REV_VLD05092007_DAIKIN-ALTHERMA3.EES,,Reversible air-water inverter heat pump (Daikin Altherma type): detailed system model,"Very large model (560 equations, 57 FUNCTIONs, 2 SUBPROGRAMs) of an inverter-driven reversible air-to-water heat pump with cooling/heating mode, compressor, exchangers, fans, pump; extensively documented.",refrigeration_heat_pumps,steady,4,en,ees,X7.793,2622,560,FUNCTION;CALL;SUBPROGRAM;PSYCH,-;C;Pa;%,AirH2O;Water,2,,yes,high,own,ULiege Thermodynamics Lab,largest model of the collection; file name 'HP_INVERTER_REV_VLD05092007'; author initials VLD; stored as RTF; EES ID stamp: J. Lebrun lab licence (ULiege),SI MASS DEG PA C J,226/492,,todo,
TM-0275,thermo_models,modeles/hx - fem SQ011025.EES,,"Discretised heat exchanger procedure: R245fa evaporator heated by hot air, temperature profile","PROCEDURE hxfem with N cells, REPEAT-UNTIL loop, switches between liquid/two-phase/vapour U values; temperature profile written to a lookup table.",heat_exchangers,steady,2,none,ees,X7.991,79,19,PROCEDURE;CALL;LOOKUP;PSYCH,,R245fa;Air_ha,0,,yes,medium,own,Sylvain Quoilin,author S. Quoilin ('SQ'); uncommented; Lookup table 'Tprofile' lives inside the .ees; EES ID stamp: J. Lebrun lab licence (ULiege),SI MASS DEG PA C J,19/19,lookup:Tprofile(110x4),todo,
TM-0276,thermo_models,modeles/JL/new/screw JL080205/3_4_1_Full_load_modelling.EES,,Screw compressor reference model in a refrigeration cycle (R22): full-load modelling,Full-load version (3_4_1) of the screw compressor model with internal leakage nozzle/diffuser and R22 cycle; basis of the part-load model TM-0277.,refrigeration_heat_pumps,steady,2,en,ees,X6.395,325,108,ARRAYS,kPa;kJ/kg;kJ/kg-K;kW;m^3/kg;m2;kg/s;kg/kmol;+273.15,R22,2,DG-0064,no,low,own,ULiege Thermodynamics Lab,"author J. Lebrun (JL080205), part of 'modeles/JL/new' reference compressor models; near-duplicate/variant of TM-0277 (Jaccard 0.85)",SI MASS DEG KPA C KJ,109/109,,todo,
TM-0277,thermo_models,modeles/JL/new/screw JL080205/3_4_2_Part_load_control.EES,,Screw compressor reference model in a refrigeration cycle (R22): full-load and part-load control,"Volumetric screw compressor with internal leakage through an opening (isentropic nozzle + isobaric diffuser) closed with a R22 cycle; part-load control by the sliding valve, derived from the full-load model 3_4_1; parametric study example.",refrigeration_heat_pumps,steady,2,en,ees,X6.395,366,121,ARRAYS,kPa;kJ/kg;kJ/kg-K;kW;m^3/kg;m2;kg/s;kg/kmol;+273.15,R22,3,DG-0064,yes,high,own,ULiege Thermodynamics Lab,"author J. Lebrun (JL080205), part of 'modeles/JL/new' reference compressor models; representative of 2-file duplicate group",SI MASS DEG KPA C KJ,122/122,,todo,
TM-0278,thermo_models,modeles/JL/new/scroll JL080205/3_3_1_Identification.EES,,Hermetic scroll compressor model: parameter identification (R22),Identification file (3_3_1) of the Winandy scroll compressor model; companion of the simulation file TM-0279.,refrigeration_heat_pumps,steady,2,en,ees,X6.395,285,94,LOOKUP,,R22,3,DG-0065,no,low,own,ULiege Thermodynamics Lab,author J. Lebrun (JL080205); near-duplicate/variant of TM-0279 (Jaccard 0.69),SI MASS DEG BAR C KJ,91/91,lookup:Lookup 1(65x2);lookup:Lookup 1(65x2),todo,
TM-0279,thermo_models,modeles/JL/new/scroll JL080205/3_3_2_Simulation.EES,,Hermetic scroll compressor reference model in a refrigeration cycle (R22),"Scroll compressor model (Winandy, Saavedra, Lebrun 2002): supply pressure drop, heating-up, isentropic compression to the adapted pressure, constant-volume compression, cooling-down; identification and simulation files, closed with a refrigeration cycle.",refrigeration_heat_pumps,steady,2,en,ees,X6.395,200,98,,,R22,3,DG-0065,yes,high,own,ULiege Thermodynamics Lab,"author J. Lebrun (JL080205); representative of 2-file duplicate group; similar but not grouped: TM-0498 (J=0.48), TM-0499 (J=0.47)",SI MASS DEG BAR C KJ,99/99,,todo,
TM-0280,thermo_models,modeles/LABORELEC_2002/1_Compressors/1_1_Reciprocating Compressors/Catalogue_data_model-Identification-Full_Load-Full_speed.EES,,Compressor catalogue-data model: identification at full load and full speed (R717),"Identifies isentropic/volumetric effectiveness polynomials at full load, full speed from catalogue data.",compressors,steady,1,en,ees,X6.596,64,26,DUPLICATE;LOOKUP;ARRAYS,kW;m³,R717,2,DG-0066,no,low,own,"Felipe Trebilcock (ULiege Thermodynamics Lab, Dec 2002, for Laborelec; reviewers J. Lebrun, E. Winandy)","Laborelec toolkit 2002 (F. Trebilcock); 5-file family (RPM simulation, identification, Copeland scroll big/small); near-duplicate/variant of TM-0282 (Jaccard 0.69); ~530 equations after DUPLICATE expansion; similar but not grouped: TM-0286 (J=0.49), TM-0285 (J=0.49)",SI MASS DEG KPA C KJ,505/505,,todo,
TM-0281,thermo_models,modeles/LABORELEC_2002/1_Compressors/1_1_Reciprocating Compressors/Catalogue_data_model-Identification-Part_Load-Full_speed.EES,,Compressor catalogue-data model: identification at part load and full speed (R717),Identification of part-load effectiveness polynomials from catalogue data.,compressors,steady,1,en,ees,X6.596,77,32,DUPLICATE;LOOKUP;ARRAYS,kW;m³,R717,2,DG-0066,no,low,own,"Felipe Trebilcock (ULiege Thermodynamics Lab, Dec 2002, for Laborelec; reviewers J. Lebrun, E. Winandy)","Laborelec toolkit 2002 (F. Trebilcock); 5-file family (RPM simulation, identification, Copeland scroll big/small); near-duplicate/variant of TM-0282 (Jaccard 0.56); ~656 equations after DUPLICATE expansion; similar but not grouped: TM-0286 (J=0.59), TM-0285 (J=0.59)",SI MASS DEG KPA C KJ,632/632,,todo,
TM-0282,thermo_models,modeles/LABORELEC_2002/1_Compressors/1_1_Reciprocating Compressors/Catalogue_data_model-RPM_simulation-Part_speed-Full_load.EES,,Reciprocating compressor model from catalogue data: isentropic and volumetric effectiveness (R717),Fits polynomial effectiveness curves to manufacturer data via lookup tables (DUPLICATE) and simulates full-load/part-speed operation.,compressors,steady,2,en,ees,X6.596,83,31,DUPLICATE;LOOKUP;ARRAYS,kW;m³,R717,2,DG-0066,yes,high,own,"Felipe Trebilcock (ULiege Thermodynamics Lab, Dec 2002, for Laborelec; reviewers J. Lebrun, E. Winandy)","Laborelec toolkit 2002 (F. Trebilcock); 5-file family (RPM simulation, identification, Copeland scroll big/small); representative of 5-file duplicate group; ~399 equations after DUPLICATE expansion",SI MASS DEG KPA C KJ,645/645,,todo,
TM-0283,thermo_models,modeles/LABORELEC_2002/1_Compressors/1_1_Reciprocating Compressors/Exponent m.EES,,Best exponent m for a family of reciprocating compressors,Evaluates polynomial effectiveness curves for several compressor sizes and speeds to define a common exponent m.,compressors,steady,2,en,ees,X6.596,88,42,DUPLICATE;LOOKUP;ARRAYS,,,2,,yes,medium,own,"Felipe Trebilcock (ULiege Thermodynamics Lab, Dec 2002, for Laborelec; reviewers J. Lebrun, E. Winandy)",Laborelec toolkit 2002 (F. Trebilcock); ~1855 equations after DUPLICATE expansion,SI MASS DEG KPA C KJ,1856/1856,,todo,
TM-0284,thermo_models,modeles/LABORELEC_2002/1_Compressors/1_2_Screw Compressors/Catalogue_data_model-Grasso C-52 - 2490rpm.EES,,"Screw compressor model from catalogue data (Grasso C-52/N-5/S-51 at 2490 rpm, R717)","Effectiveness expressions from catalogue data via lookup table, number-of-rows parameter, global isentropic effectiveness.",compressors,steady,1,en,ees,X6.596,106,37,DUPLICATE;LOOKUP;ARRAYS,kW;m³,R717,3,DG-0067,yes,medium,own,"Felipe Trebilcock (ULiege Thermodynamics Lab, Dec 2002, for Laborelec; reviewers J. Lebrun, E. Winandy)","Laborelec toolkit 2002 (F. Trebilcock); 3 compressors; representative of 3-file duplicate group; ~681 equations after DUPLICATE expansion; similar but not grouped: TM-0281 (J=0.59), TM-0280 (J=0.49)",SI MASS DEG KPA C KJ,701/701,,todo,
TM-0285,thermo_models,modeles/LABORELEC_2002/1_Compressors/1_2_Screw Compressors/Catalogue_data_model-Grasso N-5 - 2490rpm.EES,,"Screw compressor model from catalogue data (Grasso C-52/N-5/S-51 at 2490 rpm, R717)","Effectiveness expressions from catalogue data via lookup table, number-of-rows parameter, global isentropic effectiveness.",compressors,steady,1,en,ees,X6.596,82,37,DUPLICATE;LOOKUP;ARRAYS,kW;m³,R717,2,DG-0067,no,low,own,"Felipe Trebilcock (ULiege Thermodynamics Lab, Dec 2002, for Laborelec; reviewers J. Lebrun, E. Winandy)","Laborelec toolkit 2002 (F. Trebilcock); 3 compressors; near-duplicate/variant of TM-0284 (Jaccard 0.95); ~681 equations after DUPLICATE expansion; similar but not grouped: TM-0281 (J=0.59), TM-0280 (J=0.49)",SI MASS DEG KPA C KJ,701/701,,todo,
TM-0286,thermo_models,modeles/LABORELEC_2002/1_Compressors/1_2_Screw Compressors/Catalogue_data_model-Grasso S-51 - 2490rpm.EES,,"Screw compressor model from catalogue data (Grasso C-52/N-5/S-51 at 2490 rpm, R717)","Effectiveness expressions from catalogue data via lookup table, number-of-rows parameter, global isentropic effectiveness.",compressors,steady,1,en,ees,X6.596,103,37,DUPLICATE;LOOKUP;ARRAYS,kW;m³,R717,3,DG-0067,no,low,own,"Felipe Trebilcock (ULiege Thermodynamics Lab, Dec 2002, for Laborelec; reviewers J. Lebrun, E. Winandy)","Laborelec toolkit 2002 (F. Trebilcock); 3 compressors; near-duplicate/variant of TM-0284 (Jaccard 0.95); ~681 equations after DUPLICATE expansion; similar but not grouped: TM-0281 (J=0.59), TM-0280 (J=0.49)",SI MASS DEG KPA C KJ,701/701,,todo,
TM-0287,thermo_models,modeles/LABORELEC_2002/1_Compressors/1_2_Screw Compressors/Example-Grasso Screw RPM General Simulation.EES,,Grasso screw compressor RPM simulation example (polynomial isentropic efficiencies),Isentropic efficiencies at 1500 rpm and simulation over rpm using polynomial expressions.,compressors,steady,1,en,ees,X6.596,20,11,,,,1,,yes,low,own,"Felipe Trebilcock (ULiege Thermodynamics Lab, Dec 2002, for Laborelec; reviewers J. Lebrun, E. Winandy)",Laborelec toolkit 2002 (F. Trebilcock),SI MASS DEG KPA C KJ,12/12,parametric:Table 1(98x2),todo,
TM-0288,thermo_models,modeles/LABORELEC_2002/1_Compressors/1_3_Scroll Compressors/1_3_1_Copeland_Scroll_Big.EES,,Copeland scroll compressor (big) catalogue-data model,Catalogue-based effectiveness polynomials for a large Copeland scroll compressor.,compressors,steady,1,en,ees,X6.596,61,26,DUPLICATE;LOOKUP;ARRAYS,kW;m³,R22,2,DG-0066,no,low,own,"Felipe Trebilcock (ULiege Thermodynamics Lab, Dec 2002, for Laborelec; reviewers J. Lebrun, E. Winandy)","Laborelec toolkit 2002 (F. Trebilcock); 5-file family (RPM simulation, identification, Copeland scroll big/small); near-duplicate/variant of TM-0282 (Jaccard 0.61); ~614 equations after DUPLICATE expansion",SI MASS DEG KPA C KJ,589/589,,todo,
TM-0289,thermo_models,modeles/LABORELEC_2002/1_Compressors/1_3_Scroll Compressors/1_3_2_Copeland_Scroll_Small.EES,,Copeland scroll compressor (small) catalogue-data model,Catalogue-based effectiveness polynomials for a small Copeland scroll compressor.,compressors,steady,1,en,ees,X6.596,61,26,DUPLICATE;LOOKUP;ARRAYS,kW;m³,R22,2,DG-0066,no,low,own,"Felipe Trebilcock (ULiege Thermodynamics Lab, Dec 2002, for Laborelec; reviewers J. Lebrun, E. Winandy)","Laborelec toolkit 2002 (F. Trebilcock); 5-file family (RPM simulation, identification, Copeland scroll big/small); near-duplicate/variant of TM-0282 (Jaccard 0.61); ~614 equations after DUPLICATE expansion",SI MASS DEG KPA C KJ,589/589,parametric:table1(58x5);parametric:table2(58x5),todo,
TM-0290,thermo_models,modeles/LABORELEC_2002/2_Evaporative Equipments/2_1_Toolkit Models/2_1_1_Condensers/Evaporative_condenser_identification.EES,,Evaporative condenser model: identification of resistances from catalogue data (R717),Condenser with wet air and R717: identification of heat/mass transfer resistances by minimising the error versus catalogue capacities.,refrigeration_heat_pumps,optimization,2,en,ees,X6.395,266,61,LOOKUP;PSYCH,kJ/kg;kJ/kg-K;kg/s;kPa;kg/m^3;m^3/kg,AirH2O;R717,3,DG-0068,yes,medium,own,"Felipe Trebilcock (ULiege Thermodynamics Lab, Dec 2002, for Laborelec; reviewers J. Lebrun, E. Winandy)",Laborelec toolkit 2002 (F. Trebilcock); error minimisation done manually/with EES Min/Max; representative of 2-file duplicate group,SI MASS DEG KPA C KJ,66/66,,todo,
TM-0291,thermo_models,modeles/LABORELEC_2002/2_Evaporative Equipments/2_1_Toolkit Models/2_1_1_Condensers/Evaporative_condenser_simulation.EES,,Evaporative condenser simulation model (toolkit version),Simulation companion of the identification model TM-0290 with nomenclature table.,refrigeration_heat_pumps,steady,2,en,ees,X6.395,234,57,PSYCH,kJ/kg-K;kJ/kg;kg/s;kPa;kg/m^3;m^3/kg,AirH2O;R717,3,DG-0068,no,low,own,"Felipe Trebilcock (ULiege Thermodynamics Lab, Dec 2002, for Laborelec; reviewers J. Lebrun, E. Winandy)",Laborelec toolkit 2002 (F. Trebilcock); error minimisation done manually/with EES Min/Max; near-duplicate/variant of TM-0290 (Jaccard 0.82),SI MASS DEG KPA C KJ,62/62,,todo,
TM-0292,thermo_models,modeles/LABORELEC_2002/2_Evaporative Equipments/2_1_Toolkit Models/2_1_2_Cooling_towers/Direct_Contact_experimental.EES,,Direct-contact cooling tower experimental model,Experimental-data version of the direct-contact tower model with experimental coefficients.,hvac_psychrometrics,steady,1,en,ees,X6.350,174,30,LOOKUP;PSYCH,kJ/kg-K;kJ/kg;m^3/kg,AirH2O,3,DG-0069,no,low,own,"Felipe Trebilcock (ULiege Thermodynamics Lab, Dec 2002, for Laborelec; reviewers J. Lebrun, E. Winandy)",Laborelec toolkit 2002 (F. Trebilcock); near-duplicate/variant of TM-0293 (Jaccard 0.71),SI MASS DEG KPA C KJ +decimal-comma,46/46,parametric:Table 1(182x10);parametric:Table 1(433x2),todo,
TM-0293,thermo_models,modeles/LABORELEC_2002/2_Evaporative Equipments/2_1_Toolkit Models/2_1_2_Cooling_towers/Direct_contact_identification.EES,,Direct-contact cooling tower model: identification from experimental data,Merkel-type tower model with experimental coefficients identified from measured data; nomenclature table.,hvac_psychrometrics,optimization,1,en,ees,X6.350,203,40,LOOKUP;PSYCH,kJ/kg-K;kJ/kg;m^3/kg,AirH2O,3,DG-0069,yes,medium,own,"Felipe Trebilcock (ULiege Thermodynamics Lab, Dec 2002, for Laborelec; reviewers J. Lebrun, E. Winandy)",Laborelec toolkit 2002 (F. Trebilcock); representative of 2-file duplicate group,SI MASS DEG KPA C KJ +decimal-comma,51/51,parametric:Table 1(182x9);parametric:Table 1(181x2);parametric:Table 1(182x3),todo,
TM-0294,thermo_models,modeles/LABORELEC_2002/2_Evaporative Equipments/2_1_Toolkit Models/2_1_2_Cooling_towers/Direct_contact_simulation.EES,,Direct-contact cooling tower simulation model,"Simulation version of the direct-contact tower model (heat transfer coefficient correlations, nomenclature).",hvac_psychrometrics,steady,1,en,ees,X6.350,275,39,PSYCH,m^3/kg;kJ/kg-K;kJ/kg;C,AirH2O,3,,yes,medium,own,"Felipe Trebilcock (ULiege Thermodynamics Lab, Dec 2002, for Laborelec; reviewers J. Lebrun, E. Winandy)",Laborelec toolkit 2002 (F. Trebilcock); similar but not grouped: TM-0489 (J=0.49),SI MASS DEG KPA C KJ +decimal-comma,75/75,,todo,
TM-0295,thermo_models,modeles/LABORELEC_2002/2_Evaporative Equipments/2_1_Toolkit Models/2_1_2_Cooling_towers/Indirect_contact_identification.EES,,Fluid cooler (indirect contact tower) identification and simulation,Indirect-contact cooling tower: identification model with percentage-error minimisation and simulation model.,heat_exchangers,optimization,1,en,ees,X6.350,202,39,LOOKUP;PSYCH,kJ/kg-K;kJ/kg;kg/m^3,AirH2O,3,DG-0070,yes,medium,own,"Felipe Trebilcock (ULiege Thermodynamics Lab, Dec 2002, for Laborelec; reviewers J. Lebrun, E. Winandy)",Laborelec toolkit 2002 (F. Trebilcock); representative of 2-file duplicate group,SI MASS DEG KPA C KJ +decimal-comma,48/48,parametric:Table 1(433x2);parametric:Table 1(422x2),todo,
TM-0296,thermo_models,modeles/LABORELEC_2002/2_Evaporative Equipments/2_1_Toolkit Models/2_1_2_Cooling_towers/Indirect_contact_simulation.EES,,Fluid cooler (indirect contact tower) simulation model,Simulation version of the indirect-contact tower model TM-0295.,heat_exchangers,steady,1,en,ees,X6.350,183,30,PSYCH,kJ/kg-K;kJ/kg;kg/m^3,AirH2O,3,DG-0070,no,low,own,"Felipe Trebilcock (ULiege Thermodynamics Lab, Dec 2002, for Laborelec; reviewers J. Lebrun, E. Winandy)",Laborelec toolkit 2002 (F. Trebilcock); near-duplicate/variant of TM-0295 (Jaccard 0.78),SI MASS DEG KPA C KJ +decimal-comma,42/42,,todo,
TM-0297,thermo_models,modeles/LABORELEC_2002/2_Evaporative Equipments/2_2_Simulation Models - Diagram Window/Direct Contact Cooling Tower/Direct Contact Cooling Tower.EES,air mass flow.TXT;air temperature dcct.TXT;air volume flow.TXT;directcontactdata.LKT;nominal air flow.TXT;rpm air flow.TXT;rpm fan.TXT;simulated.TXT;water exhaust.TXT;water flow.TXT;water nominal.TXT;water supply.TXT;wb temperature dcct.TXT,"Direct-contact cooling tower with Diagram Window: catalogue parameters, nominal values and checks","PROCEDURE-based tower model using catalogue data (BAC VXT-10) in a lookup table, air/water energy balances, warnings for out-of-range flows.",hvac_psychrometrics,steady,3,en,ees,X6.596,164,30,PROCEDURE;CALL;LOOKUP;PSYCH;INCLUDE,kw,AirH2O,3,,yes,medium,own,"Felipe Trebilcock (ULiege Thermodynamics Lab, Dec 2002, for Laborelec; reviewers J. Lebrun, E. Winandy)",Laborelec toolkit 2002 (F. Trebilcock); Diagram Window model: part of the equations sit in companion {$DS.} .TXT snippet files listed in companion_files (plus directcontactdata.LKT); interface not reproducible,SI MASS DEG KPA C KJ,60/60,,todo,
TM-0298,thermo_models,modeles/LABORELEC_2002/2_Evaporative Equipments/2_2_Simulation Models - Diagram Window/Direct Contact Cooling Tower/directcontactdata.LKT,,Lookup table: direct-contact cooling tower catalogue data (BAC VXT-10),Binary EES lookup table with catalogue data of a B.A.C. direct-contact tower.,hvac_psychrometrics,unknown,1,none,lkt,W6.585,0,0,,,,0,,yes,low,own,"Felipe Trebilcock (ULiege Thermodynamics Lab, Dec 2002, for Laborelec; reviewers J. Lebrun, E. Winandy)",Laborelec toolkit 2002 (F. Trebilcock); data for TM-0297; binary lookup table; strings: VXT-10 (B.A.C.) / VTL-059-H (B.A.C.),,,,todo,
TM-0299,thermo_models,modeles/LABORELEC_2002/2_Evaporative Equipments/2_2_Simulation Models - Diagram Window/Evaporative Condenser/condenserdata.LKT,,Lookup table: evaporative condenser catalogue data (BAC VXC-185),Binary EES lookup table with catalogue data of evaporative condenser models (Q_dot_cd = 798 kW...).,refrigeration_heat_pumps,unknown,1,none,lkt,W6.585,0,0,,,,0,,yes,low,own,"Felipe Trebilcock (ULiege Thermodynamics Lab, Dec 2002, for Laborelec; reviewers J. Lebrun, E. Winandy)",Laborelec toolkit 2002 (F. Trebilcock); data for TM-0300; binary lookup table; strings: VXC-185 (Q_dot_cd=798 [kW]) / VXC-250 (Q_dot_cd=1078 [kW])U / VXC-357 (Q_dot_cd=1538 [kW])U / VXC-399 (Q_dot_cd=1719 [kW,,,,todo,
TM-0300,thermo_models,modeles/LABORELEC_2002/2_Evaporative Equipments/2_2_Simulation Models - Diagram Window/Evaporative Condenser/Evaporative_condenser_simulation.EES,air mass flow.TXT;air temperature.TXT;air volume flow.TXT;air wetbulb temperature.TXT;comp power.TXT;condenserdata.LKT;condensing temperature.TXT;cooling capacity.TXT;heating capacity.TXT;isentropic effectiveness.TXT;mass flow.TXT;nominal air flow.TXT;volume flow.TXT,Evaporative condenser simulation model with Diagram Window (R717/air),"Heat flow rates through an evaporative condenser (air side, spray water, condensing refrigerant) with checks (procedures) and catalogue lookup.",refrigeration_heat_pumps,steady,3,en,ees,X6.596,193,50,PROCEDURE;CALL;LOOKUP;PSYCH,,AirH2O,3,,yes,medium,own,"Felipe Trebilcock (ULiege Thermodynamics Lab, Dec 2002, for Laborelec; reviewers J. Lebrun, E. Winandy)",Laborelec toolkit 2002 (F. Trebilcock); Diagram Window model: part of the equations sit in companion {$DS.} .TXT snippet files listed in companion_files (plus condenserdata.LKT); interface not reproducible,SI MASS DEG KPA C KJ,67/67,,todo,
TM-0301,thermo_models,modeles/LABORELEC_2002/3_Pumps and Fans/3_1_Pumps/3_1_1_Pump_polynomial_identif.EES,,"Pump characteristic polynomials from catalogue data (affinity laws, SIHI/Grundfos)","Polynomial identification of H-Q and efficiency curves in dimensionless form, with examples for a SIHI pump.",pumps_fans,steady,1,en,ees,X6.585,38,14,,m;rev/m;rad/s;C;kPa;m/s^2,Water,2,DG-0071,yes,medium,own,"Felipe Trebilcock (ULiege Thermodynamics Lab, Dec 2002, for Laborelec; reviewers J. Lebrun, E. Winandy)",Laborelec toolkit 2002 (F. Trebilcock); 3-file family; representative of 3-file duplicate group,SI MASS DEG KPA C KJ,17/17,,todo,
TM-0302,thermo_models,modeles/LABORELEC_2002/3_Pumps and Fans/3_1_Pumps/3_1_2_Variable_speed_pump_simulation.EES,,Variable-speed pump simulation from dimensionless polynomial curves,"Predicts head, power and efficiency of a pump at other speeds from identified polynomials.",pumps_fans,steady,1,en,ees,X6.585,79,26,,rev/m;m;m^3/s;rad/s;kW;C;kPa;m/s^2,Water,2,,yes,medium,own,"Felipe Trebilcock (ULiege Thermodynamics Lab, Dec 2002, for Laborelec; reviewers J. Lebrun, E. Winandy)",Laborelec toolkit 2002 (F. Trebilcock),SI MASS DEG KPA C KJ,26/26,,todo,
TM-0303,thermo_models,modeles/LABORELEC_2002/3_Pumps and Fans/3_1_Pumps/Examples/Pump_polynomial_identif-SIHI_Pump.EES,,Pump polynomial identification example: SIHI pump,Example applying the pump polynomial identification to a SIHI pump.,pumps_fans,steady,1,en,ees,X6.596,38,14,,m;rev/m;rad/s;C;kPa;m/s^2,Water,2,DG-0071,no,low,own,"Felipe Trebilcock (ULiege Thermodynamics Lab, Dec 2002, for Laborelec; reviewers J. Lebrun, E. Winandy)",Laborelec toolkit 2002 (F. Trebilcock); 3-file family; near-duplicate/variant of TM-0301 (Jaccard 0.67),SI MASS DEG KPA C KJ,17/17,parametric:table1(6x6);parametric:table2(5x2);parametric:table3(5x2),todo,
TM-0304,thermo_models,modeles/LABORELEC_2002/3_Pumps and Fans/3_1_Pumps/Examples/Pump_polynomial_identif_ALL.EES,,Pump polynomial identification: all data series,Pump identification example over all measured series.,pumps_fans,steady,1,en,ees,X6.585,38,14,,m;rev/m;rad/s;C;kPa;m/s^2,Water,2,DG-0071,no,low,own,"Felipe Trebilcock (ULiege Thermodynamics Lab, Dec 2002, for Laborelec; reviewers J. Lebrun, E. Winandy)",Laborelec toolkit 2002 (F. Trebilcock); 3-file family; near-duplicate/variant of TM-0301 (Jaccard 0.67),SI MASS DEG KPA C KJ,17/17,parametric:table1(78x2);parametric:table2(14x7);parametric:table3(13x2);parametric:table4(14x7);parametric:table5(13x2);parametric:table6(14x7);parametric:table7(13x2),todo,
TM-0305,thermo_models,modeles/LABORELEC_2002/3_Pumps and Fans/3_1_Pumps/Examples/Pumps_SIHI_simulation_021016.EES,,SIHI pump simulation example,Example simulation of a SIHI pump using polynomial dimensionless coefficients.,pumps_fans,steady,1,en,ees,X6.596,37,13,,m;rev/m;rad/s;C;kPa;m/s^2,Water,1,,yes,low,own,"Felipe Trebilcock (ULiege Thermodynamics Lab, Dec 2002, for Laborelec; reviewers J. Lebrun, E. Winandy)",Laborelec toolkit 2002 (F. Trebilcock),SI MASS DEG KPA C KJ,14/14,parametric:Table 1(6x9),todo,
TM-0306,thermo_models,modeles/LABORELEC_2002/3_Pumps and Fans/3_2_Fans/3_2_1_Fan_polynomial_identif.EES,,Fan characteristic polynomials from catalogue data (affinity laws),Identification of fan curves in dimensionless form from catalogue data.,pumps_fans,steady,1,en,ees,X6.585,36,10,,m;rev/s;rad/s,,2,,yes,medium,own,"Felipe Trebilcock (ULiege Thermodynamics Lab, Dec 2002, for Laborelec; reviewers J. Lebrun, E. Winandy)",Laborelec toolkit 2002 (F. Trebilcock),SI MASS DEG KPA C KJ,13/13,,todo,
TM-0307,thermo_models,modeles/LABORELEC_2002/3_Pumps and Fans/3_2_Fans/3_2_2_VAV_Fan_simulation.EES,,Variable-speed (VAV) fan simulation from dimensionless polynomial curves,Fan performance at variable speed predicted from identified polynomials.,pumps_fans,steady,1,en,ees,X6.585,58,20,,W;rev/m;kW;rev/s;rad/s;m,,2,,yes,medium,own,"Felipe Trebilcock (ULiege Thermodynamics Lab, Dec 2002, for Laborelec; reviewers J. Lebrun, E. Winandy)",Laborelec toolkit 2002 (F. Trebilcock),SI MASS DEG KPA C KJ,20/20,,todo,
TM-0308,thermo_models,modeles/LABORELEC_2002/4_Pressure Drop/4_1_Liquid Pipes/Liquid Pipe/Fittings.LKT,,Lookup table: pipe fittings equivalent lengths,"Binary EES lookup table of fittings (elbows, valves...) used by the pipe pressure-drop models.",valves_nozzles_piping,unknown,1,none,lkt,W6.585,0,0,,,,0,DG-0072,no,skip,own,"Felipe Trebilcock (ULiege Thermodynamics Lab, Dec 2002, for Laborelec; reviewers J. Lebrun, E. Winandy)","Laborelec toolkit 2002 (F. Trebilcock); identical copy in liquid-pipe and gas-pipe folders; identical equations to TM-0311; binary lookup table; strings: New 1 / New 2 / Pipe Diam / 90°elbow,reg",,,,todo,
TM-0309,thermo_models,modeles/LABORELEC_2002/4_Pressure Drop/4_1_Liquid Pipes/Liquid Pipe/Liquid_Pipe_Pressure_Drop.EES,Delta sc.TXT;Fittings.LKT;Pipedata.LKT;cooling capacity.TXT;mass flow.TXT;mean velocity.TXT;power.TXT;pressure inlet.TXT;temperature inlet sat.TXT;temperature inlet.TXT;volume flow.TXT,"Liquid pipe pressure drop and heat gain (equivalent diameter, Colebrook, fittings)","Liquid-line variant of the pipe pressure-drop model TM-0312 (same procedures, liquid refrigerant).",valves_nozzles_piping,steady,3,en,ees,X6.596,310,8,PROCEDURE;CALL;LOOKUP;PSYCH;ARRAYS,kPa;Pa,R717;Ammonia_ha;AirH2O,2,DG-0073,no,low,own,"Felipe Trebilcock (ULiege Thermodynamics Lab, Dec 2002, for Laborelec; reviewers J. Lebrun, E. Winandy)",Laborelec toolkit 2002 (F. Trebilcock); gas-pipe and liquid-pipe variants; Diagram-Window equation snippets (.TXT) and Fittings.LKT/Pipedata.LKT listed in companion_files; near-duplicate/variant of TM-0312 (Jaccard 0.89); calls external/built-in procedures: colebrook,SI MASS DEG KPA C KJ,52/52,,todo,
TM-0310,thermo_models,modeles/LABORELEC_2002/4_Pressure Drop/4_1_Liquid Pipes/Liquid Pipe/Pipedata.LKT,,"Lookup table: pipe data (nominal diameters, copper/steel tube sizes)",Binary EES lookup table of tube sizes (e.g. 3/16 in copper) used by the pipe models.,valves_nozzles_piping,unknown,1,none,lkt,W6.137,0,0,,,,0,DG-0074,no,skip,own,"Felipe Trebilcock (ULiege Thermodynamics Lab, Dec 2002, for Laborelec; reviewers J. Lebrun, E. Winandy)","Laborelec toolkit 2002 (F. Trebilcock); identical copies in liquid/gas pipe folders; identical equations to TM-0313; binary lookup table; strings: W6.137wpsáwÿÿÿÿ- / 3/16"" Copper (ø4.76) / 1/4"" Copper (ø6.35) / 5/16"" Copper (ø7.94)",,,,todo,
TM-0311,thermo_models,modeles/LABORELEC_2002/4_Pressure Drop/4_2_Gas Pipes/Gas Pipe/Fittings.LKT,,Lookup table: pipe fittings equivalent lengths,"Binary EES lookup table of fittings (elbows, valves...) used by the pipe pressure-drop models.",valves_nozzles_piping,unknown,1,none,lkt,W6.585,0,0,,,,0,DG-0072,yes,low,own,"Felipe Trebilcock (ULiege Thermodynamics Lab, Dec 2002, for Laborelec; reviewers J. Lebrun, E. Winandy)","Laborelec toolkit 2002 (F. Trebilcock); identical copy in liquid-pipe and gas-pipe folders; representative of 2-file duplicate group (1 with identical equations); binary lookup table; strings: New 1 / New 2 / Pipe Diam / 90°elbow,reg",,,,todo,
TM-0312,thermo_models,modeles/LABORELEC_2002/4_Pressure Drop/4_2_Gas Pipes/Gas Pipe/Gas_Pipe_Pressure_Drop.EES,Delta oh.TXT;Delta sc.TXT;Fittings.LKT;Pipedata.LKT;cooling capacity.TXT;mass flow.TXT;mean velocity.TXT;power.TXT;pressure inlet.TXT;temperature inlet sat.TXT;temperature inlet.TXT;volume flow.TXT,"Pipe pressure drop and heat gain: equivalent diameter, Colebrook, insulation and fittings (gas/liquid pipes, R717)","PROCEDURE-based model with array-variable transfer, SI recalculations, Colebrook friction factor, lookups for pipe data and fittings, ammonia/humid-air properties.",valves_nozzles_piping,steady,3,en,ees,X6.596,301,8,PROCEDURE;CALL;LOOKUP;PSYCH;ARRAYS,kPa;Pa,R717;Ammonia_ha;AirH2O,3,DG-0073,yes,high,own,"Felipe Trebilcock (ULiege Thermodynamics Lab, Dec 2002, for Laborelec; reviewers J. Lebrun, E. Winandy)",Laborelec toolkit 2002 (F. Trebilcock); gas-pipe and liquid-pipe variants; Diagram-Window equation snippets (.TXT) and Fittings.LKT/Pipedata.LKT listed in companion_files; representative of 2-file duplicate group; calls external/built-in procedures: colebrook,SI MASS DEG KPA C KJ,52/52,,todo,
TM-0313,thermo_models,modeles/LABORELEC_2002/4_Pressure Drop/4_2_Gas Pipes/Gas Pipe/Pipedata.LKT,,"Lookup table: pipe data (nominal diameters, copper/steel tube sizes)",Binary EES lookup table of tube sizes (e.g. 3/16 in copper) used by the pipe models.,valves_nozzles_piping,unknown,1,none,lkt,W6.137,0,0,,,,0,DG-0074,yes,low,own,"Felipe Trebilcock (ULiege Thermodynamics Lab, Dec 2002, for Laborelec; reviewers J. Lebrun, E. Winandy)","Laborelec toolkit 2002 (F. Trebilcock); identical copies in liquid/gas pipe folders; representative of 2-file duplicate group (1 with identical equations); binary lookup table; strings: W6.137wpsáwÿÿÿÿ- / 3/16"" Copper (ø4.76) / 1/4"" Copper (ø6.35) / 5/16"" Copper (ø7.94)",,,,todo,
TM-0314,thermo_models,modeles/ORC simple model with void fraction.EES,,Low-temperature ORC (R134a) with detailed components and heat-exchanger volumes (void-fraction charge),"Full Rankine model: volumetric pump, evaporator and condenser with AU depending on areas and volumes, detailed expander with supply pressure loss, fluid charge via void fraction.",power_cycles_vapour,steady,3,en,ees,X8.139,564,296,PSYCH;ARRAYS,C;m^3;Pa;min^-1;-;J/(kg*C);kg/s;W/C;+273.15,R134a;AirH2O,3,,yes,wave1,own,ULiege Thermodynamics Lab,ULiege lab ORC work ~2007-2009 (comments mention ARA); 296 equations; EES 8.139; EES ID stamp: J. Lebrun lab licence (ULiege),SI MASS DEG PA C J,298/299,,todo,
TM-0315,thermo_models,modeles/perte de charge VL060830.EES,,Pipe pressure drop for n-pentane: Colebrook vs explicit friction factor (gas and liquid),"Friction factor, linear and total pressure drop for n-pentane in a 16 mm pipe (Colebrook and an explicit approximation).",valves_nozzles_piping,steady,1,fr,ees,X7.458,51,26,,m;Pa/m;Pa;bar;kg/s,n-Pentane,1,,yes,medium,own,Vincent Lemort,"author V. Lemort (VL060830); second friction-factor variable is named 'vlad'; EES ID stamp: J. Lebrun lab licence (ULiege); EES original imported as CSL-0018 (verified vs EES_ok stored solution; equations byte-identical to CSX-035)",SI MASS DEG PA C J,25/26,,added,CSL-0018
TM-0316,thermo_models,modeles/photovoltaique/PV_model.EES,,Photovoltaic module single-diode model: I-V curve from module database,"PROCEDURE ReadPV looks up module parameters (T_NOCT, I_sc_ref, V_oc_ref, Rs, Rsh...), then 5-parameter single-diode equations and 100-point I-V/P-V curve via DUPLICATE; temperature in C converted with ConvertTemp.",solar_renewables,steady,2,fr,ees,X7.991,70,20,PROCEDURE;CALL;DUPLICATE;LOOKUP;CONVERT;ARRAYS,C;W/m^2;eV,,1,DG-0075,yes,wave1,own,ULiege Thermodynamics Lab,"author not identified (lab folder 'photovoltaique'); the copy TandS_Imput_IV_... (TM-0317) carries the EES licence stamp of the Solar Energy Laboratory, University of Wisconsin (F-Chart/Duffie-Beckman group): the model is probably derived from their PV model, hence third-party origin to clear; lookup table 'PVModules' is stored inside the .ees file; representative of 2-file duplicate group (1 with identical equations); ~317 equations after DUPLICATE expansion; EES ID stamp: J. Lebrun lab licence (ULiege)",SI MASS DEG KPA C J,3276/3284,parametric:table1(20x2),todo,
TM-0317,thermo_models,modeles/photovoltaique/TandS_Imput_IV_Model_Output_RsAdjust.EES,,Photovoltaic module single-diode model: I-V curve from module database,"PROCEDURE ReadPV looks up module parameters (T_NOCT, I_sc_ref, V_oc_ref, Rs, Rsh...), then 5-parameter single-diode equations and 100-point I-V/P-V curve via DUPLICATE; temperature in C converted with ConvertTemp.",solar_renewables,steady,2,fr,ees,X7.947,70,20,PROCEDURE;CALL;DUPLICATE;LOOKUP;CONVERT;ARRAYS,C;W/m^2;eV,,1,DG-0075,no,skip,own,ULiege Thermodynamics Lab,"author not identified (lab folder 'photovoltaique'); the copy TandS_Imput_IV_... (TM-0317) carries the EES licence stamp of the Solar Energy Laboratory, University of Wisconsin (F-Chart/Duffie-Beckman group): the model is probably derived from their PV model, hence third-party origin to clear; lookup table 'PVModules' is stored inside the .ees file; identical equations to TM-0316; ~317 equations after DUPLICATE expansion; EES ID stamp: Solar Energy Lab, U. Wisconsin licence (third party)",SI MASS DEG KPA C J,3276/3284,parametric:table1(20x2),todo,
TM-0318,thermo_models,modeles/Pipe/Reference pipe model JL080103.EES,,Reference pipe model: pressure drop and heat gain (water),"Assembly of an elementary pressure-drop model and a heat-gain model (3 outputs, 4 inputs).",valves_nozzles_piping,steady,2,en,ees,X7.966,77,45,,W/(m^2*K),Water,2,,yes,medium,own,Jean Lebrun,author J. Lebrun (JL080103); also listed in the model bank (IEA A43 PR2 A12 report PDF); EES ID stamp: J. Lebrun lab licence (ULiege),SI MASS DEG PA C J,54/54,,todo,
TM-0319,thermo_models,modeles/plate_heat_exchanger_SB080104.EES,,Single-phase plate heat exchanger thermal-resistance model (Martin correlation),"Heat transfer coefficients of chevron-type plate exchangers from plate geometry (plate length/width, 50% ethylene glycol) with Martin's 1996 correlation (references to Garcia-Cascales 2007): hydraulic diameter, Reynolds number, f0/f1 coefficients; a thermal-resistance building block (PROCEDURE, CALL).",heat_transfer,steady,2,en,ees,X7.888,77,18,PROCEDURE;CALL,m;deg;-;W/K-m;C;Pa;m^3/h;%,Water;EG,3,,yes,wave1,own,Stéphane Bertagnolio; Sylvain Quoilin,"authors S. Bertagnolio, S. Quoilin (2008); uses brine property procedure Brineprop2 (needs TM-0480); needs library: brineprop2 -> Brineprop2.LIB (TM-0480); EES ID stamp: J. Lebrun lab licence (ULiege)",SI MASS DEG PA C J,38/38,,todo,
TM-0320,thermo_models,modeles/Recovery_Loop/GLYCOL_RECOVERY_LOOP_SB080103.EES,,"Air-to-air glycol run-around heat-recovery loop (epsilon-NTU coils, Braun hypothesis, pump)","Two coils linked by a glycol loop and pump, epsilon-NTU model under Braun's hypothesis, parameter panel through Diagram Window.",hvac_psychrometrics,steady,3,en,ees,X7.888,424,148,CALL;PSYCH,C;-;W;kg/s;K/W;J/h-K;m^3/h;J/kg-K,AirH2O;EG,3,DG-0076,no,low,own,Stéphane Bertagnolio,author S. Bertagnolio (2008-01-10); 3 versions incl. the zipped RefSim; needs Brineprop library (TM-0479/0480); near-duplicate/variant of TM-0321 (Jaccard 0.92); needs library: brineprop -> Brineprop.lib (TM-0479); EES ID stamp: J. Lebrun lab licence (ULiege),SI MASS DEG PA C J,144/144,,todo,
TM-0321,thermo_models,modeles/Recovery_Loop/GLYCOL_RECOVERY_LOOP_SB080110.EES,,"Air-to-air glycol run-around heat-recovery loop (epsilon-NTU coils, Braun hypothesis, pump)","Two coils linked by a glycol loop and pump, epsilon-NTU model under Braun's hypothesis, parameter panel through Diagram Window.",hvac_psychrometrics,steady,3,en,ees,X7.888,419,148,CALL;PSYCH,C;-;W;kg/s;K/W;J/h-K;m^3/h;J/kg-K,AirH2O;EG,3,DG-0076,yes,wave1,own,Stéphane Bertagnolio,"author S. Bertagnolio (2008-01-10); 3 versions incl. the zipped RefSim; needs Brineprop library (TM-0479/0480); representative of 3-file duplicate group; needs library: brineprop -> Brineprop.lib (TM-0479); carries the lab disclaimer 'freely distributed, may not be sold, cite origin'; EES ID stamp: J. Lebrun lab licence (ULiege)",SI MASS DEG PA C J,144/144,,todo,
TM-0322,thermo_models,modeles/simple ORC with diagram SQ090406.EES,,"Simple ORC model with diagram window (2009, earlier version)",Earlier version (SQ090406) of the simple ORC screening model TM-0324 with a Diagram Window interface.,power_cycles_vapour,steady,2,en,ees,X8.198,268,150,PSYCH;ARRAYS,+273.15,R245fa;Air_ha,2,DG-0077,no,low,own,Sylvain Quoilin,author S. Quoilin; Diagram Window not reproducible; near-duplicate/variant of TM-0324 (Jaccard 0.81); earlier DG-0077 version of the same screening model: duplicate of the CSL-0019 family; EES ID stamp: J. Lebrun lab licence (ULiege),SI MASS DEG PA C J,159/159,parametric:table1(146x2),duplicate,CSL-0019
TM-0323,thermo_models,modeles/simple ORC with fluidprop SQ090604.EES,,Simple ORC with FluidProp mixture working fluid (benzene-toluene),"Evaporator/condenser pinch model, isentropic expander and pump efficiencies, fluid properties through FluidProp/StanMix library.",power_cycles_vapour,steady,2,en,ees,X8.198,190,124,PSYCH;FLUIDPROP;ARRAYS,,benzene-toluene;Water;Air_ha,2,,yes,medium,own,Sylvain Quoilin,"author S. Quoilin (2009-06-04); requires FluidProp (external, Windows-only); EES ID stamp: J. Lebrun lab licence (ULiege)",SI MASS DEG PA C J +decimal-comma,122/122,parametric:table1(120x2);parametric:table2(110x2),todo,
TM-0324,thermo_models,modeles/simple_ORC_model SQ120220.EES,,Simple ORC model for screening: R245fa cycle with hot-air source (Quoilin thesis),"Quick evaluation of ORC performance (pinch, expander/pump efficiency, exergy flows, nomenclature) for the screening method of Chapter 5.3 of the author's thesis; freely reusable with citation.",power_cycles_vapour,steady,2,en,ees,X9.249,309,172,PSYCH;ARRAYS,+273.15;~T:C,R245fa;Air_ha,3,DG-0077,yes,wave1,own,Sylvain Quoilin,author S. Quoilin (2012-02-20); permissive usage statement inside the file (cite Quoilin 2011 thesis); representative of 2-file duplicate group; EES original of CSX-032 (byte-identical to EES_ok/orc_simple.EES): merged into CSL-0019 as the documented air-source variant; contains a permissive-use statement (free use/reproduction with credit); EES ID stamp: ULiege Thermodynamics Lab student/staff licence,SI MASS DEG PA C J,171/171,,merged,CSL-0019
TM-0325,thermo_models,modeles/template_model_EES_SB080108.EES,,Template for reference models (title/author/inputs/outputs structure),"Empty template with title, date, authors and inputs/outputs sections used for the model bank.",misc,steady,1,en,ees,X7.888,49,6,,C;W;K/W,,3,,yes,skip,own,Stéphane Bertagnolio,"author S. Bertagnolio (2008-01-01); carries the lab disclaimer 'freely distributed, may not be sold, cite origin'; EES ID stamp: J. Lebrun lab licence (ULiege)",SI MASS DEG PA C J,6/6,,todo,
TM-0326,thermo_models,modeles/Thermal confort PMV-PPD SQSB080131/thermal_confort_PMV_PPD SQSB080131.EES,,Thermal comfort model: Fanger PMV-PPD,"Predicted mean vote and percentage dissatisfied from Fanger (1970) and J. Lebrun's comfort course notes (2006-2007): metabolic rate, body mass/height, clothing in clo, air and radiant temperature, humidity, air speed; lookup tables and arrays.",buildings,steady,2,en+fr,ees,X7.991,127,51,LOOKUP;PSYCH;ARRAYS,C;m^2;W;kg;m;Clo;m/s;Pa;+273.15,AirH2O;Water,3,DG-0061,yes,wave1,own,Sylvain Quoilin; Jean Lebrun; Stéphane Bertagnolio,"authors S. Quoilin, J. Lebrun, S. Bertagnolio (2008-01-30); the header comment is a copy-paste of the boiler template title; 2 copies (modeles and model bank); representative of 2-file duplicate group (1 with identical equations); carries the lab disclaimer 'freely distributed, may not be sold, cite origin'; EES ID stamp: J. Lebrun lab licence (ULiege); imported as CSL-0012 (native file blocked by CS-GAP-IF-DIRECTIVE/CS-GAP-LOOKUPROW, verified _coolsolve variant); TM-0263 is a byte-identical copy",SI MASS DEG PA C J,57/57,lookup:activite(7x2);veture(6x2),added,CSL-0012
TM-0327,thermo_models,thermo_kuleuven/exercices/01-101.EES,,Helium balloon buoyancy: lifted load (Cengel 1-101),Buoyancy force on a helium balloon from air/helium densities and balloon radius; lifted mass.,fundamentals,steady,1,unknown,ees,X9.920,13,10,,,,0,,yes,low,own,S. Quoilin (KU Leuven course),textbook problem number = Cengel & Boles 8th ed.; no comments; EES ID stamp: J. Lebrun lab licence (ULiege),SI MASS DEG PA C J,10/10,,todo,
TM-0328,thermo_models,thermo_kuleuven/exercices/01-106.EES,,Pressure difference of a water/oil column (Cengel 1-106),Pressure difference from two superposed fluid layers (water and oil densities).,fundamentals,steady,1,none,ees,X9.920,5,4,,,,0,,yes,low,own,S. Quoilin (KU Leuven course),no comments; EES ID stamp: J. Lebrun lab licence (ULiege),?,4/4,,todo,
TM-0329,thermo_models,thermo_kuleuven/exercices/01-82.EES,,"Nonlinear system of three equations (EES solver example, Cengel 1-82)","Three simultaneous nonlinear equations in x, y, z to illustrate the EES solver.",fundamentals,steady,1,none,ees,X9.920,3,3,,,,0,,yes,low,own,S. Quoilin (KU Leuven course),no comments; pure maths; EES ID stamp: J. Lebrun lab licence (ULiege),SI MASS DEG PA C J,3/3,,todo,
TM-0330,thermo_models,thermo_kuleuven/exercices/02-123.EES,,"Hydroelectric plant: power from flow rate, head and turbine efficiency (Cengel 2-123)","Energy balance of a hydroelectric turbine: flow rate 100, head 120, eta_t = 0.8, rho = 1000.",fundamentals,steady,1,none,ees,X9.920,15,11,,,,0,,yes,low,own,S. Quoilin (KU Leuven course),no comments; EES ID stamp: J. Lebrun lab licence (ULiege),SI MASS DEG KPA C J,11/11,,todo,
TM-0331,thermo_models,thermo_kuleuven/exercices/02-28.EES,,Engine shaft torque from power and rotation speed (Cengel 2-28),Torque from 450 hp at 3000 rpm via W = 2 pi N T.,fundamentals,steady,1,none,ees,X9.920,5,4,,,,0,,yes,low,own,S. Quoilin (KU Leuven course),no comments; EES ID stamp: J. Lebrun lab licence (ULiege),SI MASS DEG PA C J,4/4,,todo,
TM-0332,thermo_models,thermo_kuleuven/exercices/03-31.EES,,R134a property evaluation at two states (Cengel 3-31),"Specific volume, quality and pressure of R134a from (T,p) and (T,v).",properties,steady,1,unknown,ees,X9.920,15,11,,,R134a,0,,yes,low,own,S. Quoilin (KU Leuven course),minimal comments; EES ID stamp: J. Lebrun lab licence (ULiege),SI MASS DEG PA C J,13/13,,todo,
TM-0333,thermo_models,thermo_kuleuven/exercices/03-55.EES,,Piston-cylinder with liquid/vapour water heated at constant pressure (Cengel 3-55),"0.1 m3 liquid + 0.9 m3 vapour at 800 kPa heated until 350 C: initial temperature, total mass, final volume, work.",fundamentals,steady,1,en,ees,X9.486,29,12,,,Water,2,,yes,medium,own,S. Quoilin (KU Leuven course),statement quoted in the comments (textbook text); EES ID stamp: J. Lebrun lab licence (ULiege),SI MASS DEG PA C J +decimal-comma,12/12,,todo,
TM-0334,thermo_models,thermo_kuleuven/exercices/04-72.EES,,"Closed system: air in a piston-cylinder, energy balance and piston work (Cengel 4-72)","Three-state process of 3 kg of air (27 C, 200 kPa): states, mechanical work and heat.",fundamentals,steady,1,en,ees,X9.920,38,24,ARRAYS,,Air,1,,yes,low,own,S. Quoilin (KU Leuven course),EES ID stamp: J. Lebrun lab licence (ULiege),SI MASS DEG PA C J,24/24,,todo,
TM-0335,thermo_models,thermo_kuleuven/exercices/05-12.EES,,"Mass flow in a duct: flow rate, velocity and diameter (Cengel 5-12)","Mass flow rate from volumetric flow and density, velocity from cross-section.",fundamentals,steady,1,unknown,ees,X9.920,11,7,,,,0,,yes,low,own,S. Quoilin (KU Leuven course),minimal comments; EES ID stamp: J. Lebrun lab licence (ULiege),?,7/7,,todo,
TM-0336,thermo_models,thermo_kuleuven/exercices/05-75.EES,,Adiabatic mixing of two water streams (Cengel 5-75),Mass and energy balance of two inlet streams (80 C and 20 C at 250 kPa) mixing to 42 C.,fundamentals,steady,1,en,ees,X9.920,14,10,,~T:C,Water,0,,yes,low,own,S. Quoilin (KU Leuven course),EES ID stamp: J. Lebrun lab licence (ULiege),?,10/10,,todo,
TM-0337,thermo_models,thermo_kuleuven/exercices/05-91.EES,,Oil cooler: energy balance of oil and water streams (Cengel 5-91),Energy balance solved by two methods for a heat exchanger cooling oil from 150 C to 40 C with water.,fundamentals,steady,1,en,ees,X9.920,22,12,,~T:C,Water,1,,yes,low,own,S. Quoilin (KU Leuven course),EES ID stamp: J. Lebrun lab licence (ULiege),?,12/12,,todo,
TM-0338,thermo_models,thermo_kuleuven/exercices/06-44.EES,,Heat pump heating a room: power from COP (Cengel 6-44),COP 2.5 heat pump heating 800 kg of air by 12 K in 15 minutes.,refrigeration_heat_pumps,steady,1,none,ees,X9.920,11,8,,,,0,,yes,low,own,S. Quoilin (KU Leuven course),no comments; EES ID stamp: J. Lebrun lab licence (ULiege),SI MASS DEG KPA C J +decimal-comma,8/8,,todo,
TM-0339,thermo_models,thermo_kuleuven/exercices/06-54.EES,,R134a heat pump condenser: heat rejection and COP (Cengel 6-54),"Open-system energy balance of the condenser alone (800 kPa, 35 C to saturated liquid, 0.018 kg/s) then heat-pump COP.",refrigeration_heat_pumps,steady,1,en,ees,X9.920,26,10,,,R134a,1,,yes,medium,own,S. Quoilin (KU Leuven course),EES ID stamp: J. Lebrun lab licence (ULiege),SI MASS DEG PA C J +decimal-comma,10/10,,todo,
TM-0340,thermo_models,thermo_kuleuven/exercices/07-104.EES,,Steam turbine with isentropic efficiency: power and entropy generation (Cengel 7-104),"3 kg/s steam at 8 MPa, 500 C expanding to 30 kPa; ideal state 2s, real state 2 with 90% efficiency.",expanders_turbines,steady,1,en,ees,X9.920,26,15,,,Water,1,,yes,medium,own,S. Quoilin (KU Leuven course),EES ID stamp: J. Lebrun lab licence (ULiege),SI MASS DEG PA C J,15/15,,todo,
TM-0341,thermo_models,thermo_kuleuven/exercices/07-29.EES,,Entropy generation in a R134a condenser exchanging with ambient air (Cengel 7-29),Entropy balance: refrigerant side vs air side at -5 C for 180 kJ of heat.,refrigeration_heat_pumps,steady,1,en,ees,X9.920,13,7,,+273.15,R134a,1,,yes,low,own,S. Quoilin (KU Leuven course),EES ID stamp: J. Lebrun lab licence (ULiege),SI MASS DEG PA C J,7/7,,todo,
TM-0342,thermo_models,thermo_kuleuven/exercices/07-34.EES,,Entropy change of water in an insulated rigid tank (Cengel 7-34),"Saturated mixture at 100 kPa, state change and entropy production.",fundamentals,steady,1,en,ees,X9.920,27,16,,,Water,1,,yes,low,own,S. Quoilin (KU Leuven course),similar but not grouped: TM-0343 (J=0.50); EES ID stamp: J. Lebrun lab licence (ULiege),SI MASS DEG PA C J,16/16,,todo,
TM-0343,thermo_models,thermo_kuleuven/exercices/07-34_modif.EES,,Modified entropy exercise: insulated rigid tank with saturated mixture (Cengel 7-34 modified),"Version with problem statement: 2 kg liquid-vapour mixture at 100 kPa, three quarters liquid initially.",fundamentals,steady,1,en,ees,X9.920,42,17,,+273.15,Water,2,,yes,low,own,S. Quoilin (KU Leuven course),similar but not grouped: TM-0342 (J=0.50); EES ID stamp: J. Lebrun lab licence (ULiege),SI MASS DEG PA C J,17/17,,todo,
TM-0344,thermo_models,thermo_kuleuven/exercices/07-41.EES,,R134a compressor minimum power: isentropic compression (Cengel 7-41),Saturated vapour at 160 kPa compressed to 900 kPa at 2 m3/min: minimum power for reversible adiabatic compression.,compressors,steady,1,en,ees,X9.920,19,11,,,R134a,1,,yes,medium,own,S. Quoilin (KU Leuven course),EES ID stamp: J. Lebrun lab licence (ULiege),SI MASS DEG PA C J,11/11,,todo,
TM-0345,thermo_models,thermo_kuleuven/exercices/07-75.EES,,Isentropic compression of air: constant cp vs variable-cp functions (Cengel 7-75),Closed-system specific work from isentropic relations with constant k and from EES air functions.,fundamentals,steady,1,en,ees,X9.920,21,13,,+273.15,Air,1,,yes,low,own,S. Quoilin (KU Leuven course),EES ID stamp: J. Lebrun lab licence (ULiege),SI MASS DEG PA C J,13/13,,todo,
TM-0346,thermo_models,thermo_kuleuven/exercices/09-76a.EES,,"Brayton cycle with 70 MW net power, pressure ratio 12 (Cengel 9-76, version a)",Earlier version of the Brayton cycle solution (EES 8.940).,power_cycles_gas,steady,1,en,ees,X8.940,44,19,,,Air,1,DG-0078,no,low,own,S. Quoilin (KU Leuven course),"3 versions (9-76, 9-76a, 9-76b); near-duplicate/variant of TM-0347 (Jaccard 0.63); EES ID stamp: J. Lebrun lab licence (ULiege)",SI MASS DEG PA K J +decimal-comma,19/19,,todo,
TM-0347,thermo_models,thermo_kuleuven/exercices/09-76b.EES,,"Brayton cycle with 70 MW net power, pressure ratio 12 (Cengel 9-76)","Ideal/real gas turbine cycle: compression, combustion at 1000 K, expansion; kelvin unit-system warning in comments.",power_cycles_gas,steady,1,en,ees,X9.920,50,25,,,Air,1,DG-0078,yes,medium,own,S. Quoilin (KU Leuven course),"3 versions (9-76, 9-76a, 9-76b); representative of 3-file duplicate group; EES ID stamp: J. Lebrun lab licence (ULiege)",SI MASS DEG PA K J,25/25,,todo,
TM-0348,thermo_models,thermo_kuleuven/exercices/10-34.EES,,Steam power plant with reheat: net power 80 MW (Cengel 10-34),"Rankine cycle with turbine and pump efficiencies (0.8/0.95), 10 MPa / 500 C, reheat to 500 C at 1 MPa; point-by-point calculations.",power_cycles_vapour,steady,1,en,ees,X8.940,66,37,,~p:Pa,Water,1,,yes,medium,own,S. Quoilin (KU Leuven course),simple version; see 10-34b; EES ID stamp: J. Lebrun lab licence (ULiege),SI MASS DEG PA C J +decimal-comma,37/37,,todo,
TM-0349,thermo_models,thermo_kuleuven/exercices/10-34b.EES,,"Steam power plant with reheat, extended version with arrays (Cengel 10-34b)","Extended solution (74 equations, ARRAYS) of the 80 MW reheat Rankine cycle.",power_cycles_vapour,steady,2,en,ees,X9.920,115,74,ARRAYS,~p:Pa,Water,1,,yes,medium,own,S. Quoilin (KU Leuven course),EES ID stamp: J. Lebrun lab licence (ULiege),SI MASS DEG PA C J,74/74,,todo,
TM-0350,thermo_models,thermo_kuleuven/exercices/11-11.EES,,"Vapour-compression refrigeration with water-cooled condenser (Cengel 11-11, first version)",Earlier version (EES 8.940) of the R134a refrigeration cycle exercise.,refrigeration_heat_pumps,steady,1,en,ees,X8.940,74,29,,~T:C,R134a;Water,1,DG-0079,no,low,own,S. Quoilin (KU Leuven course),"2 versions (11-11, 11-11d); near-duplicate/variant of TM-0351 (Jaccard 0.94); EES ID stamp: J. Lebrun lab licence (ULiege)",SI MASS DEG PA C J +decimal-comma,29/29,,todo,
TM-0351,thermo_models,thermo_kuleuven/exercices/11-11d.EES,,Vapour-compression refrigeration with water-cooled condenser (Cengel 11-11),"R134a cycle (compressor inlet 60 kPa/-34 C, discharge 1.2 MPa/65 C, condenser exit 42 C) with water circuit 18 to 26 C.",refrigeration_heat_pumps,steady,1,en,ees,X9.920,74,29,,~T:C,R134a;Water,1,DG-0079,yes,medium,own,S. Quoilin (KU Leuven course),"2 versions (11-11, 11-11d); representative of 2-file duplicate group; EES ID stamp: J. Lebrun lab licence (ULiege)",SI MASS DEG PA C J,29/29,,todo,
TM-0352,thermo_models,thermo_kuleuven/exercices/14-112.EES,,"Cooling tower: water cooled by air, make-up water (Cengel 14-112)","Air in/out conditions, water enthalpies, water mass balance, energy balance on a tower (60 kg/s water 40 to 26 C).",hvac_psychrometrics,steady,1,en,ees,X9.920,34,19,PSYCH,~T:C,AirH2O;Water,1,,yes,low,own,S. Quoilin (KU Leuven course),EES ID stamp: J. Lebrun lab licence (ULiege),SI MASS DEG PA C J,19/19,,todo,
TM-0353,thermo_models,thermo_kuleuven/exercices/14-75.EES,,Air conditioning with vapour injection: humid-air mixing (Cengel 14-75),"Humid air at 10 C, 70% RH with steam injection: humidity ratio, enthalpy and outlet conditions per kg of dry air.",hvac_psychrometrics,steady,1,en,ees,X9.920,35,21,PSYCH,,AirH2O;Water,1,,yes,medium,own,S. Quoilin (KU Leuven course),EES ID stamp: J. Lebrun lab licence (ULiege),SI MASS DEG PA C J,21/21,,todo,
TM-0354,thermo_models,thermo_kuleuven/exercices/9-37.EES,,"Otto cycle air-standard analysis, compression ratio 9.5 (Cengel 9-37)",Ideal Otto cycle on air (kelvin unit system) with cp/cv from EES; comments on a common power-of-negative-number error.,power_cycles_gas,steady,1,en,ees,X9.920,51,23,,+273.15,Air,2,,yes,medium,own,S. Quoilin (KU Leuven course),EES ID stamp: J. Lebrun lab licence (ULiege),SI MASS DEG PA K J,25/25,,todo,
TM-0355,thermo_models,thermo_kuleuven/exercices/9-76.EES,,"Brayton cycle with 70 MW net power, pressure ratio 12 (Cengel 9-76)",Copy of the Brayton cycle solution saved under the name 9-76.,power_cycles_gas,steady,1,en,ees,X9.920,33,19,,,Air,1,DG-0078,no,low,own,S. Quoilin (KU Leuven course),"3 versions (9-76, 9-76a, 9-76b); near-duplicate/variant of TM-0347 (Jaccard 0.52); EES ID stamp: J. Lebrun lab licence (ULiege)",SI MASS DEG PA K J,21/21,,todo,
TM-0356,thermo_models,thermo_kuleuven/exercices/check_humid_air_enthalpy.EES,,Check of EES humid-air enthalpy against manual calculation,Compares enthalpy(AirH2O) with h_air + omega * h_vapour at 10 C.,hvac_psychrometrics,steady,1,none,ees,X9.920,8,6,PSYCH,,AirH2O;Water,0,,yes,low,own,S. Quoilin (KU Leuven course),utility check; EES ID stamp: J. Lebrun lab licence (ULiege),SI MASS DEG PA C J,8/8,,todo,
TM-0357,thermo_models,thermodynamique appliquee/2017-2018/repet3exo1OD.EES,,"Steam power plant states and component power: pipe diameters and turbine output (exercise 5.51, 2017)","Seven-state steam power plant (6.2 MPa boiler, 25 kg/s, 300 kW pump): turbine power with kinetic energy, pipe diameters between states.",power_cycles_vapour,steady,2,fr,ees,X9.249,97,66,ARRAYS,C,Water,1,,yes,low,own,"ULiege THD course (S. Bertagnolio, S. Borguet)",course repetition 3 (2017-2018 folder); author initials 'OD'; EES ID stamp: ULiege Thermodynamics Lab student/staff licence,SI MASS DEG PA C J +decimal-comma,66/66,,todo,
TM-0358,thermo_models,thermodynamique appliquee/2017-2018/repet3exo2OD.EES,,"Steam turbine driving a nitrogen compressor (repetition 3 exercise 2, uncommented draft)","Steam turbine (4 MPa, 350 C to x=0.95) powering an N2 compressor and generator; energy balances.",expanders_turbines,steady,1,unknown,ees,X9.249,23,18,,~T:C,Water;Nitrogen,0,,yes,skip,own,"ULiege THD course (S. Bertagnolio, S. Borguet)",near-duplicate of THD10_R03_E2 (TM-0366); no comments; EES ID stamp: J. Lebrun lab licence (ULiege),SI MASS DEG PA C J +decimal-comma,21/21,,todo,
TM-0359,thermo_models,thermodynamique appliquee/2017-2018/THD10_R02/R2_E1_borguet.EES,,Helium bottle pushing liquid oxygen at constant pressure in a rocket: work and tank volume,"Work done by helium, volume of the LOX tank, helium at constant pressure pushing LOX towards the pump.",fundamentals,steady,1,fr,ees,X8.423,46,18,,kPa;C;kg/m^3;kg;m^3,He,2,DG-0080,no,low,own,"ULiege THD course (S. Bertagnolio, S. Borguet)",3 versions; near-duplicate/variant of TM-0401 (Jaccard 0.80); EES ID stamp: ULiege Thermodynamics Lab student/staff licence,SI MASS DEG KPA C KJ +decimal-comma,18/18,,todo,
TM-0360,thermo_models,thermodynamique appliquee/2017-2018/THD10_R02/R2_E2_borguet.EES,,Heating of water in a piston-cylinder with spring: work on the piston (exercise 4.21),Closed-system energy balance of a piston-cylinder arrangement where the piston compresses a spring while water is heated; work is negative from the fluid's viewpoint.,fundamentals,steady,1,fr,ees,X8.423,100,39,ARRAYS,m^3;kPa;m^2;kN/m;kg;C,Water,3,DG-0081,yes,medium,own,"ULiege THD course (S. Bertagnolio, S. Borguet)",3 versions (2017 Borguet and two 2022 files); statement from French Cengel edition; representative of 3-file duplicate group; EES ID stamp: ULiege Thermodynamics Lab student/staff licence,SI MASS DEG KPA C KJ +decimal-comma,40/40,,todo,
TM-0361,thermo_models,thermodynamique appliquee/2017-2018/THD10_R02/R2_E3_borguet.EES,,Electric radiator heating a room over a winter day: energy balances (exercise 4.34),"Energy balances of the radiator (electric work in, heat out) and of the room.",fundamentals,steady,1,fr,ees,X8.423,28,1,,,,2,,yes,low,own,"ULiege THD course (S. Bertagnolio, S. Borguet)",single equation; statement in French; EES ID stamp: ULiege Thermodynamics Lab student/staff licence,SI MASS DEG KPA C KJ +decimal-comma,1/1,,todo,
TM-0362,thermo_models,thermodynamique appliquee/2017-2018/THD10_R02/R2_E4_borguet.EES,,Rigid closed vessel (50 L) with water at 120 C: final state and heat removed,Closed rigid system so no work; first law gives Q = U2 - U1 = m (u2 - u1).,fundamentals,steady,1,fr,ees,X8.423,31,11,,C;m^3,Water,2,DG-0082,no,low,own,"ULiege THD course (S. Bertagnolio, S. Borguet)","3 versions (2017 R2_E4 Borguet, 2022 R2_E1 and save copy); near-duplicate/variant of TM-0397 (Jaccard 0.64); EES ID stamp: ULiege Thermodynamics Lab student/staff licence",SI MASS DEG KPA C KJ +decimal-comma,12/12,,todo,
TM-0363,thermo_models,thermodynamique appliquee/2017-2018/THD10_R02/R2_E5_borguet.EES,,Steam turbine power from mass flow and heat loss (example 5.10),1.5 kg/s steam turbine with heat loss: first law for open systems in steady flow to find power.,expanders_turbines,steady,1,fr,ees,X8.423,43,19,,kPa;m/s;m;kg/s;kW;C;m/s^2,Water,2,DG-0083,yes,medium,own,"ULiege THD course (S. Bertagnolio, S. Borguet)",same exercise appears in 2022 R3_E2; representative of 2-file duplicate group; EES ID stamp: ULiege Thermodynamics Lab student/staff licence,SI MASS DEG KPA C KJ +decimal-comma,19/19,,todo,
TM-0364,thermo_models,thermodynamique appliquee/2017-2018/THD10_R02/R2_E6_borguet.EES,,Centrifugal air compressor of a gas turbine: power from steady-flow energy balance (example 5.14),Ambient air compressed in a centrifugal compressor; first law for open system with kinetic energy terms.,compressors,steady,1,fr,ees,X8.423,29,9,,kPa;C;m/s;kg/s;+273.15,Air,2,,yes,medium,own,"ULiege THD course (S. Bertagnolio, S. Borguet)","similar but not grouped: TM-0415 (J=0.46), TM-0408 (J=0.46); EES ID stamp: ULiege Thermodynamics Lab student/staff licence",SI MASS DEG KPA C KJ +decimal-comma,9/9,,todo,
TM-0365,thermo_models,thermodynamique appliquee/2017-2018/THD10_R03/THD10_R03_E1.EES,,"Elementary steam power plant: pump, boiler, turbine, condenser component balances (exercise 6)",Component-by-component steady-flow analysis of a basic Rankine plant with tabulated data; ARRAYS for states.,power_cycles_vapour,steady,2,fr,ees,X8.423,147,74,ARRAYS,kPa;C;m;-;m/s;kg/s;kW;kJ/kgC,Water,3,DG-0084,no,low,own,"ULiege THD course (S. Bertagnolio, S. Borguet)",2 versions (2017 THD10_R03_E1 and 2022 R3_E6); near-duplicate/variant of TM-0416 (Jaccard 0.90); EES ID stamp: ULiege Thermodynamics Lab student/staff licence; duplicate of CSL-0053: equations and input values identical (only comment wording and an algebraically equivalent kinetic-energy term differ),SI MASS DEG KPA C KJ +decimal-comma,76/76,,duplicate,CSL-0053
TM-0366,thermo_models,thermodynamique appliquee/2017-2018/THD10_R03/THD10_R03_E2.EES,,Steam turbine driving a nitrogen compressor (exercise 5.54),Steady-flow energy balances of a steam turbine coupled to a nitrogen compressor; sign convention explained (power counted negative from the steam side).,expanders_turbines,steady,1,fr,ees,X8.423,69,22,,kPa;C;kg/s;-;kW,Water;Nitrogen;N2,3,DG-0085,yes,medium,own,"ULiege THD course (S. Bertagnolio, S. Borguet)","2 versions (2017 R3_E2, 2022 R3_E7); representative of 2-file duplicate group; EES ID stamp: ULiege Thermodynamics Lab student/staff licence",SI MASS DEG KPA C KJ +decimal-comma,23/23,,todo,
TM-0367,thermo_models,thermodynamique appliquee/2017-2018/THD10_R03/THD10_R03_E3.EES,,Geothermal hot water driving a steam turbine (1000 kW): steam flow and power,Steam mass flow needed for 1000 kW turbine output from a geothermal hot-water source.,expanders_turbines,steady,1,fr,ees,X8.423,56,17,,kPa;C;-;kW,Water,3,DG-0086,no,skip,own,"ULiege THD course (S. Bertagnolio, S. Borguet)",2 versions; identical equations to TM-0418; EES ID stamp: ULiege Thermodynamics Lab student/staff licence,SI MASS DEG KPA C KJ +decimal-comma,18/18,,todo,
TM-0368,thermo_models,thermodynamique appliquee/2017-2018/THD10_R03/THD10_R03_E4.EES,,"Freon-12 refrigeration cycle: heat lost by compressor, condenser and gained in evaporator (exercise 5.60)","R12 cycle states (1250 kPa, 120 C ...): compressor heat loss, condenser heat rejection, evaporator heat gain.",refrigeration_heat_pumps,steady,2,fr,ees,X8.423,89,43,ARRAYS,kPa;C;kg/s;kW,R12,3,DG-0087,no,low,own,"ULiege THD course (S. Bertagnolio, S. Borguet)","the 2022 file is stored as UTF-16 text (BOM), unlike all others; near-duplicate/variant of TM-0419 (Jaccard 0.85); EES ID stamp: ULiege Thermodynamics Lab student/staff licence",SI MASS DEG KPA C KJ +decimal-comma,45/45,,todo,
TM-0369,thermo_models,thermodynamique appliquee/2017-2018/THD10_R03/THD10_R03_E5.EES,,Discharge of a 25 L refrigerant-12 tank: total mass leaving and heat supplied (exercise 5.72),Transient (uniform-state) open system: R12 tank until only saturated vapour remains.,fundamentals,steady,1,fr,ees,X8.423,94,21,,C;m^3;kPa;m/s,R12,3,,yes,low,own,"ULiege THD course (S. Bertagnolio, S. Borguet)",statement in French; EES ID stamp: ULiege Thermodynamics Lab student/staff licence,SI MASS DEG KPA C KJ +decimal-comma,22/22,,todo,
TM-0370,thermo_models,thermodynamique appliquee/2017-2018/THD10_R04/SBe/THD09_R04_Ex01.EES,,"Claimed performance vs Carnot cycle between the same temperatures (exercise 6.12, SB 2009)",Compares announced performance with the ideal Carnot cycle.,refrigeration_heat_pumps,steady,1,fr,ees,X7.888,18,3,,C;Exercice6.12;+273.15,,1,,yes,low,own,"ULiege THD course (S. Bertagnolio, S. Borguet)",solution by S. Bertagnolio (THD09); EES ID stamp: J. Lebrun lab licence (ULiege),SI MASS DEG PA C J,3/3,,todo,
TM-0371,thermo_models,thermodynamique appliquee/2017-2018/THD10_R04/SBe/THD09_R04_Ex02.EES,,"Carnot-equivalent efficiency and COP (exercise 6.19, SB 2009)",Efficiency of the ideal Carnot cycle equivalent to a heat engine driving a refrigerator.,refrigeration_heat_pumps,steady,1,fr,ees,X7.888,27,7,,C;Exercice6.19;+273.15,,1,,yes,low,own,"ULiege THD course (S. Bertagnolio, S. Borguet)",solution by S. Bertagnolio (THD09); EES ID stamp: J. Lebrun lab licence (ULiege),SI MASS DEG PA C J,9/9,,todo,
TM-0372,thermo_models,thermodynamique appliquee/2017-2018/THD10_R04/SBe/THD09_R04_Ex03.EES,,"Heat pump heating a house: mechanical power requirement (exercise 6.21, SB 2009)",Carnot-based heat-pump power for a house with finite heat loss in W/K.,buildings,steady,1,fr,ees,X7.888,21,11,,C;Exercice6.21;+273.15,,2,,yes,low,own,"ULiege THD course (S. Bertagnolio, S. Borguet)",solution by S. Bertagnolio (THD09); EES ID stamp: J. Lebrun lab licence (ULiege),SI MASS DEG PA C J,15/15,,todo,
TM-0373,thermo_models,thermodynamique appliquee/2017-2018/THD10_R04/SBe/THD09_R04_Ex04.EES,,"1 GW power plant cooled by river water (exercise 6.22, SB 2009)",Condensation pressure fixes condensation temperature; river temperature rise.,power_cycles_vapour,steady,1,fr,ees,X7.888,30,13,,Exercice6.22;C;Pa;W;kg/m^3;+273.15,Water,2,,yes,low,own,"ULiege THD course (S. Bertagnolio, S. Borguet)",solution by S. Bertagnolio (THD09); EES ID stamp: J. Lebrun lab licence (ULiege),SI MASS DEG PA C J,13/13,,todo,
TM-0374,thermo_models,thermodynamique appliquee/2017-2018/THD10_R04/SBe/THD09_R04_Ex05.EES,,"Work to produce ice cubes in a refrigerator (exercise 7.58, SB 2009)",Carnot COP for freezing water into ice.,refrigeration_heat_pumps,steady,1,fr,ees,X8.423,23,11,,C;Exercice7.58Eng;kg;W;+273.15,Water;Ice,2,,yes,low,own,"ULiege THD course (S. Bertagnolio, S. Borguet)",solution by S. Bertagnolio (THD09); EES ID stamp: ULiege Thermodynamics Lab student/staff licence,SI MASS DEG PA C J +decimal-comma,12/12,,todo,
TM-0375,thermo_models,thermodynamique appliquee/2017-2018/THD10_R04/SBe/THD09_R04_Ex06.EES,,"Heat pump electricity saving with lower house temperature (exercise 7.72, SB 2009)",Variation of consumed energy in percent.,refrigeration_heat_pumps,steady,1,fr,ees,X8.423,18,7,,Exercice7.72Eng;+273.15,,1,,yes,low,own,"ULiege THD course (S. Bertagnolio, S. Borguet)",solution by S. Bertagnolio (THD09); EES ID stamp: ULiege Thermodynamics Lab student/staff licence,SI MASS DEG PA C J,10/10,,todo,
TM-0376,thermo_models,thermodynamique appliquee/2017-2018/THD10_R04/SBo/THD10_R04_E5.EES,,Work required to produce ice cubes in a refrigerator (exercise 7.58),"Heat to remove from a water tray to form ice, Carnot refrigerator work.",refrigeration_heat_pumps,steady,1,fr,ees,X8.423,36,13,,C;kg;kW;+273.15,Water;Ice,2,,yes,low,own,"ULiege THD course (S. Bertagnolio, S. Borguet)",solution by S. Borguet (SBo); EES ID stamp: ULiege Thermodynamics Lab student/staff licence,SI MASS DEG KPA C KJ +decimal-comma,20/20,,todo,
TM-0377,thermo_models,thermodynamique appliquee/2017-2018/THD10_R04/SBo/THD10_R04_E6.EES,,Heat pump (Carnot) heating a house: electricity saving at 20 C instead of 24 C (exercise 7.72),"Heat pump using the atmosphere as cold source, house loss proportional to temperature difference.",refrigeration_heat_pumps,steady,1,fr,ees,X8.423,40,13,,C;+273.15,,2,,yes,low,own,"ULiege THD course (S. Bertagnolio, S. Borguet)",solution by S. Borguet (SBo); EES ID stamp: ULiege Thermodynamics Lab student/staff licence,SI MASS DEG KPA C KJ,16/16,,todo,
TM-0378,thermo_models,thermodynamique appliquee/2022-2023/R1/R1_E1_2022.EES,,Rigid tank with liquid-vapour water mixture: liquid and vapour masses and volumes (exercise 3.3),"4 kg of water in 1 m3 at given pressure: quality, volume fractions of liquid and vapour. Well documented French solution.",fundamentals,steady,1,fr,ees,X10.836,45,12,,m^3;kg;kPa,Water,2,DG-0088,yes,wave1,own,"ULiege course MECA0002 (S. Quoilin; repetition assistants N. Paulus, B. Dechesne per companion Python/Word metadata)","4-file family incl. the 2017 Borguet version and a zipped copy; the 2009 Bertagnolio version is TM-0501; representative of 4-file duplicate group (1 with identical equations); EES ID stamp: ULiege Thermodynamics Lab student/staff licence; imported as CSL-0044 (representative; kPa/K/kJ converted by hand to SI-C-Pa-J)",SI MASS DEG KPA K KJ +decimal-comma,13/13,,added,CSL-0044
TM-0379,thermo_models,thermodynamique appliquee/2022-2023/R1/R1_E2_2022.EES,,CO2 tank at 35 C and 2 MPa: gas mass and ideal-gas error (exercise 3.9),200 L tank: mass with real-gas EES properties vs ideal-gas model and percentage error.,fundamentals,steady,1,fr,ees,X10.836,39,13,,m^3;kPa;%;+273.15,CarbonDioxide;CO2,2,DG-0089,yes,medium,own,"ULiege course MECA0002 (S. Quoilin; repetition assistants N. Paulus, B. Dechesne per companion Python/Word metadata)",3-file family; representative of 3-file duplicate group (2 with identical equations); EES ID stamp: ULiege Thermodynamics Lab student/staff licence,SI MASS DEG KPA K J +decimal-comma,13/13,,todo,
TM-0380,thermo_models,thermodynamique appliquee/2022-2023/R1/R1_E3_2022.EES,,Liquid methane tank under heat input: vaporised mass (exercise 3.31),Methane tank at 500 kPa with 0.5 m2 section; mass changing phase; note to use fluid 'methane' not 'CH4'.,fundamentals,steady,1,fr,ees,X10.836,29,12,,kPa;m^2;m;s;m^3,Methane,2,DG-0090,yes,medium,own,"ULiege course MECA0002 (S. Quoilin; repetition assistants N. Paulus, B. Dechesne per companion Python/Word metadata)",4-file family; representative of 4-file duplicate group (2 with identical equations); EES ID stamp: ULiege Thermodynamics Lab student/staff licence; imported as CSL-0003 (card C-02); hand-converted K/kPa/kJ + decimal comma; verified vs EES stored solution,SI MASS DEG KPA K KJ +decimal-comma,12/12,,added,CSL-0003
TM-0381,thermo_models,thermodynamique appliquee/2022-2023/R1/R1_E4_2022.EES,,"Two tanks connected by a valve with R12: equilibrium state, quality and liquid volume (exercise 3.33)","Two 200 L tanks A and B; initial quality, liquid volume, final equilibrium; two solution methods.",fundamentals,steady,1,fr,ees,X10.836,54,27,,m^3;+273.15,R12,3,DG-0091,no,skip,own,"ULiege course MECA0002 (S. Quoilin; repetition assistants N. Paulus, B. Dechesne per companion Python/Word metadata)","5-file family (method_bis, 2017 Borguet versions); identical equations to TM-0382; EES ID stamp: ULiege Thermodynamics Lab student/staff licence; duplicate of CSL-0048: equations identical to TM-0382 (diff of the comment-stripped equations shows no difference)",SI MASS DEG KPA K KJ +decimal-comma,27/27,,duplicate,CSL-0048
TM-0382,thermo_models,thermodynamique appliquee/2022-2023/R1/R1_E4_2022_method_bis.EES,,"Two tanks connected by a valve with R12: equilibrium state, quality and liquid volume (exercise 3.33)","Two 200 L tanks A and B; initial quality, liquid volume, final equilibrium; two solution methods.",fundamentals,steady,1,fr,ees,X10.836,54,27,,m^3;+273.15,R12,3,DG-0091,yes,high,own,"ULiege course MECA0002 (S. Quoilin; repetition assistants N. Paulus, B. Dechesne per companion Python/Word metadata)","5-file family (method_bis, 2017 Borguet versions); representative of 5-file duplicate group (3 with identical equations); EES ID stamp: ULiege Thermodynamics Lab student/staff licence; imported as CSL-0048: representative of duplicate group DG-0091, one model for the five files",SI MASS DEG KPA K KJ +decimal-comma,27/27,,added,CSL-0048
TM-0383,thermo_models,thermodynamique appliquee/2022-2023/R1/save/R1_E1_2022.EES,,Rigid tank with liquid-vapour water mixture: liquid and vapour masses and volumes (exercise 3.3),"4 kg of water in 1 m3 at given pressure: quality, volume fractions of liquid and vapour. Well documented French solution.",fundamentals,steady,1,fr,ees,X10.836,45,12,,m^3;kg;kPa,Water,2,DG-0088,no,skip,own,"ULiege course MECA0002 (S. Quoilin; repetition assistants N. Paulus, B. Dechesne per companion Python/Word metadata)","4-file family incl. the 2017 Borguet version and a zipped copy; the 2009 Bertagnolio version is TM-0501; identical equations to TM-0378; EES ID stamp: ULiege Thermodynamics Lab student/staff licence; duplicate of TM-0378/CSL-0044: stripped-equation diff identical (backup copy)",SI MASS DEG KPA K KJ +decimal-comma,13/13,,duplicate,CSL-0044
TM-0384,thermo_models,thermodynamique appliquee/2022-2023/R1/save/R1_E2_2022.EES,,CO2 tank at 35 C and 2 MPa: gas mass and ideal-gas error (exercise 3.9),200 L tank: mass with real-gas EES properties vs ideal-gas model and percentage error.,fundamentals,steady,1,fr,ees,X10.836,39,13,,m^3;kPa;%;+273.15,CarbonDioxide;CO2,2,DG-0089,no,skip,own,"ULiege course MECA0002 (S. Quoilin; repetition assistants N. Paulus, B. Dechesne per companion Python/Word metadata)",3-file family; identical equations to TM-0379; EES ID stamp: ULiege Thermodynamics Lab student/staff licence,SI MASS DEG KPA K J +decimal-comma,13/13,,todo,
TM-0385,thermo_models,thermodynamique appliquee/2022-2023/R1/save/R1_E3_2022.EES,,Liquid methane tank under heat input: vaporised mass (exercise 3.31),Methane tank at 500 kPa with 0.5 m2 section; mass changing phase; note to use fluid 'methane' not 'CH4'.,fundamentals,steady,1,fr,ees,X10.836,29,12,,kPa;m^2;m;s;m^3,Methane,2,DG-0090,no,skip,own,"ULiege course MECA0002 (S. Quoilin; repetition assistants N. Paulus, B. Dechesne per companion Python/Word metadata)",4-file family; identical equations to TM-0380; EES ID stamp: ULiege Thermodynamics Lab student/staff licence,SI MASS DEG KPA K KJ +decimal-comma,12/12,,todo,
TM-0386,thermo_models,thermodynamique appliquee/2022-2023/R1/save/R1_E4_2022.EES,,"Two tanks connected by a valve with R12: equilibrium state, quality and liquid volume (exercise 3.33)","Two 200 L tanks A and B; initial quality, liquid volume, final equilibrium; two solution methods.",fundamentals,steady,1,fr,ees,X10.836,54,27,,m^3;+273.15,R12,3,DG-0091,no,skip,own,"ULiege course MECA0002 (S. Quoilin; repetition assistants N. Paulus, B. Dechesne per companion Python/Word metadata)","5-file family (method_bis, 2017 Borguet versions); identical equations to TM-0382; EES ID stamp: ULiege Thermodynamics Lab student/staff licence; duplicate of CSL-0048: equations identical to TM-0382 (diff of the comment-stripped equations shows no difference)",SI MASS DEG KPA K KJ +decimal-comma,27/27,,duplicate,CSL-0048
TM-0387,thermo_models,thermodynamique appliquee/2022-2023/R1/save/R1_E4_2022_method_bis.EES,,"Two tanks connected by a valve with R12: equilibrium state, quality and liquid volume (exercise 3.33)","Two 200 L tanks A and B; initial quality, liquid volume, final equilibrium; two solution methods.",fundamentals,steady,1,fr,ees,X10.836,54,27,,m^3;+273.15,R12,3,DG-0091,no,skip,own,"ULiege course MECA0002 (S. Quoilin; repetition assistants N. Paulus, B. Dechesne per companion Python/Word metadata)","5-file family (method_bis, 2017 Borguet versions); identical equations to TM-0382; EES ID stamp: ULiege Thermodynamics Lab student/staff licence; duplicate of CSL-0048: equations identical to TM-0382 (diff of the comment-stripped equations shows no difference)",SI MASS DEG KPA K KJ +decimal-comma,27/27,,duplicate,CSL-0048
TM-0388,thermo_models,thermodynamique appliquee/2022-2023/R10/R10_E01_2022.EES,,"Hot iron block quenched in insulated water tank: final temperature, entropy generation and exergy destruction","5 kg block at 350 C in 100 kg of water; incompressible substances, constant specific heats; exergy destruction.",fundamentals,steady,1,fr,ees,X10.836,62,19,,kg;kJ/kg-K;C;kPa;1/K;+273.15,,3,DG-0092,yes,high,own,"ULiege course MECA0002 (S. Quoilin; repetition assistants N. Paulus, B. Dechesne per companion Python/Word metadata)",R10 exergy session; representative of 2-file duplicate group; EES ID stamp: ULiege Thermodynamics Lab student/staff licence; imported as CSL-0056 (verified),SI MASS DEG KPA K KJ +decimal-comma,22/22,,added,CSL-0056
TM-0389,thermo_models,thermodynamique appliquee/2022-2023/R10/R10_E02_2022.EES,,"Steam turbine exergy balance: exergy destruction (3 MPa, 450 C, 8 kg/s)",Steady-flow exergy balance of a turbine with sign conventions explained; adiabatic reversible vs isentropic note.,fundamentals,steady,1,fr,ees,X10.836,55,20,ARRAYS,Pa;W;kg/s;+273.15,Water,3,DG-0093,yes,wave1,own,"ULiege course MECA0002 (S. Quoilin; repetition assistants N. Paulus, B. Dechesne per companion Python/Word metadata)",R10 exergy session; 2 versions; representative of 2-file duplicate group (1 with identical equations); EES ID stamp: ULiege Thermodynamics Lab student/staff licence; imported as CSL-0045 (card C-48); hand-converted K -> °C with explicit T_0_K for the exergy terms + diagram state arrays added; verified vs EES stored solution,SI MASS DEG PA K J +decimal-comma,25/25,,added,CSL-0045
TM-0390,thermo_models,thermodynamique appliquee/2022-2023/R10/R10_E03_2022.EES,,Maximum work from two 30 kg air tanks at 900 K and 300 K,Extended system including heat engine and both tanks; maximum work and final temperatures (reversible).,fundamentals,steady,1,fr,ees,X10.836,43,12,,kg,Air,3,DG-0094,yes,high,own,"ULiege course MECA0002 (S. Quoilin; repetition assistants N. Paulus, B. Dechesne per companion Python/Word metadata)","R10 exergy session; representative of 2-file duplicate group (1 with identical equations); EES ID stamp: ULiege Thermodynamics Lab student/staff licence; added as CSL-0057 two_tanks_max_work_air (status runs: the EES stored solution is unusable since the file was never solved - every value is 1; checked against the closed form T_2 = sqrt(T_1a*T_1b))",SI MASS DEG KPA K KJ +decimal-comma,13/13,,added,CSL-0057
TM-0391,thermo_models,thermodynamique appliquee/2022-2023/R10/R10_E04_2022.EES,,Mixing chamber of water and steam: exergy destruction,"2.27 kg/s water at 138 kPa, 10 C mixed with steam; mass, energy and exergy balances.",fundamentals,steady,1,fr,ees,X10.836,58,26,PSYCH,kPa;kW;kg/s;+273.15,Water;Steam;Air_ha,2,,yes,medium,own,"ULiege course MECA0002 (S. Quoilin; repetition assistants N. Paulus, B. Dechesne per companion Python/Word metadata)",R10 exergy session; EES ID stamp: ULiege Thermodynamics Lab student/staff licence,SI MASS DEG KPA K KJ +decimal-comma,31/31,,todo,
TM-0392,thermo_models,thermodynamique appliquee/2022-2023/R10/R10_E05_2022.EES,,Rigid 200 m3 tank pressurised by a compressor: reversible work from exergy balance,"Tank initially at 100 kPa/300 K filled through a compressor: exergy balance of the tank + compressor system, reversible (maximum/minimum) work.",fundamentals,steady,1,fr,ees,X10.836,48,23,PSYCH,kPa;m^3,Air_ha,2,,yes,medium,own,"ULiege course MECA0002 (S. Quoilin; repetition assistants N. Paulus, B. Dechesne per companion Python/Word metadata)",R10 exergy session; EES ID stamp: ULiege Thermodynamics Lab student/staff licence,SI MASS DEG KPA K KJ +decimal-comma,25/25,,todo,
TM-0393,thermo_models,thermodynamique appliquee/2022-2023/R11/R11_E01_2022.EES,,"Combustion of octane with 400% theoretical air: product composition, heat transfer and adiabatic flame temperature","Octane at 25 C burnt with 400% theoretical air in steady flow: adiabatic flame temperature, fuel-air ratio and stoichiometric ratio from formation enthalpies; effect of excess air studied with a parametric table.",combustion_boilers,steady,1,fr,ees,X10.836,82,35,,kJ/kmol;C;kmol;kPa;+273.15,CO2;H2O;Water;O2;N2,3,DG-0095,yes,wave1,own,"ULiege course MECA0002 (S. Quoilin; repetition assistants N. Paulus, B. Dechesne per companion Python/Word metadata)",2017 and 2022 versions; R11 combustion session; representative of 2-file duplicate group; EES ID stamp: ULiege Thermodynamics Lab student/staff licence; added as CSL-0046 (kPa/kJ hand-converted; runnable _coolsolve variant verified vs the stored solution),SI MASS DEG KPA C KJ +decimal-comma,38/40,,added,CSL-0046
TM-0394,thermo_models,thermodynamique appliquee/2022-2023/R11/R11_E02_2022.EES,,Gasoline (CH1.95) engine exhaust analysis: air excess and useful power (R11 exercise 2),"Engine fed with gasoline assimilated to CH1.95 and dry air at 20 C; exhaust analysis gives excess air, heat balance and power; code reused for the Diesel exercise TM-0395.",combustion_boilers,steady,2,fr,ees,X10.836,98,54,PSYCH,C;kJ/kg;kg/s;kJ/kg-K;kPa,Air_ha;CarbonDioxide;CarbonMonoxide;Water;Nitrogen;Oxygen,3,DG-0096,no,medium,own,"ULiege course MECA0002 (S. Quoilin; repetition assistants N. Paulus, B. Dechesne per companion Python/Word metadata)","2 versions (R11_E02/E03); near-duplicate/variant of TM-0395 (Jaccard 0.67); similar but not grouped: TM-0538 (J=0.50); EES ID stamp: ULiege Thermodynamics Lab student/staff licence; merged into CSL-0058: same model with other data (gasoline CH1.95, incomplete combustion x_CO=0.02, T_ex=700C) and n=1.95 given instead of fitted)",SI MASS DEG KPA C KJ +decimal-comma,54/54,,merged,CSL-0058
TM-0395,thermo_models,thermodynamique appliquee/2022-2023/R11/R11_E03_2022.EES,,Diesel engine excess air and useful power from exhaust gas analysis,"Air excess and engine useful power from exhaust composition (CO2, CO, O2) and fuel flow, with CHn fuel parameter fitted from analysis; same code reused from the gasoline exercise.",combustion_boilers,steady,2,fr,ees,X10.836,107,58,PSYCH,C;kJ/kg;kg/kg;kg/s;kg/kmol;kJ/kg-K;kPa,Air_ha;CarbonDioxide;CarbonMonoxide;Water;Nitrogen;Oxygen,3,DG-0096,yes,high,own,"ULiege course MECA0002 (S. Quoilin; repetition assistants N. Paulus, B. Dechesne per companion Python/Word metadata)","2 versions (R11_E02/E03); representative of 2-file duplicate group; EES ID stamp: ULiege Thermodynamics Lab student/staff licence; imported as CSL-0058 (kPa/kJ to SI by hand, verified vs stored solution and the 2018-2019 companion Python solution)",SI MASS DEG KPA C KJ +decimal-comma,58/58,,added,CSL-0058
TM-0396,thermo_models,thermodynamique appliquee/2022-2023/R12/R12 - Révisions.EES,,"Revision question: condensate ratio and dry-air flow at a 7 kW cooling evaporator, two energy-balance methods on humid air","Ratio of condensed water to dry air entering evaporator EV1, dry-air flow with and without the condensate enthalpy contribution (AirH2O, steam, R113 cycle states).",hvac_psychrometrics,steady,2,fr,ees,X10.836,130,54,PSYCH;ARRAYS,C;kPa;%;kJ/kg;kJ/(C-kg);kW;kJ/kg-C,AirH2O;Water;Steam;R113;Air_ha,3,,yes,high,own,"ULiege course MECA0002 (S. Quoilin; repetition assistants N. Paulus, B. Dechesne per companion Python/Word metadata)",statement in an accompanying Word file (not in the collection); R12 revision session; EES ID stamp: ULiege Thermodynamics Lab student/staff licence; imported as CSL-0062: whole file (both questions) as one model verified vs stored solution; duplicate_group empty - no other group member; statement docx present next to the EES file,SI MASS DEG KPA C KJ +decimal-comma,54/54,,added,CSL-0062
TM-0397,thermo_models,thermodynamique appliquee/2022-2023/R2/R2_E1_2022.EES,,Rigid closed vessel (50 L) with water at 120 C: final state and heat removed,Closed rigid system so no work; first law gives Q = U2 - U1 = m (u2 - u1).,fundamentals,steady,1,fr,ees,X10.836,35,12,,m^3;+273.15,Water,2,DG-0082,yes,medium,own,"ULiege course MECA0002 (S. Quoilin; repetition assistants N. Paulus, B. Dechesne per companion Python/Word metadata)","3 versions (2017 R2_E4 Borguet, 2022 R2_E1 and save copy); representative of 3-file duplicate group; EES ID stamp: ULiege Thermodynamics Lab student/staff licence",SI MASS DEG KPA K KJ +decimal-comma,13/13,,todo,
TM-0398,thermo_models,thermodynamique appliquee/2022-2023/R2/R2_E2_2022.EES,,Heating of water in a piston-cylinder with spring: work on the piston (exercise 4.21),Closed-system energy balance of a piston-cylinder arrangement where the piston compresses a spring while water is heated; work is negative from the fluid's viewpoint.,fundamentals,steady,1,fr,ees,X10.836,100,39,ARRAYS,m^3;kPa;m^2;kN/m;kg;+273.15,Water,3,DG-0081,no,low,own,"ULiege course MECA0002 (S. Quoilin; repetition assistants N. Paulus, B. Dechesne per companion Python/Word metadata)",3 versions (2017 Borguet and two 2022 files); statement from French Cengel edition; near-duplicate/variant of TM-0360 (Jaccard 0.81); EES ID stamp: ULiege Thermodynamics Lab student/staff licence,SI MASS DEG KPA K KJ +decimal-comma,40/40,,todo,
TM-0399,thermo_models,thermodynamique appliquee/2022-2023/R2/R2_E3_2022.EES,,Non-ideal gas v(P+k/v^2)=RT: unit of k and isothermal expansion work using EES integral,"Gas with a van der Waals-like equation: dimensional analysis of k (kPa), molar volumes and work computed with INTEGRAL() for P(v).",properties,steady,1,fr,ees,X10.836,33,11,INTEGRAL,kmol;m^3;kJ/kmol-K,,2,DG-0097,yes,wave1,own,"ULiege course MECA0002 (S. Quoilin; repetition assistants N. Paulus, B. Dechesne per companion Python/Word metadata)","uses INTEGRAL() for a non-time integral (steady); R2 session; representative of 2-file duplicate group (1 with identical equations); EES ID stamp: ULiege Thermodynamics Lab student/staff licence; C-50: added as CSL-0047 (nonideal_gas_isothermal_work): unit of k (Pa*m^6/kmol^2) by dimensional analysis and isothermal expansion work of a gas obeying v(P+k/v^2)=RT, computed with the EES definite integral and with the closed form; converted by hand to SI-C-Pa-J (kmol kept, fictitious gas); native file blocked by CS-GAP-INTEGRAL-LIMITS + CS-BUG-INTEGRAL-FACTOR, runnable _coolsolve variant verified against the EES stored solution",SI MOLE DEG KPA K KJ +decimal-comma,13/13,,added,CSL-0047
TM-0400,thermo_models,thermodynamique appliquee/2022-2023/R2/R2_E4_2022.EES,,"Vertical piston-cylinder with stops containing air: temperature at stops, cooling, work","Air heated until the piston reaches the stops, then cooled; temperature, work and heat.",fundamentals,steady,1,fr,ees,X10.836,42,17,,m^2;kPa;m;+273.15,Air,2,DG-0098,yes,medium,own,"ULiege course MECA0002 (S. Quoilin; repetition assistants N. Paulus, B. Dechesne per companion Python/Word metadata)",3 versions (2017 R1_E5 and 2022 files); representative of 3-file duplicate group (2 with identical equations); similar but not grouped: TM-0510 (J=0.48); EES ID stamp: ULiege Thermodynamics Lab student/staff licence,SI MASS DEG KPA K KJ +decimal-comma,17/17,,todo,
TM-0401,thermo_models,thermodynamique appliquee/2022-2023/R2/R2_E5_2022.EES,,Helium bottle pushing liquid oxygen at constant pressure in a rocket: work and tank volume,"Work done by helium, volume of the LOX tank, helium at constant pressure pushing LOX towards the pump.",fundamentals,steady,1,fr,ees,X10.836,46,18,,kPa;kg/m^3;kg;m^3;+273.15,He,2,DG-0080,yes,medium,own,"ULiege course MECA0002 (S. Quoilin; repetition assistants N. Paulus, B. Dechesne per companion Python/Word metadata)",3 versions; representative of 3-file duplicate group (1 with identical equations); EES ID stamp: ULiege Thermodynamics Lab student/staff licence,SI MASS DEG KPA K KJ +decimal-comma,18/18,,todo,
TM-0402,thermo_models,thermodynamique appliquee/2022-2023/R2/save/R2_E0_2022.EES,,"Vertical piston-cylinder with stops containing air: temperature at stops, cooling, work","Air heated until the piston reaches the stops, then cooled; temperature, work and heat.",fundamentals,steady,1,fr,ees,X10.836,42,17,,m^2;kPa;m;+273.15,Air,2,DG-0098,no,skip,own,"ULiege course MECA0002 (S. Quoilin; repetition assistants N. Paulus, B. Dechesne per companion Python/Word metadata)",3 versions (2017 R1_E5 and 2022 files); identical equations to TM-0400; similar but not grouped: TM-0510 (J=0.48); EES ID stamp: ULiege Thermodynamics Lab student/staff licence,SI MASS DEG KPA K KJ +decimal-comma,17/17,,todo,
TM-0403,thermo_models,thermodynamique appliquee/2022-2023/R2/save/R2_E1_2022.EES,,Rigid closed vessel (50 L) with water at 120 C: final state and heat removed,Closed rigid system so no work; first law gives Q = U2 - U1 = m (u2 - u1).,fundamentals,steady,1,fr,ees,X10.836,34,11,,m^3;+273.15,Water,2,DG-0082,no,low,own,"ULiege course MECA0002 (S. Quoilin; repetition assistants N. Paulus, B. Dechesne per companion Python/Word metadata)","3 versions (2017 R2_E4 Borguet, 2022 R2_E1 and save copy); near-duplicate/variant of TM-0397 (Jaccard 0.92); EES ID stamp: ULiege Thermodynamics Lab student/staff licence",SI MASS DEG KPA K KJ +decimal-comma,12/12,,todo,
TM-0404,thermo_models,thermodynamique appliquee/2022-2023/R2/save/R2_E2_2022.EES,,Heating of water in a piston-cylinder with spring: work on the piston (exercise 4.21),Closed-system energy balance of a piston-cylinder arrangement where the piston compresses a spring while water is heated; work is negative from the fluid's viewpoint.,fundamentals,steady,1,fr,ees,X10.836,100,39,ARRAYS,m^3;kPa;m^2;kN/m;kg;+273.15,Water,3,DG-0081,no,low,own,"ULiege course MECA0002 (S. Quoilin; repetition assistants N. Paulus, B. Dechesne per companion Python/Word metadata)",3 versions (2017 Borguet and two 2022 files); statement from French Cengel edition; near-duplicate/variant of TM-0360 (Jaccard 0.81); EES ID stamp: ULiege Thermodynamics Lab student/staff licence,SI MASS DEG KPA K KJ +decimal-comma,40/40,,todo,
TM-0405,thermo_models,thermodynamique appliquee/2022-2023/R2/save/R2_E3_2022.EES,,Non-ideal gas v(P+k/v^2)=RT: unit of k and isothermal expansion work using EES integral,"Gas with a van der Waals-like equation: dimensional analysis of k (kPa), molar volumes and work computed with INTEGRAL() for P(v).",properties,steady,1,fr,ees,X10.836,33,11,INTEGRAL,kmol;m^3;kJ/kmol-K,,2,DG-0097,no,skip,own,"ULiege course MECA0002 (S. Quoilin; repetition assistants N. Paulus, B. Dechesne per companion Python/Word metadata)","uses INTEGRAL() for a non-time integral (steady); R2 session; identical equations to TM-0399; EES ID stamp: ULiege Thermodynamics Lab student/staff licence; C-50: duplicate of CSL-0047 (same exercise): stripped-equation diff against TM-0399 identical (all 12 equations), only the statement comment differs (backup copy writes the EOS as v(P+kv^2)=RT, a typo); both files reference the same EES stored solution",SI MOLE DEG KPA K KJ +decimal-comma,12/12,,duplicate,CSL-0047
TM-0406,thermo_models,thermodynamique appliquee/2022-2023/R2/save/R2_E4_2022.EES,,"Vertical piston-cylinder with stops containing air: temperature at stops, cooling, work","Air heated until the piston reaches the stops, then cooled; temperature, work and heat.",fundamentals,steady,1,fr,ees,X10.836,42,17,,m^2;kPa;m;+273.15,Air,2,DG-0098,no,skip,own,"ULiege course MECA0002 (S. Quoilin; repetition assistants N. Paulus, B. Dechesne per companion Python/Word metadata)",3 versions (2017 R1_E5 and 2022 files); identical equations to TM-0400; similar but not grouped: TM-0510 (J=0.48); EES ID stamp: ULiege Thermodynamics Lab student/staff licence,SI MASS DEG KPA K KJ +decimal-comma,17/17,,todo,
TM-0407,thermo_models,thermodynamique appliquee/2022-2023/R2/save/R2_E5_2022.EES,,Helium bottle pushing liquid oxygen at constant pressure in a rocket: work and tank volume,"Work done by helium, volume of the LOX tank, helium at constant pressure pushing LOX towards the pump.",fundamentals,steady,1,fr,ees,X10.836,46,18,,kPa;kg/m^3;kg;m^3;+273.15,He,2,DG-0080,no,skip,own,"ULiege course MECA0002 (S. Quoilin; repetition assistants N. Paulus, B. Dechesne per companion Python/Word metadata)",3 versions; identical equations to TM-0401; EES ID stamp: ULiege Thermodynamics Lab student/staff licence,SI MASS DEG KPA K KJ +decimal-comma,18/18,,todo,
TM-0408,thermo_models,thermodynamique appliquee/2022-2023/R3/old/R3_E5_2022.EES,,"Centrifugal air compressor of a gas turbine: power with kinetic energy (example 5.14, 2022)",First law for open systems in steady flow with velocity terms for a gas-turbine compressor.,compressors,steady,1,fr,ees,X10.836,35,10,,kPa;m/s;kg/s;%,Air,2,DG-0099,no,low,own,"ULiege course MECA0002 (S. Quoilin; repetition assistants N. Paulus, B. Dechesne per companion Python/Word metadata)",2 versions (R3_E5 and old copy); near-duplicate/variant of TM-0415 (Jaccard 0.82); similar but not grouped: TM-0364 (J=0.46); EES ID stamp: ULiege Thermodynamics Lab student/staff licence,SI MASS DEG KPA K J +decimal-comma,10/10,,todo,
TM-0409,thermo_models,thermodynamique appliquee/2022-2023/R3/R3_E10_2022_diffuseur.EES,,"Aircraft engine diffuser: exit velocity and temperature (air at 108 C, 80 kPa)","Adiabatic diffuser with exit at atmospheric pressure: energy balance with velocity change, mass flow.",valves_nozzles_piping,steady,1,fr,ees,X10.836,49,20,PSYCH,kPa;C;m/s;m;kJ/J;m^2;kg/s;m/s^2,Air_ha,2,,yes,medium,own,"ULiege course MECA0002 (S. Quoilin; repetition assistants N. Paulus, B. Dechesne per companion Python/Word metadata)",2022 R3 exercise 10; EES ID stamp: ULiege Thermodynamics Lab student/staff licence,SI MASS DEG KPA C KJ +decimal-comma,20/20,,todo,
TM-0410,thermo_models,thermodynamique appliquee/2022-2023/R3/R3_E11_2022_échangeur.EES,,R134a condenser dissipating heat into a water circuit: mass flows and heat transfer,"Counter-flow exchanger energy balance between R134a and water, negative signs for heat lost by refrigerant.",heat_exchangers,steady,1,fr,ees,X10.836,30,17,,kPa;C;kW;kg/s;KJ/(kg-C),R134a,2,,yes,medium,own,"ULiege course MECA0002 (S. Quoilin; repetition assistants N. Paulus, B. Dechesne per companion Python/Word metadata)",2022 R3 exercise 11; EES ID stamp: ULiege Thermodynamics Lab student/staff licence,SI MASS DEG KPA C KJ +decimal-comma,17/17,,todo,
TM-0411,thermo_models,thermodynamique appliquee/2022-2023/R3/R3_E1_2022.EES,,Steam nozzle at 17 bar and 370 C: exit state and velocity,"Steady-flow nozzle with given section: temperature, inlet velocity, mass flow and kinetic energy.",valves_nozzles_piping,steady,1,fr,ees,X10.836,51,21,,kPa;m/s;m;kJ/J;m^2;kg/s;kJ/kg;m/s^2;+273.15,Water,2,,yes,medium,own,"ULiege course MECA0002 (S. Quoilin; repetition assistants N. Paulus, B. Dechesne per companion Python/Word metadata)",2022 R3 exercise 1; EES ID stamp: ULiege Thermodynamics Lab student/staff licence,SI MASS DEG KPA K KJ +decimal-comma,21/21,,todo,
TM-0412,thermo_models,thermodynamique appliquee/2022-2023/R3/R3_E2_2022.EES,,Steam turbine power from mass flow and heat loss (example 5.10),1.5 kg/s steam turbine with heat loss: first law for open systems in steady flow to find power.,expanders_turbines,steady,1,fr,ees,X10.836,43,19,,kPa;m/s;m;%;kg/s;W;m/s^2;+273.15,Water,2,DG-0083,no,low,own,"ULiege course MECA0002 (S. Quoilin; repetition assistants N. Paulus, B. Dechesne per companion Python/Word metadata)",same exercise appears in 2022 R3_E2; near-duplicate/variant of TM-0363 (Jaccard 0.65); EES ID stamp: ULiege Thermodynamics Lab student/staff licence,SI MASS DEG KPA K J +decimal-comma,19/19,,todo,
TM-0413,thermo_models,thermodynamique appliquee/2022-2023/R3/R3_E3_2022.EES,,"Domestic hot-water storage tank (500 L): dynamic energy balance with tap draw, losses and heater","Time integration with INTEGRAL and IntegralTable (tau, dU/dtau, Q_tap, Q_amb, Q_res, M_in, T_tank): temperature evolution of a 500 L tank initially at 60 C.",storage,dynamic,1,fr,ees,X10.836,77,20,INTEGRAL,kg/s;s;C;W;W/K;Pa;m^3;W/C,Water,3,,yes,wave1,own,"ULiege course MECA0002 (S. Quoilin; repetition assistants N. Paulus, B. Dechesne per companion Python/Word metadata)",dynamic model in EES time integration; course MECA0002-1 header; 2022 R3 exercise 3; EES ID stamp: ULiege Thermodynamics Lab student/staff licence,SI MASS DEG PA C J +decimal-comma,21/21,parametric:table1(761x2),added,CSL-0009
TM-0414,thermo_models,thermodynamique appliquee/2022-2023/R3/R3_E4_2022_mélange.EES,,"Adiabatic mixing of hot water (80 C, 0.5 kg/s) in a T-junction",Mass conservation and energy balance of a water mixing junction at atmospheric exit pressure.,fundamentals,steady,1,fr,ees,X10.836,37,16,,kPa;C;kg/s;m,Water,2,,yes,low,own,"ULiege course MECA0002 (S. Quoilin; repetition assistants N. Paulus, B. Dechesne per companion Python/Word metadata)",2022 R3 exercise 4; EES ID stamp: ULiege Thermodynamics Lab student/staff licence,SI MASS DEG KPA C KJ +decimal-comma,18/18,,todo,
TM-0415,thermo_models,thermodynamique appliquee/2022-2023/R3/R3_E5_2022.EES,,"Centrifugal air compressor of a gas turbine: power with kinetic energy (example 5.14, 2022)",First law for open systems in steady flow with velocity terms for a gas-turbine compressor.,compressors,steady,1,fr,ees,X10.836,35,10,,kPa;m/s;kg/s;%,Air,2,DG-0099,yes,medium,own,"ULiege course MECA0002 (S. Quoilin; repetition assistants N. Paulus, B. Dechesne per companion Python/Word metadata)",2 versions (R3_E5 and old copy); representative of 2-file duplicate group; similar but not grouped: TM-0364 (J=0.46); EES ID stamp: ULiege Thermodynamics Lab student/staff licence,SI MASS DEG KPA K J +decimal-comma,10/10,,todo,
TM-0416,thermo_models,thermodynamique appliquee/2022-2023/R3/R3_E6_2022.EES,,"Elementary steam power plant: pump, boiler, turbine, condenser component balances (exercise 6)",Component-by-component steady-flow analysis of a basic Rankine plant with tabulated data; ARRAYS for states.,power_cycles_vapour,steady,2,fr,ees,X10.836,147,74,ARRAYS,kJ/J;kPa;C;m;-;m/s;kg/s;kW,Water,3,DG-0084,yes,high,own,"ULiege course MECA0002 (S. Quoilin; repetition assistants N. Paulus, B. Dechesne per companion Python/Word metadata)",2 versions (2017 THD10_R03_E1 and 2022 R3_E6); representative of 2-file duplicate group; EES ID stamp: ULiege Thermodynamics Lab student/staff licence; imported as CSL-0053 (representative),SI MASS DEG KPA C KJ +decimal-comma,76/76,,added,CSL-0053
TM-0417,thermo_models,thermodynamique appliquee/2022-2023/R3/R3_E7_2022.EES,,Steam turbine driving a nitrogen compressor (exercise 5.54),Steady-flow energy balances of a steam turbine coupled to a nitrogen compressor; sign convention explained (power counted negative from the steam side).,expanders_turbines,steady,1,fr,ees,X10.836,69,23,,kPa;C;kg/s;-;kW;%,Water;Nitrogen;N2,3,DG-0085,no,low,own,"ULiege course MECA0002 (S. Quoilin; repetition assistants N. Paulus, B. Dechesne per companion Python/Word metadata)","2 versions (2017 R3_E2, 2022 R3_E7); near-duplicate/variant of TM-0366 (Jaccard 0.67); EES ID stamp: ULiege Thermodynamics Lab student/staff licence",SI MASS DEG KPA C KJ +decimal-comma,24/24,,todo,
TM-0418,thermo_models,thermodynamique appliquee/2022-2023/R3/R3_E8_2022.EES,,Geothermal hot water driving a steam turbine (1000 kW): steam flow and power,Steam mass flow needed for 1000 kW turbine output from a geothermal hot-water source.,expanders_turbines,steady,1,fr,ees,X10.836,56,17,,kPa;C;-;kW;s/h,Water,3,DG-0086,yes,medium,own,"ULiege course MECA0002 (S. Quoilin; repetition assistants N. Paulus, B. Dechesne per companion Python/Word metadata)",2 versions; representative of 2-file duplicate group (1 with identical equations); EES ID stamp: ULiege Thermodynamics Lab student/staff licence,SI MASS DEG KPA C KJ +decimal-comma,18/18,,todo,
TM-0419,thermo_models,thermodynamique appliquee/2022-2023/R3/R3_E9_2022.EES,,"Freon-12 refrigeration cycle: heat lost by compressor, condenser and gained in evaporator (exercise 5.60)","R12 cycle states (1250 kPa, 120 C ...): compressor heat loss, condenser heat rejection, evaporator heat gain.",refrigeration_heat_pumps,steady,2,fr,ees,X10.836,97,46,ARRAYS,kPa;C;kg/s;kW,R12,3,DG-0087,yes,medium,own,"ULiege course MECA0002 (S. Quoilin; repetition assistants N. Paulus, B. Dechesne per companion Python/Word metadata)","the 2022 file is stored as UTF-16 text (BOM), unlike all others; representative of 2-file duplicate group; EES ID stamp: ULiege Thermodynamics Lab student/staff licence",SI MASS DEG KPA C KJ +decimal-comma,22/22,,todo,
TM-0420,thermo_models,thermodynamique appliquee/2022-2023/R4/old/Exercice 7-5.EES,,Isentropic compression of liquid water by integrating v dP (old exercise 7-5),Work of a pump/compressor on saturated liquid computed via INTEGRAL with an IntegralTable over pressure.,compressors,steady,1,fr,ees,X10.836,31,17,INTEGRAL,,Water,1,,yes,low,own,"ULiege course MECA0002 (S. Quoilin; repetition assistants N. Paulus, B. Dechesne per companion Python/Word metadata)","in an 'old' folder; steady, integral over pressure; EES ID stamp: ULiege Thermodynamics Lab student/staff licence",SI MASS DEG PA C J +decimal-comma,21/21,,todo,
TM-0421,thermo_models,thermodynamique appliquee/2022-2023/R4/R04_E1_2022.EES,,1 GW power plant: steam cycle and cooling river (exercise 1),"Plant states from condensation pressure and river cross-section, flow velocity and temperature rise.",power_cycles_vapour,steady,1,fr,ees,X10.836,49,17,ARRAYS,kPa;kW;m^2;m/s;kg/m^3;kJ/kg*K;+273.15,Water,3,,yes,medium,own,"ULiege course MECA0002 (S. Quoilin; repetition assistants N. Paulus, B. Dechesne per companion Python/Word metadata)",2022 R4 exercise 1 (same as 2017 exercise 6.22); similar but not grouped: TM-0514 (J=0.57); EES ID stamp: ULiege Thermodynamics Lab student/staff licence,SI MASS DEG KPA K KJ +decimal-comma,26/26,,todo,
TM-0422,thermo_models,thermodynamique appliquee/2022-2023/R4/R04_E2_2022.EES,,Two-stage compression of superheated steam: optimal intermediate pressure and isothermal vs isentropic work,"Bi-stage isentropic compressor, compares with isothermal compression using INTEGRAL(v dP); statement cites Cengel and Boles 8th ed. rule for minimum work.",compressors,steady,1,fr,ees,X10.836,97,34,INTEGRAL,kPa;C;kg/s;%;+273.15,Water,3,,yes,wave1,own,"ULiege course MECA0002 (S. Quoilin; repetition assistants N. Paulus, B. Dechesne per companion Python/Word metadata)",uses INTEGRAL() for work (steady); EES ID stamp: ULiege Thermodynamics Lab student/staff licence,SI MASS DEG KPA C KJ +decimal-comma,35/35,,added,CSL-0010
TM-0423,thermo_models,thermodynamique appliquee/2022-2023/R4/R04_E3_2022.EES,,R134a turbine with 78% isentropic efficiency generating 5 kW,Turbine mass flow and outlet state; remarks on fluid state in compressors.,expanders_turbines,steady,1,fr,ees,X10.836,46,24,,kPa;kW;C,R134a,2,,yes,medium,own,"ULiege course MECA0002 (S. Quoilin; repetition assistants N. Paulus, B. Dechesne per companion Python/Word metadata)",EES ID stamp: ULiege Thermodynamics Lab student/staff licence,SI MASS DEG KPA C KJ +decimal-comma,24/24,,todo,
TM-0424,thermo_models,thermodynamique appliquee/2022-2023/R4/R04_E4_2022.EES,,Inventor's claim for a refrigeration unit: check against the Carnot cycle,COP of an ideal Carnot refrigerator compared to the claimed value.,refrigeration_heat_pumps,steady,1,fr,ees,X10.836,22,5,,C;+273.15,,2,DG-0100,yes,medium,own,"ULiege course MECA0002 (S. Quoilin; repetition assistants N. Paulus, B. Dechesne per companion Python/Word metadata)",2 versions; representative of 2-file duplicate group (1 with identical equations); EES ID stamp: ULiege Thermodynamics Lab student/staff licence,SI MASS DEG KPA C KJ +decimal-comma,5/5,,todo,
TM-0425,thermo_models,thermodynamique appliquee/2022-2023/R4/R04_E5_2022.EES,,Refrigeration at -30 C driven by a heat engine from a reservoir (exercise 5),Combined Carnot engine and Carnot refrigerator (temperatures converted to K): heat flows and cycle efficiency.,refrigeration_heat_pumps,steady,1,fr,ees,X10.836,51,10,,+273.15,,3,,yes,medium,own,"ULiege course MECA0002 (S. Quoilin; repetition assistants N. Paulus, B. Dechesne per companion Python/Word metadata)",2017 equivalent: THD10_R04_E2 (exercise 6.19); similar but not grouped: TM-0512 (J=0.54); EES ID stamp: ULiege Thermodynamics Lab student/staff licence,SI MASS DEG KPA C KJ +decimal-comma,14/14,,todo,
TM-0426,thermo_models,thermodynamique appliquee/2022-2023/R4/R04_E6_2022.EES,,Heat pump heating a house in winter and cooling it in summer: Carnot COP and consumption,"Winter heating and summer cooling with house/outside temperatures in K, electricity consumption.",buildings,steady,1,fr,ees,X10.836,56,13,,C;kJ;s-K;+273.15,,3,DG-0101,yes,medium,own,"ULiege course MECA0002 (S. Quoilin; repetition assistants N. Paulus, B. Dechesne per companion Python/Word metadata)",2 versions; representative of 2-file duplicate group (1 with identical equations); similar but not grouped: TM-0513 (J=0.47); EES ID stamp: ULiege Thermodynamics Lab student/staff licence,SI MASS DEG KPA C KJ +decimal-comma,15/15,,todo,
TM-0427,thermo_models,thermodynamique appliquee/2022-2023/R4/R04_E7_2022.EES,,Rigid tank split into two equal compartments of water: final equilibrium state,Two sealed compartments of equal volume holding water in different states; state after equilibration.,fundamentals,steady,1,fr,ees,X10.836,18,11,,kPa;C;kg,Water,2,,yes,medium,own,"ULiege course MECA0002 (S. Quoilin; repetition assistants N. Paulus, B. Dechesne per companion Python/Word metadata)",EES ID stamp: ULiege Thermodynamics Lab student/staff licence,SI MASS DEG KPA C KJ +decimal-comma,11/11,,todo,
TM-0428,thermo_models,thermodynamique appliquee/2022-2023/R4bis/R05_E03_2022.EES,,"Ideal Stirling cycle with regenerator: work, heat and efficiency (R5 Ex5, 2022 R4bis)",Isothermal compression/expansion and isochoric heat exchange with ideal regenerator; volumetric compression ratio.,fundamentals,steady,2,fr,ees,X8.423,72,37,ARRAYS,kJ/kg-K;kPa;+273.15,Air,3,,yes,medium,own,"ULiege course MECA0002 (S. Quoilin; repetition assistants N. Paulus, B. Dechesne per companion Python/Word metadata)",in 'R4bis' folder (EES 8.423); related to TM-0431; EES ID stamp: ULiege Thermodynamics Lab student/staff licence,SI MASS DEG KPA C KJ +decimal-comma,36/36,,todo,
TM-0429,thermo_models,thermodynamique appliquee/2022-2023/R5/R05_E01_2022.EES,,"Air-standard Otto cycle: pressures, temperatures, net work, efficiency and engine power","Otto cycle (compression ratio 8, 800 kJ/kg heat input, 100 kPa/17 C): maximum p and T, net work, thermal efficiency, work and power of a 1.6 L 4-cylinder engine at 4000 rpm; cp/cv at mean temperature (recursive, solved by EES).",engines,steady,2,fr,ees,X10.836,95,45,PSYCH;ARRAYS,kJ/kg;kJ/kg-K;kPa;m^3;rev/min;rev;s/min;+273.15,Air,3,DG-0102,yes,wave1,own,"ULiege course MECA0002 (S. Quoilin; repetition assistants N. Paulus, B. Dechesne per companion Python/Word metadata)","4-file family: also the Diesel-cycle sister exercise R05_E02 (compression ratio 18, cut-off ratio 2, 1.9 L) and save copies; representative of 4-file duplicate group (1 with identical equations); EES ID stamp: ULiege Thermodynamics Lab student/staff licence; imported as CSL-0049 (cycles/engines/otto_cycle_air_standard): kPa-K-kJ converted by hand to SI-C-Pa-J, equations kept, 2.11e-11 max rel. dev. against an independent Python/CoolProp re-implementation",SI MASS DEG KPA K KJ +decimal-comma,47/47,,added,CSL-0049
TM-0430,thermo_models,thermodynamique appliquee/2022-2023/R5/R05_E02_2022.EES,,"Air-standard Diesel cycle: compression ratio 18, cut-off ratio 2, 1.9 L engine","Theoretical Diesel cycle from 1 atm and 27 C: maximum p and T, net work, thermal efficiency and work of a 1.9 L engine; recursive cp/cv at mean temperature.",engines,steady,2,fr,ees,X10.836,95,43,PSYCH;ARRAYS,kJ/kg-K;kPa;m^3;+273.15,Air,3,DG-0102,no,medium,own,"ULiege course MECA0002 (S. Quoilin; repetition assistants N. Paulus, B. Dechesne per companion Python/Word metadata)","sister exercise of the Otto cycle TM-0429; near-duplicate/variant of TM-0429 (Jaccard 0.60); EES ID stamp: ULiege Thermodynamics Lab student/staff licence; NOT imported with TM-0429: different exercise (air-standard Diesel cycle, not the Otto cycle); its equations differ from TM-0429 (equation diff) - kept todo for its own card",SI MASS DEG KPA K KJ +decimal-comma,47/47,,todo,
TM-0431,thermo_models,thermodynamique appliquee/2022-2023/R5/R05_E03_2022.EES,,Ideal Stirling cycle with regenerator: work from EES integral and parametric study,Stirling cycle on air property functions; compression/expansion work computed with INTEGRAL() and compared with the analytic isothermal work.,power_cycles_gas,steady,2,fr,ees,X10.836,120,65,INTEGRAL;PSYCH;ARRAYS,kJ/kg-K;kPa;+273.15,Air_ha;Air,3,DG-0103,yes,high,own,"ULiege course MECA0002 (S. Quoilin; repetition assistants N. Paulus, B. Dechesne per companion Python/Word metadata)",uses INTEGRAL() for work (steady); representative of 2-file duplicate group (1 with identical equations); EES ID stamp: ULiege Thermodynamics Lab student/staff licence; CSL-0059 stirling_cycle_ideal_regenerator imported as it (native file blocked by CS-GAP-INTEGRAL-LIMITS / CS-GAP-INTEGRAL-MULTIVAR / CS-BUG-INTEGRAL-FACTOR with a verified _coolsolve variant),SI MASS DEG KPA K KJ +decimal-comma,68/68,,added,CSL-0059
TM-0432,thermo_models,thermodynamique appliquee/2022-2023/R5/save/R05_E01_2022.EES,,"Air-standard Otto cycle: pressures, temperatures, net work, efficiency and engine power","Otto cycle (compression ratio 8, 800 kJ/kg heat input, 100 kPa/17 C): maximum p and T, net work, thermal efficiency, work and power of a 1.6 L 4-cylinder engine at 4000 rpm; cp/cv at mean temperature (recursive, solved by EES).",engines,steady,2,fr,ees,X10.836,95,45,PSYCH;ARRAYS,kJ/kg;kJ/kg-K;kPa;m^3;rev/min;rev;s/min;+273.15,Air,3,DG-0102,no,skip,own,"ULiege course MECA0002 (S. Quoilin; repetition assistants N. Paulus, B. Dechesne per companion Python/Word metadata)","4-file family: also the Diesel-cycle sister exercise R05_E02 (compression ratio 18, cut-off ratio 2, 1.9 L) and save copies; identical equations to TM-0429; EES ID stamp: ULiege Thermodynamics Lab student/staff licence; identical equations to TM-0429 (equation diff without comments is empty) -> duplicate of CSL-0049",SI MASS DEG KPA K KJ +decimal-comma,47/47,,duplicate,CSL-0049
TM-0433,thermo_models,thermodynamique appliquee/2022-2023/R5/save/R05_E02_2022.EES,,"Air-standard Otto cycle: pressures, temperatures, net work, efficiency and engine power","Otto cycle (compression ratio 8, 800 kJ/kg heat input, 100 kPa/17 C): maximum p and T, net work, thermal efficiency, work and power of a 1.6 L 4-cylinder engine at 4000 rpm; cp/cv at mean temperature (recursive, solved by EES).",engines,steady,2,fr,ees,X10.836,95,43,PSYCH;ARRAYS,kJ/kg-K;kPa;m^3;+273.15,Air,3,DG-0102,no,low,own,"ULiege course MECA0002 (S. Quoilin; repetition assistants N. Paulus, B. Dechesne per companion Python/Word metadata)","4-file family: also the Diesel-cycle sister exercise R05_E02 (compression ratio 18, cut-off ratio 2, 1.9 L) and save copies; near-duplicate/variant of TM-0429 (Jaccard 0.60); EES ID stamp: ULiege Thermodynamics Lab student/staff licence; save copy of TM-0430 (identical equations to R05_E02_2022.EES), itself the Diesel exercise and not TM-0429 - kept todo with TM-0430",SI MASS DEG KPA K KJ +decimal-comma,47/47,,todo,
TM-0434,thermo_models,thermodynamique appliquee/2022-2023/R5/save/R05_E03_2022.EES,,Ideal Stirling cycle with regenerator: work from EES integral and parametric study,Stirling cycle on air property functions; compression/expansion work computed with INTEGRAL() and compared with the analytic isothermal work.,power_cycles_gas,steady,2,fr,ees,X10.836,120,65,INTEGRAL;PSYCH;ARRAYS,kJ/kg-K;kPa;+273.15,Air_ha;Air,3,DG-0103,no,skip,own,"ULiege course MECA0002 (S. Quoilin; repetition assistants N. Paulus, B. Dechesne per companion Python/Word metadata)",uses INTEGRAL() for work (steady); identical equations to TM-0431; EES ID stamp: ULiege Thermodynamics Lab student/staff licence; duplicate of TM-0431 (diff of the two extracted .eescode files is empty) so decision duplicate of CSL-0059,SI MASS DEG KPA K KJ +decimal-comma,68/68,,duplicate,CSL-0059
TM-0435,thermo_models,thermodynamique appliquee/2022-2023/R6/autres exo/THD10_R07_E4.EES,,Gas turbine with reheat: second combustion chamber between two turbine stages (exercise 4),Ideal-gas air cycle with compressor/turbine efficiencies and a second combustor (efficiency 0.98); maximises LP turbine power by splitting expansion.,power_cycles_gas,steady,2,fr,ees,X8.423,150,94,ARRAYS,C;kPa;kg/s;kJ/kg;m^3/s;kJ/kg-K;kg/m^3;+273.15,Air,3,DG-0104,yes,high,own,"ULiege course MECA0002 (S. Quoilin; repetition assistants N. Paulus, B. Dechesne per companion Python/Word metadata)",4-file family THD10_R07_E1-E4 (2010 course exercises moved into R6 'autres exo'); representative of 4-file duplicate group; EES ID stamp: ULiege Thermodynamics Lab student/staff licence; imported as CSL-0060 (representative: reheat configuration; converted kPa/kJ->SI-Pa-J by hand and verified vs EES stored solution; derived results agree within 9.8e-03; absolute h/s excluded: reference-state offset),SI MASS DEG KPA C KJ +decimal-comma,98/98,,added,CSL-0060
TM-0436,thermo_models,thermodynamique appliquee/2022-2023/R6/autres exo/THD10_R07_E5.EES,,Turbojet engine cycle with component efficiencies (exercise 5),"Station-by-station jet engine calculation from inlet 1 to nozzle 6 with polytropic/isentropic efficiencies, kerosene lower heating value, Cp and gamma per side.",power_cycles_gas,steady,1,fr,ees,X8.423,87,38,ARRAYS,kJ/kg-K;kPa;kJ/kg;+273.15,Air,3,,yes,medium,own,"ULiege course MECA0002 (S. Quoilin; repetition assistants N. Paulus, B. Dechesne per companion Python/Word metadata)",2010 course exercise (Borguet/Bertagnolio); EES ID stamp: ULiege Thermodynamics Lab student/staff licence,SI MASS DEG KPA C KJ +decimal-comma,55/55,parametric:table1(2364x2);parametric:Table 1(17x2),todo,
TM-0437,thermo_models,thermodynamique appliquee/2022-2023/R6/autres exo/THD10_R07_E6.EES,,Turbojet with afterburner: influence of afterburner temperature on thrust (exercise 6),Adds a post-combustion section behind the turbine; parametric table of T_pc on specific thrust and consumption.,power_cycles_gas,steady,2,fr,ees,X8.423,93,47,ARRAYS,kJ/kg-K;kPa;kJ/kg;+273.15,Air,3,,yes,medium,own,"ULiege course MECA0002 (S. Quoilin; repetition assistants N. Paulus, B. Dechesne per companion Python/Word metadata)",2010 course exercise; EES ID stamp: ULiege Thermodynamics Lab student/staff licence,SI MASS DEG KPA C KJ +decimal-comma,60/60,parametric:table1(2303x2),todo,
TM-0438,thermo_models,thermodynamique appliquee/2022-2023/R6/R06_E01_2022.EES,,Land-based two-shaft gas turbine: LP-turbine shaft power and overall efficiency,"Gas turbine with several compressors and HP/LP turbines (isentropic, combustion, mechanical and alternator efficiencies), ideal-gas air; variants with regenerator effectiveness in a parametric table.",power_cycles_gas,steady,2,fr,ees,X10.836,135,66,ARRAYS,C;kPa;kg/s;kJ/kg;+273.15,Air,3,DG-0105,no,low,own,"ULiege course MECA0002 (S. Quoilin; repetition assistants N. Paulus, B. Dechesne per companion Python/Word metadata)",4-file family (R06_E01-E03 and a parametric-table variant); maximises LP-turbine power by splitting the expansion; near-duplicate/variant of TM-0441 (Jaccard 0.53); EES ID stamp: ULiege Thermodynamics Lab student/staff licence,SI MASS DEG KPA C KJ +decimal-comma,69/69; merged into CSL-0050: same gas turbine without intercooler and without regenerator and without the second combustion chamber (11 equations differ),,merged,CSL-0050
TM-0439,thermo_models,thermodynamique appliquee/2022-2023/R6/R06_E02_2022.EES,,Land-based two-shaft gas turbine: LP-turbine shaft power and overall efficiency,"Gas turbine with several compressors and HP/LP turbines (isentropic, combustion, mechanical and alternator efficiencies), ideal-gas air; variants with regenerator effectiveness in a parametric table.",power_cycles_gas,steady,2,fr,ees,X10.836,172,79,ARRAYS,kPa;C;kg/s;kJ/kg;+273.15,Air;Water,3,DG-0105,no,low,own,"ULiege course MECA0002 (S. Quoilin; repetition assistants N. Paulus, B. Dechesne per companion Python/Word metadata)",4-file family (R06_E01-E03 and a parametric-table variant); maximises LP-turbine power by splitting the expansion; near-duplicate/variant of TM-0441 (Jaccard 0.70); EES ID stamp: ULiege Thermodynamics Lab student/staff licence,SI MASS DEG KPA C KJ +decimal-comma,82/82; merged into CSL-0050: same gas turbine without regenerator and without the second combustion chamber (8 equations differ),,merged,CSL-0050
TM-0440,thermo_models,thermodynamique appliquee/2022-2023/R6/R06_E02_2022_eff_echangeur_param_table.EES,,Land-based gas turbine with regenerator: effectiveness parametric table (R06 E02 variant),Gas turbine variant with a heat exchanger (regenerator) and a parametric table on the heat-exchanger efficiency.,power_cycles_gas,steady,2,fr,ees,X10.836,172,78,ARRAYS,kPa;C;kg/s;kJ/kg;+273.15,Air;Water,3,DG-0105,no,medium,own,"ULiege course MECA0002 (S. Quoilin; repetition assistants N. Paulus, B. Dechesne per companion Python/Word metadata)",4-file family (R06_E01-E03 and a parametric-table variant); maximises LP-turbine power by splitting the expansion; near-duplicate/variant of TM-0441 (Jaccard 0.69); EES ID stamp: ULiege Thermodynamics Lab student/staff licence,SI MASS DEG KPA C KJ +decimal-comma,82/82; merged into CSL-0050: E02 with eta_ref left to a parametric table (no table stored in the file); 8 equations differ from CSL-0050 (no regenerator and no second combustion chamber),,merged,CSL-0050
TM-0441,thermo_models,thermodynamique appliquee/2022-2023/R6/R06_E03_2022.EES,,Land-based two-shaft gas turbine: LP-turbine shaft power and overall efficiency,"Gas turbine with several compressors and HP/LP turbines (isentropic, combustion, mechanical and alternator efficiencies), ideal-gas air; variants with regenerator effectiveness in a parametric table.",power_cycles_gas,steady,2,fr,ees,X10.836,212,93,ARRAYS,kPa;C;kg/s;kJ/kg;+273.15,Air;Water,3,DG-0105,yes,wave1,own,"ULiege course MECA0002 (S. Quoilin; repetition assistants N. Paulus, B. Dechesne per companion Python/Word metadata)",4-file family (R06_E01-E03 and a parametric-table variant); maximises LP-turbine power by splitting the expansion; representative of 4-file duplicate group; EES ID stamp: ULiege Thermodynamics Lab student/staff licence,SI MASS DEG KPA C KJ +decimal-comma,96/96; imported as CSL-0050 (roadmap card C-53): unit system converted by hand from kPa/kJ to SI and verified against the stored EES solution (max 5.3e-03 relative on eta_tg),,added,CSL-0050
TM-0442,thermo_models,thermodynamique appliquee/2022-2023/R6/R06_E04_2022.EES,,"Ideal turbojet at 260 m/s: diffuser, compressor, combustor, turbine, nozzle","Ideal turbojet at 260 m/s, 35 kPa and -40 C, compression ratio 10, turbine inlet 1100 C, 45 kg/s: ideal diffuser, isentropic compressor, isobaric combustor, turbine; turbine exit T and p, nozzle exhaust velocity and propulsion efficiency.",power_cycles_gas,steady,1,fr,ees,X10.836,63,40,PSYCH;ARRAYS,KJ/J;m/s;C;kPa;kg/s;kJ/J,Air_ha,2,,yes,wave1,own,"ULiege course MECA0002 (S. Quoilin; repetition assistants N. Paulus, B. Dechesne per companion Python/Word metadata)",R6 E04; EES ID stamp: ULiege Thermodynamics Lab student/staff licence; duplicate group is a singleton; imported as CSL-0051 (verified; kPa/kJ converted by hand),SI MASS DEG KPA C KJ +decimal-comma,40/40,,"added",CSL-0051
TM-0443,thermo_models,thermodynamique appliquee/2022-2023/R7/R07_E01_2022.EES,,"Rankine cycle of a 60 MW steam plant (70 bar, 500 C): flows, efficiency and condenser cooling water",Simple Rankine cycle with condenser at given pressure and cooling water; ARRAYS for states. Highly documented.,power_cycles_vapour,steady,2,fr,ees,X10.836,115,41,ARRAYS,kPa;%;C;kW;kJ/kg-K,Water,3,DG-0106,yes,wave1,own,"ULiege course MECA0002 (S. Quoilin; repetition assistants N. Paulus, B. Dechesne per companion Python/Word metadata)",3-file family (2017 THD10_R06_E1 and zipped copy); representative of 3-file duplicate group (1 with identical equations); EES ID stamp: ULiege Thermodynamics Lab student/staff licence; imported as CSL-0004 representative of DG-0106 (card C-03); verified vs EES stored solution,SI MASS DEG KPA C KJ +decimal-comma,44/44,,added,CSL-0004
TM-0444,thermo_models,thermodynamique appliquee/2022-2023/R7/R07_E02_2022.EES,,Rankine cycle with steam extraction at 14 bar to an open feedwater heater (deaerator),"Extraction to a mixing heater/deaerator with saturated outlet, turbine stage efficiencies 0.83, boiler losses; code reused with a parametric table on condenser and extraction pressures for later exercises.",power_cycles_vapour,steady,2,fr,ees,X10.836,156,67,ARRAYS,kPa;%;C;kW;kJ/kg-K,Water,3,DG-0107,yes,wave1,own,"ULiege course MECA0002 (S. Quoilin; repetition assistants N. Paulus, B. Dechesne per companion Python/Word metadata)","5-file family (R07_E02, E03E04, 2017 THD10_R06_E2/E34 and zipped copy); representative of 5-file duplicate group; EES ID stamp: ULiege Thermodynamics Lab student/staff licence; duplicate of CSL-0029 (same regenerative-extraction Rankine system, 14 bar variant, reproducible with P_3a = 14E5)",SI MASS DEG KPA C KJ +decimal-comma,69/69,,duplicate,CSL-0029
TM-0445,thermo_models,thermodynamique appliquee/2022-2023/R7/R07_E03E04_2022.EES,,Rankine cycle with steam extraction: exercises 3-4 (R07 E03/E04),Continuation of the extraction exercise with additional heater/question variants.,power_cycles_vapour,steady,2,fr,ees,X10.836,158,65,ARRAYS,kPa;%;C;kW;kJ/kg-K,Water,3,DG-0107,no,medium,own,"ULiege course MECA0002 (S. Quoilin; repetition assistants N. Paulus, B. Dechesne per companion Python/Word metadata)","content inferred from file name and code overlap with TM-0444; near-duplicate/variant of TM-0444 (Jaccard 0.94); EES ID stamp: ULiege Thermodynamics Lab student/staff licence; duplicate of CSL-0029 (same regenerative-extraction Rankine system, 14 bar variant, reproducible with P_3a = 14E5)",SI MASS DEG KPA C KJ +decimal-comma,69/69,,duplicate,CSL-0029
TM-0446,thermo_models,thermodynamique appliquee/2022-2023/R7/R07_E05_2022.EES,,Combined gas-steam cycle: Brayton topping cycle with heat-recovery Rankine bottoming,"Brayton cycle (pressure ratio 8, 300 K to 1300 K, compressor/turbine efficiencies 80%/85%) heating a Rankine cycle (7 MPa, 5 kPa, steam to 500 C, exhaust gas leaving at 450 K): steam-to-gas flow ratio and combined-cycle thermal efficiency.",power_cycles_gas,steady,2,fr,ees,X10.836,82,36,PSYCH;ARRAYS,kPa;+273.15,Air_ha;Water,3,,yes,wave1,own,"ULiege course MECA0002 (S. Quoilin; repetition assistants N. Paulus, B. Dechesne per companion Python/Word metadata)","R7 E05; EES ID stamp: ULiege Thermodynamics Lab student/staff licence; single-file candidate (no duplicate group; the identical copy inside R7.zip has no inventory row); imported as CSL-0052 (card C-55) in cycles/gas_turbines; EES 'Air_ha' written as the ideal-gas fluid 'Air' (CoolSolve humid-air properties return a silent 10000 J/kg above 623.15 K, CS-BUG-HUMIDAIR-HIGHT); kPa/kJ/K converted by hand; verified vs EES stored solution (27 of 36 common variables within 7.4e-06, the 9 others carry the air reference-state offset)",SI MASS DEG KPA K KJ +decimal-comma,44/44,,added,CSL-0052
TM-0447,thermo_models,thermodynamique appliquee/2022-2023/R8/old/THD10_R9_E3.EES,,"Air refrigeration cycle (reverse Brayton): COP with intercooling (exercise 3, 2010)",Two-stage compression air cycle cooling air to a low temperature: station-by-station calculation and COP.,refrigeration_heat_pumps,steady,2,fr,ees,X8.423,90,44,ARRAYS,C;kPa;+273.15,Air,3,,yes,medium,own,"ULiege course MECA0002 (S. Quoilin; repetition assistants N. Paulus, B. Dechesne per companion Python/Word metadata)",in an 'old' folder; 2017 THD10_R9_E3; EES ID stamp: ULiege Thermodynamics Lab student/staff licence,SI MASS DEG KPA C KJ +decimal-comma,49/49,,todo,
TM-0448,thermo_models,thermodynamique appliquee/2022-2023/R8/R08_E01_2022.EES,,R134a vapour-compression refrigeration cycle with subcooling and superheating: COP and mass flow,"Machine between given evaporation and condensation temperatures with subcooling at the condenser exit; ARRAYS of states, isentropic efficiency.",refrigeration_heat_pumps,steady,1,fr,ees,X10.836,76,39,ARRAYS,C;K/C;kW;+273.15,R134a,3,DG-0108,yes,wave1,own,"ULiege course MECA0002 (S. Quoilin; repetition assistants N. Paulus, B. Dechesne per companion Python/Word metadata)","3-file family (2017 THD10_R9_E1, 2022 R08_E01 and zipped copy); representative of 3-file duplicate group (1 with identical equations); EES ID stamp: ULiege Thermodynamics Lab student/staff licence; duplicate of CSL-0015 (same R8-Ex1 statement with 100 kW instead of 50 kW; results scale linearly)",SI MASS DEG KPA C KJ +decimal-comma,48/48,,duplicate,CSL-0015
TM-0449,thermo_models,thermodynamique appliquee/2022-2023/R8/R08_E02_2022.EES,,"R410A heat pump: refrigerant flow, overall COP, evaporator air flow and isentropic efficiency","Air-source heat pump with R410A and water condenser (underfloor heating) with evaporator pressure drop: refrigerant flow, overall COP, evaporator air flow for 15 K air cooling, compressor isentropic efficiency.",refrigeration_heat_pumps,steady,2,fr,ees,X10.836,78,41,ARRAYS,C;kPa;kJ/kg-K;kg/s,R410A,3,DG-0109,yes,wave1,own,"ULiege course MECA0002 (S. Quoilin; repetition assistants N. Paulus, B. Dechesne per companion Python/Word metadata)",2 versions; representative of 2-file duplicate group; EES ID stamp: ULiege Thermodynamics Lab student/staff licence; imported as CSL-0054 (kPa/kJ converted to Pa/J by hand; verified vs the EES stored solution and the companion CoolProp script),SI MASS DEG KPA C KJ +decimal-comma,50/50,,added,CSL-0054
TM-0450,thermo_models,thermodynamique appliquee/2022-2023/R8/R08_E03_2022.EES,,Domestic refrigerator-freezer (R134a) cycle described in six steps: sizing,"Fridge-freezer cycle from the schematic (compression, condensation, expansion ...) with component sizing; ARRAYS of states.",refrigeration_heat_pumps,steady,2,fr,ees,X10.836,128,56,ARRAYS,C;L/m^3;kW;m^3/s;Kg/s;m^3/Kg,R134a,3,DG-0110,yes,high,own,"ULiege course MECA0002 (S. Quoilin; repetition assistants N. Paulus, B. Dechesne per companion Python/Word metadata)","2 copies; representative of 2-file duplicate group (1 with identical equations); EES ID stamp: ULiege Thermodynamics Lab student/staff licence; imported as CSL-0061 (cycles/refrigeration_heat_pumps): (T,H) property calls of state 4 rewritten with (P,H) in the main file (decision D11), no _coolsolve variant; verified against the stored EES solution (max 7.5e-4) and cross-checked with the Python/CoolProp solution of the same exercise; the copy inside R8.zip (TM-0550) has identical equations and is a duplicate",SI MASS DEG KPA C KJ +decimal-comma,57/57,,added,CSL-0061
TM-0451,thermo_models,thermodynamique appliquee/2022-2023/R9/R09_E01_2022.EES,,"Moist air in a 5 m x 5 m x 3 m room: humidity ratio, dew point and water mass","Psychrometric properties of room air at 25 C with 75% saturation degree; compares AirH2O, Air_ha and Water functions.",hvac_psychrometrics,steady,1,fr,ees,X10.836,63,28,PSYCH,C;m^3;kPa;kJ/kg-K;kJ/kg;kJ/(C-kg);+273.15,Water;AirH2O;Air_ha;Air,3,DG-0111,yes,wave1,own,"ULiege course MECA0002 (S. Quoilin; repetition assistants N. Paulus, B. Dechesne per companion Python/Word metadata)","3-file family (2017 THD10_R10_E1, 2022 R09_E01 and zipped copy); representative of 3-file duplicate group; EES ID stamp: ULiege Thermodynamics Lab student/staff licence; imported as CSL-0055 (roadmap card C-58): representative of the group, hand-converted from kPa/kJ, verified vs the EES stored solution and vs the course Python/CoolProp solution of the same exercise",SI MASS DEG KPA C KJ +decimal-comma,58/58,parametric:table1(4931x2),added,CSL-0055
TM-0452,thermo_models,thermodynamique appliquee/2022-2023/R9/R09_E02_2022.EES,,Mixing of extracted room air with outdoor air and conditioning process (psychrometric chart exercise),"Adiabatic mixing, heating/humidification/cooling coil steps with sensible and latent loads.",hvac_psychrometrics,steady,1,fr,ees,X10.836,56,28,PSYCH;ARRAYS,C;kg/s;kPa;%,AirH2O,2,DG-0112,yes,high,own,"ULiege course MECA0002 (S. Quoilin; repetition assistants N. Paulus, B. Dechesne per companion Python/Word metadata)","2 versions; representative of 2-file duplicate group (1 with identical equations); similar but not grouped: TM-0534 (J=0.51), TM-0453 (J=0.48); EES ID stamp: ULiege Thermodynamics Lab student/staff licence; imported as CSL-0063 (representative of DG-0112, mixing exercise)",SI MASS DEG KPA C KJ +decimal-comma,49/50,,added,CSL-0063
TM-0453,thermo_models,thermodynamique appliquee/2022-2023/R9/R09_E03_2022.EES,,Mixing of room and outdoor air with condensation in the mixer,Same as previous exercise but the mixture falls below saturation so water condenses; liquid water balance.,hvac_psychrometrics,steady,1,fr,ees,X10.836,80,34,PSYCH;ARRAYS,C;kg/s;%;kPa,AirH2O;Water;Air_ha,3,,yes,high,own,"ULiege course MECA0002 (S. Quoilin; repetition assistants N. Paulus, B. Dechesne per companion Python/Word metadata)","R9 E03; similar but not grouped: TM-0552 (J=0.48), TM-0452 (J=0.48); EES ID stamp: ULiege Thermodynamics Lab student/staff licence; imported as CSL-0064 (added): hand-converted kPa/kJ to SI, verified vs the EES stored solution (max 4.4e-03 on the inlet properties; the stored outlet values are unsolved guesses) and vs an independent recomputation",SI MASS DEG KPA C KJ +decimal-comma,54/56,,added,CSL-0064
TM-0454,thermo_models,thermodynamique appliquee/2022-2023/R9/R09_E04_2022.EES,,"Cooling tower for condenser water: required air flow, evaporation and make-up",Water cooled from the power plant condenser by ambient air in a tower: energy balance with humid air and evaporated water.,hvac_psychrometrics,steady,1,fr,ees,X10.836,58,24,PSYCH,kPa;C;kg/s;s/h,AirH2O;Water,3,,yes,high,own,"ULiege course MECA0002 (S. Quoilin; repetition assistants N. Paulus, B. Dechesne per companion Python/Word metadata)",R9 E04 (2017 equivalent THD10_R10_E4); EES ID stamp: ULiege Thermodynamics Lab student/staff licence; C-69: imported as CSL-0065 (verified; kPa/kJ converted by hand; EES stores default guesses (1) for the 4 asked-for unknowns - verified by hand recomputation from the stored EES properties),SI MASS DEG KPA C KJ +decimal-comma,23/23,,added,CSL-0065
TM-0455,thermo_models,thermodynamique appliquee/2022-2023/R9/R09_E05_2022.EES,,Adiabatic saturation and wet-bulb temperature: humidity from dry and wet bulb readings,From dry-bulb 25 C and wet-bulb temperature at 1 atm: adiabatic-saturation formula derived from mass and energy balances.,hvac_psychrometrics,steady,1,fr,ees,X10.836,74,27,PSYCH,C;kJ/kg;kPa;kJ/kg-C,Water;Air_ha;AirH2O,3,,yes,high,own,"ULiege course MECA0002 (S. Quoilin; repetition assistants N. Paulus, B. Dechesne per companion Python/Word metadata)","R9 E05; EES ID stamp: ULiege Thermodynamics Lab student/staff licence; added as CSL-0066 (adiabatic saturation and wet-bulb temperature of moist air, hand-converted from kPa/kJ, 27 explicit equations, verified against the stored EES solution: 26 common variables, max rel diff 5.2e-03 on HumRat, same moist-air offset as CSL-0055)",SI MASS DEG KPA C KJ +decimal-comma,70/70,,added,CSL-0066
TM-0456,thermo_models,thermodynamique appliquee/Aout 2022/Q10_rend_is_cp.EES,,Aug 2022 exam Q10: compressor isentropic efficiency of the heat pump (R113),Isentropic efficiency of the compressor from evaporator exit (suction) state.,refrigeration_heat_pumps,steady,1,fr,ees,X6.883,22,12,,Pa,R113,1,,yes,medium,own,"ULiege course MECA0002 (S. Quoilin; repetition assistants N. Paulus, B. Dechesne per companion Python/Word metadata)","exam question (August 2022 resit), publishable as an example; Q1-Q10 describe one combined ORC/heat-pump system: merge them into ONE example model (check first that it is not a variant of an exercise); exam solution file (August 2022 resit); the ORC + heat pump case uses R113; EES ID stamp: K. Kim / Samsung Electronics licence (third party)",SI MASS DEG PA K J +decimal-comma,12/12,,todo,
TM-0457,thermo_models,thermodynamique appliquee/Aout 2022/Q1_rendement_II_principe.EES,,Aug 2022 exam Q1: second-law efficiency of the heat pump (R113),Rendement selon le second principe vs ideal Carnot-type cycle.,refrigeration_heat_pumps,steady,1,fr,ees,X6.883,31,15,,Pa;%,R113,2,,yes,medium,own,"ULiege course MECA0002 (S. Quoilin; repetition assistants N. Paulus, B. Dechesne per companion Python/Word metadata)","exam question (August 2022 resit), publishable as an example; Q1-Q10 describe one combined ORC/heat-pump system: merge them into ONE example model (check first that it is not a variant of an exercise); exam solution file (August 2022 resit); similar but not grouped: TM-0464 (J=0.48); EES ID stamp: K. Kim / Samsung Electronics licence (third party)",SI MASS DEG PA K J +decimal-comma,15/15,,todo,
TM-0458,thermo_models,thermodynamique appliquee/Aout 2022/Q2_temp_sortie_turb.EES,,Aug 2022 exam Q2: ORC turbine outlet temperature (89% isentropic efficiency),Turbine at 150 kPa/65 C inlet and given enthalpy drop; outlet temperature in C.,expanders_turbines,steady,1,fr,ees,X6.883,22,11,,J/kg;Pa;+273.15,R113,2,,yes,medium,own,"ULiege course MECA0002 (S. Quoilin; repetition assistants N. Paulus, B. Dechesne per companion Python/Word metadata)","exam question (August 2022 resit), publishable as an example; Q1-Q10 describe one combined ORC/heat-pump system: merge them into ONE example model (check first that it is not a variant of an exercise); exam solution file; saved with a third-party EES licence stamp (#434); EES ID stamp: K. Kim / Samsung Electronics licence (third party)",SI MASS DEG PA K J +decimal-comma,11/11,,todo,
TM-0459,thermo_models,thermodynamique appliquee/Aout 2022/Q3_debit_eau_glyc.EES,,Aug 2022 exam Q3: glycol-water flow rate in the heat pump condenser (83% effectiveness),Heat balance of the HP condenser into a glycol-water storage loop.,refrigeration_heat_pumps,steady,1,fr,ees,X10.836,32,18,,C;kJ/(kg-C);s/h;L/kg,R113,2,,yes,medium,own,"ULiege course MECA0002 (S. Quoilin; repetition assistants N. Paulus, B. Dechesne per companion Python/Word metadata)","exam question (August 2022 resit), publishable as an example; Q1-Q10 describe one combined ORC/heat-pump system: merge them into ONE example model (check first that it is not a variant of an exercise); exam solution file; EES ID stamp: ULiege Thermodynamics Lab student/staff licence",SI MASS DEG KPA C KJ +decimal-comma,18/18,,todo,
TM-0460,thermo_models,thermodynamique appliquee/Aout 2022/Q4_COP_total.EES,,Aug 2022 exam Q4: total COP of the combined ORC/heat-pump system (R113),Useful-to-costly effect ratio with ORC condenser heat recovery and critique of the indicator (COP 23.8).,refrigeration_heat_pumps,steady,1,fr,ees,X10.836,35,12,,W;kg/s;Pa,R113,3,,yes,medium,own,"ULiege course MECA0002 (S. Quoilin; repetition assistants N. Paulus, B. Dechesne per companion Python/Word metadata)","exam question (August 2022 resit), publishable as an example; Q1-Q10 describe one combined ORC/heat-pump system: merge them into ONE example model (check first that it is not a variant of an exercise); exam solution file; saved with a third-party EES licence stamp (#434); EES ID stamp: ULiege Thermodynamics Lab student/staff licence",SI MASS DEG PA K J +decimal-comma,12/12,,todo,
TM-0461,thermo_models,thermodynamique appliquee/Aout 2022/Q5_power_to_power_ratio.EES,,Aug 2022 exam Q5: power-to-power ratio of the ORC,Turbine with 89% isentropic efficiency and fluid property variation: ratio of turbine output to pump input.,power_cycles_vapour,steady,1,fr,ees,X6.883,38,18,,kg/s;Pa;J/kg,R113,2,,yes,medium,own,"ULiege course MECA0002 (S. Quoilin; repetition assistants N. Paulus, B. Dechesne per companion Python/Word metadata)","exam question (August 2022 resit), publishable as an example; Q1-Q10 describe one combined ORC/heat-pump system: merge them into ONE example model (check first that it is not a variant of an exercise); exam solution file; EES ID stamp: K. Kim / Samsung Electronics licence (third party)",SI MASS DEG PA K J +decimal-comma,18/18,,todo,
TM-0462,thermo_models,thermodynamique appliquee/Aout 2022/Q6_pertes_th.EES,,Aug 2022 exam Q6: thermal losses of a heat pump with humid outdoor air (R113),"Outdoor air at 15 C, 70% RH: condensing fraction of vapour, dry-air enthalpy change.",refrigeration_heat_pumps,steady,1,fr,ees,X10.836,59,32,PSYCH,kg/s;Pa;+273.15,R113;AirH2O;Air_ha;Water,2,,yes,medium,own,"ULiege course MECA0002 (S. Quoilin; repetition assistants N. Paulus, B. Dechesne per companion Python/Word metadata)","exam question (August 2022 resit), publishable as an example; Q1-Q10 describe one combined ORC/heat-pump system: merge them into ONE example model (check first that it is not a variant of an exercise); exam solution file; EES ID stamp: ULiege Thermodynamics Lab student/staff licence",SI MASS DEG PA K J +decimal-comma,32/32,,todo,
TM-0463,thermo_models,thermodynamique appliquee/Aout 2022/Q7_cp_rel.EES,,Aug 2022 exam Q7: relative variation of specific heat cp,Relative change of cp between two states of the working fluid.,power_cycles_vapour,steady,1,fr,ees,X6.883,16,8,,Pa;+273.15,R113,2,,yes,medium,own,"ULiege course MECA0002 (S. Quoilin; repetition assistants N. Paulus, B. Dechesne per companion Python/Word metadata)","exam question (August 2022 resit), publishable as an example; Q1-Q10 describe one combined ORC/heat-pump system: merge them into ONE example model (check first that it is not a variant of an exercise); exam solution file; EES ID stamp: K. Kim / Samsung Electronics licence (third party)",SI MASS DEG PA K J +decimal-comma,8/8,,todo,
TM-0464,thermo_models,thermodynamique appliquee/Aout 2022/Q8_exergie.EES,,Aug 2022 exam Q8: exergy variations in heat-pump components,"Exergy changes and destruction in compressor, condenser, expansion valve, evaporator.",fundamentals,steady,1,fr,ees,X6.883,41,22,,Pa;+273.15,R113,2,,yes,medium,own,"ULiege course MECA0002 (S. Quoilin; repetition assistants N. Paulus, B. Dechesne per companion Python/Word metadata)","exam question (August 2022 resit), publishable as an example; Q1-Q10 describe one combined ORC/heat-pump system: merge them into ONE example model (check first that it is not a variant of an exercise); exam solution file; similar but not grouped: TM-0457 (J=0.48); EES ID stamp: K. Kim / Samsung Electronics licence (third party)",SI MASS DEG PA K J +decimal-comma,22/22,,todo,
TM-0465,thermo_models,thermodynamique appliquee/Aout 2022/Q9_ratio_sensible.EES,,Aug 2022 exam Q9: sensible heat ratio at the ORC evaporator,Ratio between sensible thermal energy recovered and total heat at the ORC evaporator.,power_cycles_vapour,steady,1,fr,ees,X6.883,20,9,,Pa;+273.15,R113,2,,yes,medium,own,"ULiege course MECA0002 (S. Quoilin; repetition assistants N. Paulus, B. Dechesne per companion Python/Word metadata)","exam question (August 2022 resit), publishable as an example; Q1-Q10 describe one combined ORC/heat-pump system: merge them into ONE example model (check first that it is not a variant of an exercise); exam solution file; EES ID stamp: K. Kim / Samsung Electronics licence (third party)",SI MASS DEG PA K J +decimal-comma,9/9,,todo,
TM-0466,thermo_models,machines et systemes thermiques/MSTh - Repetitions/TP 11/VL051205_11.zip!/VL051205_11-1.EES,,"LiBr-H2O absorption chiller: solution flow and COP (MSTh R11 Ex1-3, VL)","Absorption cycle with water refrigerant and lithium bromide absorbent: evaporator, isenthalpic expansion, generator, solution flow from absorber to regenerator, COP.",absorption_sorption,steady,1,fr,ees,X7.403,53,24,,~T:C,Water,1,DG-0113,no,low,own,Vincent Lemort,exercise family VL051205_11 (zipped; 3 files); author V. Lemort; inside zip archive (not extracted): VL051205_11.zip; near-duplicate/variant of TM-0468 (Jaccard 0.65); EES ID stamp: J. Lebrun lab licence (ULiege); C-45: VL repetition 11 exercise 1 (no HEX); same cycle as CSL-0043 without exchanger (COP 0.6624 stored); described in its README,SI MASS DEG PA C J,24/24,,merged,CSL-0043
TM-0467,thermo_models,machines et systemes thermiques/MSTh - Repetitions/TP 11/VL051205_11.zip!/VL051205_11-2.EES,,"LiBr-H2O absorption chiller: solution flow and COP (MSTh R11 Ex1-3, VL)","Absorption cycle with water refrigerant and lithium bromide absorbent: evaporator, isenthalpic expansion, generator, solution flow from absorber to regenerator, COP.",absorption_sorption,steady,1,fr,ees,X7.403,61,32,,~T:C,Water,2,DG-0113,no,low,own,Vincent Lemort,exercise family VL051205_11 (zipped; 3 files); author V. Lemort; inside zip archive (not extracted): VL051205_11.zip; near-duplicate/variant of TM-0468 (Jaccard 0.94); EES ID stamp: J. Lebrun lab licence (ULiege); C-45: VL repetition 11 exercise 2 (M_dot_w=1; HEX like CSL-0043); superseded by TM-0167,SI MASS DEG PA C J,32/33,,merged,CSL-0043
TM-0468,thermo_models,machines et systemes thermiques/MSTh - Repetitions/TP 11/VL051205_11.zip!/VL051205_11-3.EES,,"LiBr-H2O absorption chiller: solution flow and COP (MSTh R11 Ex1-3, VL)","Absorption cycle with water refrigerant and lithium bromide absorbent: evaporator, isenthalpic expansion, generator, solution flow from absorber to regenerator, COP.",absorption_sorption,steady,1,fr,ees,X7.403,62,32,,~T:C,Water,2,DG-0113,yes,medium,own,Vincent Lemort,exercise family VL051205_11 (zipped; 3 files); author V. Lemort; inside zip archive (not extracted): VL051205_11.zip; representative of 3-file duplicate group; EES ID stamp: J. Lebrun lab licence (ULiege); C-45: VL repetition 11 exercise 3 (Q_dot_ev=1 MW imposed; pump work via V_LIBR); same cycle as CSL-0043 with other imposed values; described in its README,SI MASS DEG PA C J,32/33,,merged,CSL-0043
TM-0469,thermo_models,MCI_REMIDICKES/MCI/TP/MCI_TP3_EX-1-2-3-4-5.zip!/MCI_TP3_EX-1-2-3.EES,,"V6 four-stroke engine: displacement, piston speed, power, efficiencies and crank-angle quantities (MCI TP3 Ex1-3)","Square V6 engine with connecting-rod length, volumetric compression ratio and end-of-combustion angle; exercise selector 1/2/3; UnitSystem directive and CONVERT.",engines,steady,2,fr,ees,X10.589,151,74,UNITSYSTEM;CONVERT,Pa;Nm;m^3;tours/min;m;bar;+273.15,Air,3,DG-0058,no,low,own,P. Ngendakumana; R. Dickes,includes a zipped near-duplicate (TM-0469); inside zip archive (not extracted): MCI_TP3_EX-1-2-3-4-5.zip; stored as RTF; near-duplicate/variant of TM-0239 (Jaccard 0.95); EES ID stamp: P. Ngendakumana licence (ULiege Thermotechnics),SI MASS DEG PA K J,45/45,,todo,
TM-0470,thermo_models,Model data bank/AHU_Components/Cooling_Coil/COOLINGCOIL_PARAMID_REFERENCE_MODEL_VL080321.zip!/COOLINGCOIL_PARAMID_REFERENCE_EES_MODEL_VL080321.EES,,Cooling coil parameter-identification model (PARAMID reference),"Identifies the cooling-coil model parameters from one measured wet-regime point: one-zone counterflow exchanger, AU from air-side convective, metal conduction and refrigerant-side resistances, fictitious perfect gas based on wet-bulb temperature (Lebrun et al. 1990), ASHRAE semi-isothermal fictitious exchanger.",hvac_psychrometrics,steady,2,en,ees,X7.888,216,64,CALL;PSYCH,kg/s,AirH2O,3,,yes,high,own,Vincent Lemort; Jean Lebrun,"model bank 2008-01-16 (authors V. Lemort, J. Lebrun); companion of TM-0471; inside zip archive (not extracted): COOLINGCOIL_PARAMID_REFERENCE_MODEL_VL080321.zip; stored as RTF; needs library: brineprop -> Brineprop.lib (TM-0479); carries the lab disclaimer 'freely distributed, may not be sold, cite origin'; EES ID stamp: J. Lebrun lab licence (ULiege)",SI MASS DEG PA C J,79/92,parametric:Table 2(3335x2),todo,
TM-0471,thermo_models,Model data bank/AHU_Components/Cooling_Coil/COOLINGCOIL_REFSIM_MODEL_VL080318.zip!/CoolingCoil_RefSim_EES_Model_VL080318.EES,,"Cooling coil reference simulation model (RefSim): dry and wet regimes, one zone","Reference model of a cooling/dehumidifying coil based on Merkel-type theory with Braun hypothesis; outputs, inputs and parameters panel; wet-bulb fictitious gas.",hvac_psychrometrics,steady,2,en,ees,X7.888,207,60,CALL;PSYCH,J/kg-K,AirH2O,3,,yes,wave1,own,Vincent Lemort; Jean Lebrun,"model bank 2008-01-16 (authors V. Lemort, J. Lebrun); inside zip archive (not extracted): COOLINGCOIL_REFSIM_MODEL_VL080318.zip; stored as RTF; needs library: brineprop -> Brineprop.lib (TM-0479); carries the lab disclaimer 'freely distributed, may not be sold, cite origin'; EES ID stamp: J. Lebrun lab licence (ULiege) | added as CSL-0074 cooling_coil_refsim (hvac/air_handling, blocked by CS-GAP-NAME-PIPE, CS-GAP-INCLUDE and CS-GAP-IF5; runnable _coolsolve variant verified vs the EES stored solution, max rel diff 7.81e-01 on the stale stored t_dp_ex_coil_dry; no duplicate group - the ParamID sibling TM-0470 is another level of detail and stays a separate model)",SI MASS DEG PA C J,75/87,,added,CSL-0074
TM-0472,thermo_models,Model data bank/AHU_Components/Cooling_Coil/COOLINGCOILWithControl_SIMPLIFIED_MODEL_VL080318.zip!/CoolingCoilWithControl_Simplified_EES_Model_VL080318.EES,,Cooling coil with control: simplified model (exit-air temperature controlled by contact temperature),Simplified coil model that ignores the refrigerant side by assuming the exit air temperature is controlled through the contact temperature.,hvac_psychrometrics,steady,1,en,ees,X7.888,121,24,PSYCH,J/(kg*K);J/kg,AirH2O,3,,yes,high,own,Vincent Lemort; Jean Lebrun,"model bank 2008-01-16 (authors V. Lemort, J. Lebrun); inside zip archive (not extracted): COOLINGCOILWithControl_SIMPLIFIED_MODEL_VL080318.zip; carries the lab disclaimer 'freely distributed, may not be sold, cite origin'; EES ID stamp: J. Lebrun lab licence (ULiege) | added as CSL-0073 cooling_coil_with_control_simplified (hvac/air_handling, blocked by CS-GAP-IF5, runnable _coolsolve variant verified vs the EES stored solution, max rel diff 2.71e-02 on the latent power; no duplicate group - the RefSim TM-0471 and ParamID TM-0470 siblings are other levels of detail and stay separate models)",SI MASS DEG PA C J,34/34,,added,CSL-0073
TM-0473,thermo_models,Model data bank/AHU_Components/Heating_Coil/HeatingCoil_PARAMID_REFERENCE_MODEL_SB080317.zip!/HeatingCoil_PARAMID_REFERENCE_EES_MODEL_SB080317.EES,,Heating coil parameter-identification model (PARAMID reference),"Identifies the heating-coil model parameters from a measured performance point (epsilon-NTU, humid air).",hvac_psychrometrics,steady,2,en,ees,X7.888,95,25,PSYCH,-;C;Pa;W;m^3/h;kg/s,AirH2O;Water,3,DG-0114,no,medium,own,Stéphane Bertagnolio,"companion of TM-0474; model bank 2008-03-17; inside zip archive (not extracted): HeatingCoil_PARAMID_REFERENCE_MODEL_SB080317.zip; near-duplicate/variant of TM-0474 (Jaccard 0.72); carries the lab disclaimer 'freely distributed, may not be sold, cite origin'; EES ID stamp: J. Lebrun lab licence (ULiege)",SI MASS DEG PA C J,39/39,,todo,
TM-0474,thermo_models,Model data bank/AHU_Components/Heating_Coil/HeatingCoil_REFSIM_MODEL_SB080317.zip!/HEATINGCOIL_REFSIM_EES_MODEL_SB080317.EES,,Heating coil reference simulation model (RefSim),"Reference model of an air heating coil with water (epsilon-NTU), humid-air properties.",hvac_psychrometrics,steady,1,en,ees,X7.888,115,30,PSYCH,Pa;C;m^3/h;-;K/W;W;kg/s,AirH2O;Water,3,DG-0114,yes,high,own,Stéphane Bertagnolio,"model bank 2008-03-17; author S. Bertagnolio; inside zip archive (not extracted): HeatingCoil_REFSIM_MODEL_SB080317.zip; representative of 2-file duplicate group; carries the lab disclaimer 'freely distributed, may not be sold, cite origin'; EES ID stamp: J. Lebrun lab licence (ULiege)",SI MASS DEG PA C J,48/48,,todo,
TM-0475,thermo_models,Model data bank/AHU_Components/Humidifiers/Adiabatic_Humidifier_RefSim_Model_NFJL080103.zip!/Adiabatic_Humidifier_SimRef_EES_Model_NFJL080103.EES,,Adiabatic humidifier simplified model (humidification effectiveness),"Simplified model for adiabatic humidification: AU_hum, effectiveness, exit air temperature and humidity, evaporated water; control-panel inputs/outputs.",hvac_psychrometrics,steady,1,en,ees,X7.793,86,15,PSYCH,kg/s,AirH2O,3,,yes,wave1,own,Jean Lebrun,"model bank 2008-01-03; author J. Lebrun; listed as IEA A43 PR2 A10 reference model; inside zip archive (not extracted): Adiabatic_Humidifier_RefSim_Model_NFJL080103.zip; carries the lab disclaimer 'freely distributed, may not be sold, cite origin'; EES ID stamp: J. Lebrun lab licence (ULiege); added as CSL-0070: no duplicate group (zip holds a compiled EXE only, no sibling ParamID file in the collection)",SI MASS DEG PA C J,29/29,,added,CSL-0070
TM-0476,thermo_models,Model data bank/AHU_Components/Recovery_Systems/GLYCOLRECOVERYLOOP_REFSIM_EES_MODEL_SB080116.zip!/GLYCOLRECOVERYLOOP_RefSim_EES_Model_SB080116.EES,Brineprop.lib,"Air-to-air glycol run-around heat-recovery loop (epsilon-NTU coils, Braun hypothesis, pump)","Two coils linked by a glycol loop and pump, epsilon-NTU model under Braun's hypothesis, parameter panel through Diagram Window.",hvac_psychrometrics,steady,3,en,ees,X7.888,423,148,CALL;PSYCH,C;-;W;kg/s;K/W;J/h-K;m^3/h;J/kg-K,AirH2O;EG,3,DG-0076,no,low,own,Stéphane Bertagnolio,"author S. Bertagnolio (2008-01-10); 3 versions incl. the zipped RefSim; needs Brineprop library (TM-0479/0480); inside zip archive (not extracted): GLYCOLRECOVERYLOOP_REFSIM_EES_MODEL_SB080116.zip; near-duplicate/variant of TM-0321 (Jaccard 0.99); carries the lab disclaimer 'freely distributed, may not be sold, cite origin'; EES ID stamp: J. Lebrun lab licence (ULiege)",SI MASS DEG PA C J,144/144,parametric:Table 1(179x2),todo,
TM-0477,thermo_models,Model data bank/AHU_Components/Recovery_Systems/GLYCOLRECOVERYLOOP_REFSIM_EES_MODEL_SB080116.zip!/UserLib/BrineProp/Brine1.lkt,,Lookup table: brine (glycol) property data 1,Binary EES lookup table with secondary-refrigerant property data used by the Brineprop library.,properties,unknown,1,none,lkt,W4.631,0,0,,,,0,,yes,low,own,ULiege Thermodynamics Lab (J. Lebrun et al.),"zipped in UserLib/BrineProp; EES 4.631 format; inside zip archive (not extracted): GLYCOLRECOVERYLOOP_REFSIM_EES_MODEL_SB080116.zip; binary lookup table; strings: Column1wÿÿÿÿPý"" / 8?VBH5 / Xdt@ / ktb!",,,,todo,
TM-0478,thermo_models,Model data bank/AHU_Components/Recovery_Systems/GLYCOLRECOVERYLOOP_REFSIM_EES_MODEL_SB080116.zip!/UserLib/BrineProp/Brine2.lkt,,Lookup table: brine (glycol) property data 2,Binary EES lookup table with secondary-refrigerant property data used by the Brineprop library.,properties,unknown,1,none,lkt,W4.631,0,0,,,,0,,yes,low,own,ULiege Thermodynamics Lab (J. Lebrun et al.),"zipped in UserLib/BrineProp; EES 4.631 format; inside zip archive (not extracted): GLYCOLRECOVERYLOOP_REFSIM_EES_MODEL_SB080116.zip; binary lookup table; strings: Column1wÿÿÿÿPý"" / Column2wÿÿÿÿPý""",,,,todo,
TM-0479,thermo_models,Model data bank/AHU_Components/Recovery_Systems/GLYCOLRECOVERYLOOP_REFSIM_EES_MODEL_SB080116.zip!/UserLib/BrineProp/Brineprop.lib,Brine1.lkt;Brine2.lkt,"BrineProp library: thermophysical properties of secondary refrigerants (glycols, brines) vs temperature and concentration","EES library procedures (Brineprop, Brineprop2) returning density, specific heat, conductivity, dynamic viscosity and freezing point of aqueous secondary refrigerants (ethylene glycol EG, propylene glycol PG, ethanol EA, methanol MA, glycerol GL, ammonia NH3, K2CO3, CaCl2) via coefficient lookups; used by several model-bank models.",properties,function,2,en,lib,,148,2,PROCEDURE;CALL;LOOKUP;ARRAYS,%,EG;PG;NH3,1,DG-0115,yes,high,own,ULiege Thermodynamics Lab (J. Lebrun et al.),"2-file family (Brineprop.lib, Brineprop2.LIB); companion tables Brine1/Brine2.lkt; incompressible-brine properties could map to CoolProp incompressible fluids; inside zip archive (not extracted): GLYCOLRECOVERYLOOP_REFSIM_EES_MODEL_SB080116.zip; representative of 2-file duplicate group; calls external/built-in procedures: error; added as CSL-0079 brineprop_secondary_refrigerants (fundamentals/properties, function): native file blocked by CS-GAP-ELSEIF-CHAIN, CS-GAP-UPPERCASE, CS-GAP-STRING-ARRAY and CS-GAP-LOOKUP-PROC, runnable _coolsolve variant verified against the EES stored solution of the glycol loop model TM-0476 (max rel diff 4.77e-10)",,,,added,CSL-0079
TM-0480,thermo_models,Model data bank/AHU_Components/Recovery_Systems/GLYCOLRECOVERYLOOP_REFSIM_EES_MODEL_SB080116.zip!/UserLib/BrineProp/Brineprop2.LIB,Brine1.lkt;Brine2.lkt,"BrineProp library: thermophysical properties of secondary refrigerants (glycols, brines) vs temperature and concentration","EES library procedures (Brineprop, Brineprop2) returning density, specific heat, conductivity, dynamic viscosity and freezing point of aqueous secondary refrigerants (ethylene glycol EG, propylene glycol PG, ethanol EA, methanol MA, glycerol GL, ammonia NH3, K2CO3, CaCl2) via coefficient lookups; used by several model-bank models.",properties,function,2,en,lib,,144,0,PROCEDURE;CALL;LOOKUP;CONVERT;ARRAYS,%,EG;PG;NH3,1,DG-0115,no,low,own,ULiege Thermodynamics Lab (J. Lebrun et al.),"2-file family (Brineprop.lib, Brineprop2.LIB); companion tables Brine1/Brine2.lkt; incompressible-brine properties could map to CoolProp incompressible fluids; inside zip archive (not extracted): GLYCOLRECOVERYLOOP_REFSIM_EES_MODEL_SB080116.zip; near-duplicate/variant of TM-0479 (Jaccard 0.62); calls external/built-in procedures: error; merged into CSL-0079: second-generation procedure BRINEPROP2 of the same library, same Brine1/Brine2 tables and same polynomial as TM-0479 but a different signature, SI output units and an extra Prandtl number - equation diff non-identical, described in the CSL-0079 README and to be added to its folder by a follow-up card",,,,merged,CSL-0079
TM-0481,thermo_models,Model data bank/Compressors/SCROLLCOMPRESSOR_REFSIM_MODEL_VL080228.zip!/scrollCompressor_RefSim_EES_Model_VL080228.EES,,"Scroll compressor reference model (Winandy et al.): heating-up, internal leakage, internal compression ratio, electromechanical losses",Hermetic scroll compressor with few physically meaningful parameters identified from Copeland catalogue data (ZR72KC-TFD); nomenclature table; companion of TM-0482 (discharge valve).,compressors,steady,2,en,ees,X7.888,283,107,,W/K;W;-;tr/min;m3/h,R22,3,DG-0116,yes,wave1,own,Vincent Lemort,"author V. Lemort (2008-02-29); inside zip archive (not extracted): SCROLLCOMPRESSOR_REFSIM_MODEL_VL080228.zip; representative of 2-file duplicate group; carries the lab disclaimer 'freely distributed, may not be sold, cite origin'; EES ID stamp: J. Lebrun lab licence (ULiege)",SI MASS DEG PA C J,1228/1230,,added,CSL-0007
TM-0482,thermo_models,Model data bank/Compressors/SCROLLCOMPRESSORWITHREEDVALVE_REFSIM_MODEL_VL080229.zip!/scrollCompressorWithReedValve_RefSim_EES_Model_VL080229.EES,,Scroll compressor with discharge (reed) valve reference model,Extends the Winandy scroll model with a discharge valve and clearance volume; parameters from Copeland ZH15K4E-TFD catalogue; R407C.,compressors,steady,3,en,ees,X7.888,295,114,,W/K;W;-;tr/min;m3/h,R407C,3,DG-0116,no,high,own,Vincent Lemort,"author V. Lemort (2008-02-19); member of the scroll-compressor group with TM-0481; inside zip archive (not extracted): SCROLLCOMPRESSORWITHREEDVALVE_REFSIM_MODEL_VL080229.zip; near-duplicate/variant of TM-0481 (Jaccard 0.81); carries the lab disclaimer 'freely distributed, may not be sold, cite origin'; EES ID stamp: J. Lebrun lab licence (ULiege)",SI MASS DEG PA C J,1225/1227,parametric:Table 1(80x41),todo,
TM-0483,thermo_models,Model data bank/Distribution_Systems/Ducts/Return_Duct_Simplified_Model_JL080317.zip!/Return_Duct_Simplified_EES_Model_JL080317.EES,,Return duct simplified model (curve-fit pressure drop and heat gain),"Simplified air duct model obtained from a parametric study of the reference duct model: curve-fit pressure drop law vs flow rate and temperature rise, condensation excluded.",valves_nozzles_piping,steady,1,en,ees,X7.888,27,15,,-;kg/s;Pa,,1,,yes,medium,own,Jean Lebrun,author J. Lebrun (JL080317); IEA A43 PR2 A12 context; inside zip archive (not extracted): Return_Duct_Simplified_Model_JL080317.zip; EES ID stamp: J. Lebrun lab licence (ULiege),SI MASS DEG PA C J,20/20,,todo,
TM-0484,thermo_models,Model data bank/Distribution_Systems/Ducts/Return_Duct_Simplified_ParamID_Model_JL080317.zip!/Return_Duct_ParamID_EES_Model_JL080317.EES,,Return duct parameter-identification model (parametric study and curve fits),Reference duct model used to generate the parametric study from which the simplified model coefficients (e.g. DELTAp ~ M^1.89) are fitted; humid-air properties.,valves_nozzles_piping,steady,2,en,ees,X7.888,202,96,PSYCH,-;m;Pa;C;kg/s;W/(m^2*K);W/(m*K),AirH2O,3,,yes,medium,own,Jean Lebrun,author J. Lebrun (JL080317); inside zip archive (not extracted): Return_Duct_Simplified_ParamID_Model_JL080317.zip; EES ID stamp: J. Lebrun lab licence (ULiege),SI MASS DEG PA C J,107/107,,todo,
TM-0485,thermo_models,Model data bank/Distribution_Systems/Fans/CENTRIFUGAL_FAN_PARAMID_REFERENCE_MODEL_ARJL080121.zip!/Centrifugal_Fan_ParamID_Reference_EES_Model_ARJL080121.EES,,Centrifugal fan parameter-identification model (ParamID reference),"Identification of the dimensionless fan model (flow factor, pressure factor, power factor) from catalogue/measured points; humid-air properties.",pumps_fans,steady,2,en,ees,X7.966,393,93,PSYCH,-;Pa;m^3/h;m/s;C;rev/min;m;m2,AirH2O,3,,yes,high,own,Vlad Teodorese; Andrés Rodríguez; Jean Lebrun (reviewer),"model bank 2008-03-18; authors V. Teodorese, A. Rodriguez (reviewed by J. Lebrun); companion of TM-0251; inside zip archive (not extracted): CENTRIFUGAL_FAN_PARAMID_REFERENCE_MODEL_ARJL080121.zip; stored as RTF; carries the lab disclaimer 'freely distributed, may not be sold, cite origin'; EES ID stamp: J. Lebrun lab licence (ULiege)",SI MASS DEG PA C J,113/114,,todo,
TM-0486,thermo_models,Model data bank/Distribution_Systems/Pumps/Centrifugal_Brine_Pump_Reference_ParamID_Model_VTJLVL080219.zip!/Centrifugal_Brine_Pump_ParamID_EES_Model_VTJLVL080219.EES,,Centrifugal brine pump and network parameter-identification model,Identifies pump polynomial/dimensionless curves and hydraulic network parameters from measurements.,pumps_fans,steady,2,en,ees,X7.888,224,68,CALL,,,3,,yes,medium,own,Vincent Lemort; Vlad Teodorese; Jean Lebrun,"model bank 2008-02-18; author V. Lemort (file tag VTJLVL: V. Teodorese, J. Lebrun); inside zip archive (not extracted): Centrifugal_Brine_Pump_Reference_ParamID_Model_VTJLVL080219.zip; needs library: brineprop -> Brineprop.lib (TM-0479); sibling of TM-0487 (RefSim imported as CSL-0072): different level of detail (ParamID level 2) so a separate model, still todo; carries the lab disclaimer 'freely distributed, may not be sold, cite origin'; EES ID stamp: J. Lebrun lab licence (ULiege)",SI MASS DEG PA C J,100/100,,todo,
TM-0487,thermo_models,Model data bank/Distribution_Systems/Pumps/Centrifugal_Brine_Pump_Refsim_Model_VTJLVL080219.zip!/Centrifugal_Brine_Pump_RefSim_EES_Model_VTJLVL080219.EES,,Centrifugal brine pump simulation model (RefSim),Reference simulation model of a centrifugal pump on a hydraulic network (pump + network characteristic).,pumps_fans,steady,1,en,ees,X7.888,100,16,CALL,,,3,,yes,wave1,own,Vincent Lemort; Vlad Teodorese; Jean Lebrun,"model bank 2008-02-18; author V. Lemort; inside zip archive (not extracted): Centrifugal_Brine_Pump_Refsim_Model_VTJLVL080219.zip; needs library: brineprop -> Brineprop.lib (TM-0479); carries the lab disclaimer 'freely distributed, may not be sold, cite origin'; EES ID stamp: J. Lebrun lab licence (ULiege); imported as CSL-0072: native file blocked by 5 CoolSolve gaps, runnable _coolsolve variant verified vs stored solution (max rel diff 6.4e-08)",SI MASS DEG PA C J,34/44,,added,CSL-0072
TM-0488,thermo_models,Model data bank/Heat_and_Cool_Production_Systems/Cool_Production_by_vapor_Compression/AirCooledChiller_RefSim_Model_VTJL080104.zip!/AirCooledChiller_RefSim_EES_Model_VTJL080104.EES,,"Air-cooled water chiller reference model: rotary compressors in cascade, condenser fan control","Air-water chiller with one or several compressors in cascade, condenser fan controlling an almost constant condensing temperature; 7 outputs, 8 inputs and 21 parameters; humid-air properties.",refrigeration_heat_pumps,steady,2,en,ees,X7.793,326,88,PSYCH,-;K/W;C;J/kg;W;W/K;kg/s;m^3/s,AirH2O,3,,yes,wave1,own,Vlad Teodorese; Jean Lebrun,"model bank 2008-01-04; authors V. Teodorese, J. Lebrun; IEA A43 PR2 A15 reference model; inside zip archive (not extracted): AirCooledChiller_RefSim_Model_VTJL080104.zip; carries the lab disclaimer 'freely distributed, may not be sold, cite origin'; EES ID stamp: J. Lebrun lab licence (ULiege) | added as CSL-0077 aircooled_chiller_refsim (cycles/refrigeration_heat_pumps, steady, level 2, verified against the solution printed in the equations window of the source file, the stored variable records being cleared; max rel diff 6.16e-03 on C_dot_su_cp, the 11 deviations all being the R22 specific heat of EES 7.793 vs CoolProp); the 8 inputs and 21 parameters of the control panel are written as input assignments, the input list of the source naming P_atm and M_dot_w_su_ev where its own equations use P_a and M_dot_w_ev; needs the shipped .initials (the 62-variable compressor block is singular without guesses); no duplicate group and no ParamID/simplified sibling in the model bank (TM-0099/0102/0103 are the earlier Laborelec MSTh R6 chiller exercises, left todo)",SI MASS DEG PA C J,37/117,,added,CSL-0077
TM-0489,thermo_models,Model data bank/Heat_and_Cool_Production_Systems/Cooling_Towers/CoolingTower_RefSim_model_CASJL080104.zip!/CoolingTower_RefSim_EES_model_CASJL080104.EES,,Direct-contact cooling tower reference model,"Cooling tower based on the wet-coil theory: air-side pressure drop depends on water flow, over-pressure depends on fan speed, heat transfer coefficient depends on air and water flows; 6 outputs, 6 inputs, 10 parameters.",hvac_psychrometrics,steady,2,en,ees,X7.793,217,42,PSYCH,-;W/K;kg/s;C;m^2;m/s;Pa;m^3/kg,AirH2O,3,,yes,wave1,own,Cleide Da Silva; Jean Lebrun,"model bank 2008-01-04; authors C. Da Silva, J. Lebrun; IEA A43 PR2 A16 reference model; inside zip archive (not extracted): CoolingTower_RefSim_model_CASJL080104.zip; similar but not grouped: TM-0294 (J=0.49); carries the lab disclaimer 'freely distributed, may not be sold, cite origin'; EES ID stamp: J. Lebrun lab licence (ULiege) | added as CSL-0076 cooling_tower_direct_contact_refsim (hvac/cooling_towers, steady, level 2, verified vs the EES stored solution, max rel diff 4.51e-03 on the supply humidity ratio, all 13 deviations being EES 7.793 vs CoolProp humid-air properties); the raw extraction cannot be parsed by CoolSolve (display strings opening at the end of a line, CS-BUG-MULTILINE-COMMENT-START) so the equations were transcribed from it, comments one per line; no duplicate group and no ParamID/simplified sibling in the model bank (TM-0292/0293/0294 are the earlier Laborelec 2002 tower models, left todo)",SI MASS DEG PA C J,64/64,,added,CSL-0076
TM-0490,thermo_models,Model data bank/Heat_and_Cool_Production_Systems/Ground_Heat_Exchangers/VerticalGHES_EXE_Model_SB080213.zip!/VerticalGHES_RefSim_EES_Model_SB080213.EES,,Vertical ground-loop heat exchanger (borefield) model with heat pump: g-function superposition over years,"Time-dependent borefield simulation with cylindrical heat source G-function (Cooper 1976), superposition of day/week/month/rest load histories (INTEGRALVALUE), Nusselt correlations (Sieder-Tate, Gnielinski, Dittus-Boelter) in PROCEDUREs and FUNCTIONs, IntegralTable output.",solar_renewables,dynamic,3,en,ees,X7.888,381,50,FUNCTION;PROCEDURE;CALL;INTEGRAL,-;m;W;W/m-K;C;h;Pa-s;kg/s,,3,,yes,wave1,own,Stéphane Bertagnolio,model bank 2008-02-12 (author S. Bertagnolio); dynamic multi-year simulation; 50 equations + 138 procedure lines; inside zip archive (not extracted): VerticalGHES_EXE_Model_SB080213.zip; EES ID stamp: J. Lebrun lab licence (ULiege),SI MASS DEG PA C J,86/86,,todo,
TM-0491,thermo_models,Model data bank/Heat_and_Cool_Production_Systems/Heat_Production_by_Combustion/BoilerWithModulatingBurner_RefSim_Model_SB080212.zip!/BoilerWithModulatingBurner_RefSim_EES_Model_SB080212.EES,,Boiler with modulating burner: steady-state combustion and heat-exchange reference model,"Steady-state boiler model for modulating regime: combustion reference model (complete/incomplete), gas-water exchanger, water-environment exchanger, efficiency; MODULEs and PROCEDUREs.",combustion_boilers,steady,3,en,ees,X7.888,289,109,PROCEDURE;CALL;MODULE;LOOKUP,-;C;W;J/kg-K;l/h;W/K;kg/s;kg/m^3,,3,,yes,high,own,Stéphane Bertagnolio,"model bank 2008-02-12; author S. Bertagnolio; needs cpbar (TM-0253); inside zip archive (not extracted): BoilerWithModulatingBurner_RefSim_Model_SB080212.zip; needs library: cpbar -> CombCmHn_SI_PNG2003_V2.LIB (TM-0253); carries the lab disclaimer 'freely distributed, may not be sold, cite origin'; EES ID stamp: J. Lebrun lab licence (ULiege)",SI MASS DEG PA C J,116/116,parametric:table1(11840x2),todo,
TM-0492,thermo_models,Model data bank/Heat_and_Cool_Production_Systems/Heat_Production_by_Combustion/CLASSICAL_ONOFF_BOILER_SIMULATION_REFERENCE_MODEL_SBJL080212.zip!/CLASSICAL_ONOFF_BOILER_SIMULATION_REFERENCE_EES_MODEL_SBJL080212.EES,,Classical fuel-oil heating boiler with ON/OFF control: simulation reference model,"Fuel-oil boiler steady model with burner on/off control, combustion products via cpbar, results written by a procedure; lookup data.",combustion_boilers,steady,2,en,ees,X7.888,131,41,PROCEDURE;CALL;LOOKUP,C;-;W;W/K;l/h;kg/s;kg/m^3;J/(kg*K),,3,,yes,wave1,own,Jean Lebrun; Stéphane Bertagnolio,"model bank 2008-01-10; authors J. Lebrun, S. Bertagnolio; needs cpbar (TM-0253); inside zip archive (not extracted): CLASSICAL_ONOFF_BOILER_SIMULATION_REFERENCE_MODEL_SBJL080212.zip; similar but not grouped: TM-0493 (J=0.58); needs library: cpbar -> CombCmHn_SI_PNG2003_V2.LIB (TM-0253); carries the lab disclaimer 'freely distributed, may not be sold, cite origin'; EES ID stamp: J. Lebrun lab licence (ULiege)",SI MASS DEG PA C J,62/62,,merged,CSL-0006
TM-0493,thermo_models,Model data bank/Heat_and_Cool_Production_Systems/Heat_Production_by_Combustion/CLASSICALBOILER_PARAM_IDENTIFICATION_MODEL_SBJL080212.zip!/BOILER_PARAM_IDENTIFICATION_EES_MODEL_SBJL080212.EES,,Classical fuel-oil boiler parameter-identification model from nominal point,Identification of boiler model parameters from nominal-point data (reference model).,combustion_boilers,steady,2,en,ees,X7.888,84,45,CALL,C;-;W;J/kg-K;W/K;l/h;kg/m^3;J/(kg*K),,1,,yes,medium,own,Stéphane Bertagnolio; Jean Lebrun,"model bank 2008-01-10; authors J. Lebrun, S. Bertagnolio; inside zip archive (not extracted): CLASSICALBOILER_PARAM_IDENTIFICATION_MODEL_SBJL080212.zip; similar but not grouped: TM-0492 (J=0.58); needs library: cpbar -> CombCmHn_SI_PNG2003_V2.LIB (TM-0253); EES ID stamp: J. Lebrun lab licence (ULiege)",SI MASS DEG PA C J,66/66,,todo,
TM-0494,thermo_models,Model data bank/Heat_and_Cool_Production_Systems/Heat_Production_by_Combustion/CondensingBoiler_RefSim_Model_VLAR080109.zip!/CondensingBoiler_RefSim_EES_Model_VLAR080109.EES,,"Condensing boiler reference model: five-step combustion, dry and wet gas-water exchangers","Adiabatic combustion chamber with five fictitious processes (air and fuel to 25 C, stoichiometric combustion, CO2-CO dissociation for air default, heating of products) followed by counter-flow dry gas-water exchanger (epsilon-NTU), wet gas-water exchanger and water-environment exchanger; FUNCTIONs, PROCEDUREs and a SUBPROGRAM; extensively documented (2158 comment words).",combustion_boilers,steady,3,en,ees,X7.888,831,222,FUNCTION;PROCEDURE;CALL;SUBPROGRAM;PSYCH;INCLUDE,C;J/kg;-;W;kg/s;J/kg-K;g/gmol;Pa,AirH2O;CO2;H2O;O2;N2;Air;Methane;CH4,3,,yes,wave1,own,Vincent Lemort; Andrés Rodríguez,"model bank 2008-01-09; authors V. Lemort, A. Rodriguez; $INCLUDE of external library lines in the file; inside zip archive (not extracted): CondensingBoiler_RefSim_Model_VLAR080109.zip; stored as RTF; carries the lab disclaimer 'freely distributed, may not be sold, cite origin'; EES ID stamp: J. Lebrun lab licence (ULiege)",SI MASS DEG PA C J,243/258,parametric:Table 1(17x9),todo,
TM-0495,thermo_models,Model data bank/Heat_and_Cool_Production_Systems/Heat_Production_by_Vapor_Compression/BrinetoWaterHeatPump_RefSim_Model_VL080108.zip!/BrinetoWaterHeatPump_RefSim_EES_Model_VL080108.EES,,"Brine-to-water heat pump reference model: scroll compressor, brine evaporator, water condenser (R407C)","Ground-source heat pump with scroll compressor model, brine evaporator (propylene glycol) and water condenser; nomenclature table, control-panel inputs/outputs/parameters.",refrigeration_heat_pumps,steady,2,en,ees,X7.888,289,112,CALL,C;kg/s;K/W;W;W/K;Pa;-;tr/min,R407C;Water;PG,3,,yes,wave1,own,Vincent Lemort,"model bank 2008-01-08; author V. Lemort; inside zip archive (not extracted): BrinetoWaterHeatPump_RefSim_Model_VL080108.zip; stored as RTF; needs library: brineprop -> Brineprop.lib (TM-0479); carries the lab disclaimer 'freely distributed, may not be sold, cite origin'; EES ID stamp: J. Lebrun lab licence (ULiege)",SI MASS DEG PA C J,142/146,,todo,
TM-0496,thermo_models,Model data bank/Heat_Exchangers/Single_Phase_plate_HEX/PLATE_HEX_REFSIM_MODEL_SQ080321.zip!/Plate_HEX_RefSim_EES_Model_SQ080321.EES,,"Single-phase plate heat exchanger thermal-resistance model (Martin correlation), RefSim version",Later (2008-03-21) version of the plate-HEX heat-transfer-coefficient model: geometry and fluid properties give the thermal resistance via Martin's correlation.,heat_transfer,steady,1,en,ees,X7.991,162,10,PROCEDURE;CALL,m;m^2;m/s;W/K-m;-,,3,,yes,medium,own,Stéphane Bertagnolio; Sylvain Quoilin,"authors S. Bertagnolio, S. Quoilin; related to TM-0319 (earlier SB080104 version); inside zip archive (not extracted): PLATE_HEX_REFSIM_MODEL_SQ080321.zip; EES ID stamp: J. Lebrun lab licence (ULiege)",SI MASS DEG PA C J,27/27,,todo,
TM-0497,thermo_models,modeles/JL/new/reciprocating JL080205.zip!/reciprocating JL080205/3_2_1_Identiication.EES,,Piston compressor reference model: identification (R22),Identification file (3_2_1) of the piston compressor model with internal leakage.,refrigeration_heat_pumps,steady,2,en,ees,X6.395,293,97,LOOKUP,,R22,3,DG-0117,no,low,own,ULiege Thermodynamics Lab,"author J. Lebrun (JL080205); 3-file family (identification, simulation, polynomial modelling); inside zip archive (not extracted): reciprocating JL080205.zip; near-duplicate/variant of TM-0499 (Jaccard 0.59)",SI MASS DEG BAR C KJ,92/92,,todo,
TM-0498,thermo_models,modeles/JL/new/reciprocating JL080205.zip!/reciprocating JL080205/3_2_2_Simulation.EES,,Piston compressor reference model: simulation in a refrigeration cycle (R22),Simulation file (3_2_2) of the piston compressor model.,refrigeration_heat_pumps,steady,2,en,ees,X6.395,302,97,,,R22,3,DG-0117,no,low,own,ULiege Thermodynamics Lab,"author J. Lebrun (JL080205); 3-file family (identification, simulation, polynomial modelling); inside zip archive (not extracted): reciprocating JL080205.zip; near-duplicate/variant of TM-0499 (Jaccard 0.83); similar but not grouped: TM-0279 (J=0.48)",SI MASS DEG BAR C KJ,109/109,,todo,
TM-0499,thermo_models,modeles/JL/new/reciprocating JL080205.zip!/reciprocating JL080205/3_2_3_Polynomial_modelling.EES,,Piston (reciprocating) compressor reference model in a refrigeration cycle (R22): identification and polynomial laws,Semi-empirical piston compressor model with internal leakage and polynomial laws identified from data; cycle closure with R22.,refrigeration_heat_pumps,steady,2,en,ees,X6.395,343,101,,kJ/kg;C;bar;kJ/kg-K;m^3/kg;kW;+273.15,R22,3,DG-0117,yes,high,own,ULiege Thermodynamics Lab,"author J. Lebrun (JL080205); 3-file family (identification, simulation, polynomial modelling); inside zip archive (not extracted): reciprocating JL080205.zip; representative of 3-file duplicate group; similar but not grouped: TM-0279 (J=0.47)",SI MASS DEG BAR C KJ,102/102,,todo,
TM-0500,thermo_models,modeles/JL/new/reciprocating JL080205.zip!/reciprocating JL080205/3_2_4_Use_of_polynomial_model.EES,,"Identification of polynomial laws, continued: influence of condensing temperature (comment-only file)",Text-only notes on regression of polynomial laws (no equations).,compressors,unknown,1,en,ees,X6.395,11,0,,,,1,,yes,skip,own,ULiege Thermodynamics Lab,no equations; part of the JL080205 reciprocating compressor set; inside zip archive (not extracted): reciprocating JL080205.zip,SI MASS DEG BAR C KJ,6/6,parametric:Table 2(76x2),todo,
TM-0501,thermo_models,thermodynamique appliquee/2017-2018/THD10_R01.zip!/THD10_R01/SBertagnolio/THD09_R01_Ex01_SB090203.EES,,"Rigid tank with liquid-vapour water mixture (example 3.3, 2009)",1 m3 tank with 4 kg of water at given pressure: liquid/vapour masses.,fundamentals,steady,1,fr,ees,X7.888,38,15,,m^3/kg;Exemple3.3.;m^3;kg;Pa,Water,2,,yes,low,own,Stéphane Bertagnolio,THD09 course solution by S. Bertagnolio (2009-02-03); French statement; inside zip archive (not extracted): THD10_R01.zip; EES ID stamp: J. Lebrun lab licence (ULiege),SI MASS DEG PA C J,14/14,,todo,
TM-0502,thermo_models,thermodynamique appliquee/2017-2018/THD10_R01.zip!/THD10_R01/SBertagnolio/THD09_R01_Ex02_SB090203.EES,,"CO2 tank at 35 C and 2 MPa: ideal-gas error (exercise 3.9, 2009)",200 L tank of CO2: gas mass and ideal-gas percentage error.,fundamentals,steady,1,fr,ees,X7.888,22,10,,Exercice3.9.;m^3;C;Pa;+273.15,CarbonDioxide,1,,yes,low,own,Stéphane Bertagnolio,THD09 solution by S. Bertagnolio; inside zip archive (not extracted): THD10_R01.zip; EES ID stamp: J. Lebrun lab licence (ULiege),SI MASS DEG PA C J,9/9,,todo,
TM-0503,thermo_models,thermodynamique appliquee/2017-2018/THD10_R01.zip!/THD10_R01/SBertagnolio/THD09_R01_Ex03_SB090203.EES,,"Liquid methane tank: vaporised mass (exercise 3.31, 2009)",Methane tank with 0.5 m2 section; use fluid 'methane' not 'CH4'.,fundamentals,steady,1,fr,ees,X7.888,20,9,,Exercice3.31;m^2;m;s;+273.15,Methane,2,,yes,low,own,Stéphane Bertagnolio,THD09 solution by S. Bertagnolio; inside zip archive (not extracted): THD10_R01.zip; EES ID stamp: J. Lebrun lab licence (ULiege),SI MASS DEG PA C J,9/9,,todo,
TM-0504,thermo_models,thermodynamique appliquee/2017-2018/THD10_R01.zip!/THD10_R01/SBertagnolio/THD09_R01_Ex04_SB090203.EES,,"Two tanks connected by a valve with R12 (exercise 3.33, 2009)","Two 200 L tanks A and B, final equilibrium state of R12.",fundamentals,steady,1,fr,ees,X7.888,32,16,,m^3;Exercice3.33;C,R12,2,,yes,low,own,Stéphane Bertagnolio,THD09 solution by S. Bertagnolio; inside zip archive (not extracted): THD10_R01.zip; EES ID stamp: J. Lebrun lab licence (ULiege),SI MASS DEG PA C J,15/15,,todo,
TM-0505,thermo_models,thermodynamique appliquee/2017-2018/THD10_R01.zip!/THD10_R01/SBertagnolio/THD09_R01_Ex05_SB090203.EES,,"Vertical piston-cylinder with stops containing air (exercise 3.3, 2009)","Air in a cylinder closed by a frictionless piston with stops: temperature at stops, cooling.",fundamentals,steady,1,fr,ees,X7.888,38,15,,m;C;Exercice3.3.;m^2;Pa,Air,2,,yes,low,own,Stéphane Bertagnolio,THD09 solution by S. Bertagnolio; inside zip archive (not extracted): THD10_R01.zip; EES ID stamp: J. Lebrun lab licence (ULiege),SI MASS DEG PA C J,15/15,,todo,
TM-0506,thermo_models,thermodynamique appliquee/2017-2018/THD10_R01.zip!/THD10_R01/SBorguet/R1_E1_borguet.EES,,Rigid tank with liquid-vapour water mixture: liquid and vapour masses and volumes (exercise 3.3),"4 kg of water in 1 m3 at given pressure: quality, volume fractions of liquid and vapour. Well documented French solution.",fundamentals,steady,1,fr,ees,X8.198,32,12,,m^3;kg;kPa,Water,2,DG-0088,no,low,own,"ULiege THD course (S. Bertagnolio, S. Borguet)","4-file family incl. the 2017 Borguet version and a zipped copy; the 2009 Bertagnolio version is TM-0501; inside zip archive (not extracted): THD10_R01.zip; near-duplicate/variant of TM-0378 (Jaccard 0.60); EES ID stamp: ULiege Thermodynamics Lab student/staff licence; merged into CSL-0044: same exercise + extra question c (p for saturated vapour at v=0.25 m3/kg -> 767.5 kPa, in model README) and different solution path",SI MASS DEG KPA C KJ +decimal-comma,12/12,,merged,CSL-0044
TM-0507,thermo_models,thermodynamique appliquee/2017-2018/THD10_R01.zip!/THD10_R01/SBorguet/R1_E2_borguet.EES,,CO2 tank at 35 C and 2 MPa: gas mass and ideal-gas error (2017 Borguet),200 L CO2 tank: mass with real-gas properties vs ideal gas.,fundamentals,steady,1,fr,ees,X8.198,21,8,,m^3;C;kPa,CarbonDioxide;CO2,2,,yes,low,own,"ULiege THD course (S. Bertagnolio, S. Borguet)",2017 version by S. Borguet; later versions TM-0379; inside zip archive (not extracted): THD10_R01.zip; EES ID stamp: ULiege Thermodynamics Lab student/staff licence,SI MASS DEG KPA C KJ +decimal-comma,8/8,,todo,
TM-0508,thermo_models,thermodynamique appliquee/2017-2018/THD10_R01.zip!/THD10_R01/SBorguet/R1_E3_borguet.EES,,Liquid methane tank under heat input: vaporised mass (exercise 3.31),Methane tank at 500 kPa with 0.5 m2 section; mass changing phase; note to use fluid 'methane' not 'CH4'.,fundamentals,steady,1,fr,ees,X8.198,29,12,,kPa;m^2;m;s;m^3;+273.15,Methane,2,DG-0090,no,low,own,"ULiege THD course (S. Bertagnolio, S. Borguet)",4-file family; inside zip archive (not extracted): THD10_R01.zip; near-duplicate/variant of TM-0380 (Jaccard 0.85); EES ID stamp: ULiege Thermodynamics Lab student/staff licence,SI MASS DEG KPA C KJ +decimal-comma,12/12,,todo,
TM-0509,thermo_models,thermodynamique appliquee/2017-2018/THD10_R01.zip!/THD10_R01/SBorguet/R1_E4_2_borguet.EES,,"Two tanks connected by a valve with R12: equilibrium state, quality and liquid volume (exercise 3.33)","Two 200 L tanks A and B; initial quality, liquid volume, final equilibrium; two solution methods.",fundamentals,steady,1,fr,ees,X8.198,54,27,,m^3;C,R12,3,DG-0091,no,low,own,"ULiege THD course (S. Bertagnolio, S. Borguet)","5-file family (method_bis, 2017 Borguet versions); inside zip archive (not extracted): THD10_R01.zip; near-duplicate/variant of TM-0382 (Jaccard 0.93); EES ID stamp: ULiege Thermodynamics Lab student/staff licence; duplicate of CSL-0048: same 27 equations as TM-0382, only T_A written 25 [C] instead of 25[K]+273.15[K]; same stored results",SI MASS DEG KPA C KJ +decimal-comma,27/27,,duplicate,CSL-0048
TM-0510,thermo_models,thermodynamique appliquee/2017-2018/THD10_R01.zip!/THD10_R01/SBorguet/R1_E5_borguet.EES,,Vertical piston-cylinder with stops containing air (2017 Borguet),Temperature of air when the piston hits the stops and after cooling.,fundamentals,steady,1,fr,ees,X8.198,42,17,,C;m^2;kPa;m;+273.15,Air,2,,yes,low,own,"ULiege THD course (S. Bertagnolio, S. Borguet)","2017 version by S. Borguet; later versions TM-0400; inside zip archive (not extracted): THD10_R01.zip; similar but not grouped: TM-0406 (J=0.48), TM-0402 (J=0.48); EES ID stamp: ULiege Thermodynamics Lab student/staff licence",SI MASS DEG KPA C KJ +decimal-comma,17/17,,todo,
TM-0511,thermo_models,thermodynamique appliquee/2017-2018/THD10_R04.zip!/SBo/THD10_R04_E1.EES,,Inventor's claim for a refrigeration unit: check against the Carnot cycle,COP of an ideal Carnot refrigerator compared to the claimed value.,refrigeration_heat_pumps,steady,1,fr,ees,X8.423,22,5,,C;+273.15,,2,DG-0100,no,skip,own,"ULiege THD course (S. Bertagnolio, S. Borguet)",2 versions; inside zip archive (not extracted): THD10_R04.zip; identical equations to TM-0424; EES ID stamp: ULiege Thermodynamics Lab student/staff licence,SI MASS DEG KPA C KJ +decimal-comma,5/5,,todo,
TM-0512,thermo_models,thermodynamique appliquee/2017-2018/THD10_R04.zip!/SBo/THD10_R04_E2.EES,,"Refrigeration at -30 C driven by a heat engine from a reservoir (exercise 6.19, 2010)",Combined Carnot engine and refrigerator.,refrigeration_heat_pumps,steady,1,fr,ees,X8.423,51,10,,+273.15,,3,,yes,low,own,"ULiege THD course (S. Bertagnolio, S. Borguet)",2010 version by S. Borguet; later version TM-0425; inside zip archive (not extracted): THD10_R04.zip; similar but not grouped: TM-0425 (J=0.54); EES ID stamp: ULiege Thermodynamics Lab student/staff licence,SI MASS DEG KPA C KJ +decimal-comma,14/14,,todo,
TM-0513,thermo_models,thermodynamique appliquee/2017-2018/THD10_R04.zip!/SBo/THD10_R04_E3.EES,,"Heat pump heating a house in winter and cooling in summer (exercise 6.21, 2010)",Carnot heat pump electricity consumption in winter and summer.,buildings,steady,1,fr,ees,X8.423,54,12,,+273.15,,3,,yes,low,own,"ULiege THD course (S. Bertagnolio, S. Borguet)","2010 version; later version TM-0426; inside zip archive (not extracted): THD10_R04.zip; similar but not grouped: TM-0546 (J=0.47), TM-0426 (J=0.47); EES ID stamp: ULiege Thermodynamics Lab student/staff licence",SI MASS DEG KPA C KJ +decimal-comma,14/14,,todo,
TM-0514,thermo_models,thermodynamique appliquee/2017-2018/THD10_R04.zip!/SBo/THD10_R04_E4.EES,,"1 GW power plant with river cooling (exercise 6.22, 2010)",Steam plant sized for 1 GW with river cooling.,power_cycles_vapour,steady,1,fr,ees,X8.423,46,16,,kW;kPa;m^2;kg/m^3;kJ/kg*K;+273.15,Water;Steam,2,,yes,low,own,"ULiege THD course (S. Bertagnolio, S. Borguet)",2010 version; later version TM-0421; inside zip archive (not extracted): THD10_R04.zip; similar but not grouped: TM-0421 (J=0.57); EES ID stamp: ULiege Thermodynamics Lab student/staff licence,SI MASS DEG KPA C KJ +decimal-comma,24/24,,todo,
TM-0515,thermo_models,thermodynamique appliquee/2017-2018/THD10_R05.zip!/THD10_R05_E1.EES,,Argon compression in a piston-cylinder: polytropic/isothermal/adiabatic work,0.2 kg of argon at 100 kPa and 300 K compressed along different paths; ideal gas; ARRAYS.,fundamentals,steady,1,fr,ees,X8.423,113,39,ARRAYS,kPa;kg;kJ/kmol-K;+273.15,Ar,3,,yes,medium,own,"ULiege THD course (S. Bertagnolio, S. Borguet)",THD10 R05 E1 (2010); related to chapter 4/7 exercises; inside zip archive (not extracted): THD10_R05.zip; EES ID stamp: ULiege Thermodynamics Lab student/staff licence,SI MASS DEG KPA C KJ +decimal-comma,42/42,,todo,
TM-0516,thermo_models,thermodynamique appliquee/2017-2018/THD10_R05.zip!/THD10_R05_E2.EES,,Air compression from 70 C and 2 bar: single stage (60% isentropic efficiency) vs multi-stage with intercooling,Compares single-stage and multi-stage compression work and outlet temperatures for given discharge pressure.,compressors,steady,2,fr,ees,X8.423,85,46,ARRAYS,kPa;C;+273.15,Air,3,,yes,medium,own,"ULiege THD course (S. Bertagnolio, S. Borguet)",THD10 R05 E2 (2010); inside zip archive (not extracted): THD10_R05.zip; EES ID stamp: ULiege Thermodynamics Lab student/staff licence,SI MASS DEG KPA C KJ +decimal-comma,54/54,,todo,
TM-0517,thermo_models,thermodynamique appliquee/2017-2018/THD10_R05.zip!/THD10_R05_E3.EES,,Steam turbine power plant (Rankine cycle) with turbine analysis,"Basic Rankine plant: turbine power from first law, cycle efficiency.",power_cycles_vapour,steady,1,fr,ees,X8.423,79,30,ARRAYS,kPa;C,Water,3,,yes,medium,own,"ULiege THD course (S. Bertagnolio, S. Borguet)",THD10 R05 E3 (2010); inside zip archive (not extracted): THD10_R05.zip; EES ID stamp: ULiege Thermodynamics Lab student/staff licence,SI MASS DEG KPA C KJ +decimal-comma,31/31,,todo,
TM-0518,thermo_models,thermodynamique appliquee/2017-2018/THD10_R05.zip!/THD10_R05_E4.EES,,"Gas turbine plant: compressor, combustion chamber and turbine cycle on air","Complete gas turbine cycle solved simultaneously (points a-e at once), air ideal gas.",power_cycles_gas,steady,2,fr,ees,X8.423,92,43,ARRAYS,kPa;C;kg/s;+273.15,Air,3,,yes,medium,own,"ULiege THD course (S. Bertagnolio, S. Borguet)",THD10 R05 E4 (2010); inside zip archive (not extracted): THD10_R05.zip; EES ID stamp: ULiege Thermodynamics Lab student/staff licence,SI MASS DEG KPA C KJ +decimal-comma,45/45,,todo,
TM-0519,thermo_models,thermodynamique appliquee/2017-2018/THD10_R06.zip!/THD10_R06_E1.EES,,"Rankine cycle of a 60 MW steam plant (70 bar, 500 C): flows, efficiency and condenser cooling water",Simple Rankine cycle with condenser at given pressure and cooling water; ARRAYS for states. Highly documented.,power_cycles_vapour,steady,2,fr,ees,X8.423,112,41,ARRAYS,kPa;C;kW;kJ/kg-K,Water,3,DG-0106,no,low,own,"ULiege THD course (S. Bertagnolio, S. Borguet)",3-file family (2017 THD10_R06_E1 and zipped copy); inside zip archive (not extracted): THD10_R06.zip; near-duplicate/variant of TM-0443 (Jaccard 0.61); EES ID stamp: ULiege Thermodynamics Lab student/staff licence; duplicate of CSL-0004 (same exercise 2017 version; card C-03),SI MASS DEG KPA C KJ +decimal-comma,44/44,,duplicate,CSL-0004
TM-0520,thermo_models,thermodynamique appliquee/2017-2018/THD10_R06.zip!/THD10_R06_E2.EES,,Rankine cycle with steam extraction at 14 bar to an open feedwater heater (deaerator),"Extraction to a mixing heater/deaerator with saturated outlet, turbine stage efficiencies 0.83, boiler losses; code reused with a parametric table on condenser and extraction pressures for later exercises.",power_cycles_vapour,steady,2,fr,ees,X8.423,150,67,ARRAYS,kPa;C;kW;kJ/kg-K,Water,3,DG-0107,no,low,own,"ULiege THD course (S. Bertagnolio, S. Borguet)","5-file family (R07_E02, E03E04, 2017 THD10_R06_E2/E34 and zipped copy); inside zip archive (not extracted): THD10_R06.zip; near-duplicate/variant of TM-0444 (Jaccard 0.61); EES ID stamp: ULiege Thermodynamics Lab student/staff licence; duplicate of CSL-0029 (same regenerative-extraction Rankine system, 14 bar variant, reproducible with P_3a = 14E5)",SI MASS DEG KPA C KJ +decimal-comma,69/69,,duplicate,CSL-0029
TM-0521,thermo_models,thermodynamique appliquee/2017-2018/THD10_R06.zip!/THD10_R06_E34.EES,,Rankine cycle with steam extraction at 14 bar to an open feedwater heater (deaerator),"Extraction to a mixing heater/deaerator with saturated outlet, turbine stage efficiencies 0.83, boiler losses; code reused with a parametric table on condenser and extraction pressures for later exercises.",power_cycles_vapour,steady,2,fr,ees,X8.423,145,64,ARRAYS,kPa;C;kW;kJ/kg-K,Water,3,DG-0107,no,low,own,"ULiege THD course (S. Bertagnolio, S. Borguet)","5-file family (R07_E02, E03E04, 2017 THD10_R06_E2/E34 and zipped copy); inside zip archive (not extracted): THD10_R06.zip; near-duplicate/variant of TM-0444 (Jaccard 0.58); EES ID stamp: ULiege Thermodynamics Lab student/staff licence; duplicate of CSL-0029 (same regenerative-extraction Rankine system, 14 bar variant, reproducible with P_3a = 14E5)",SI MASS DEG KPA C KJ +decimal-comma,66/66,parametric:table1(2450x2),duplicate,CSL-0029
TM-0522,thermo_models,thermodynamique appliquee/2017-2018/THD10_R07.zip!/THD10_R07_E1.EES,,Gas turbine with reheat: second combustion chamber between two turbine stages (exercise 4),Ideal-gas air cycle with compressor/turbine efficiencies and a second combustor (efficiency 0.98); maximises LP turbine power by splitting expansion.,power_cycles_gas,steady,2,fr,ees,X8.423,110,62,ARRAYS,kPa;C;kg/s;kJ/kg;+273.15,Air,3,DG-0104,no,low,own,"ULiege THD course (S. Bertagnolio, S. Borguet)",4-file family THD10_R07_E1-E4 (2010 course exercises moved into R6 'autres exo'); inside zip archive (not extracted): THD10_R07.zip; near-duplicate/variant of TM-0435 (Jaccard 0.42); EES ID stamp: ULiege Thermodynamics Lab student/staff licence; merged into CSL-0060: same machine without intercooler/regenerator/reheat (equations a subset of E4; polytropic relations in log form; stored eta_tg=0.1906),SI MASS DEG KPA C KJ +decimal-comma,67/67,,merged,CSL-0060
TM-0523,thermo_models,thermodynamique appliquee/2017-2018/THD10_R07.zip!/THD10_R07_E2.EES,,Gas turbine with reheat: second combustion chamber between two turbine stages (exercise 4),Ideal-gas air cycle with compressor/turbine efficiencies and a second combustor (efficiency 0.98); maximises LP turbine power by splitting expansion.,power_cycles_gas,steady,2,fr,ees,X8.423,124,75,ARRAYS,C;kPa;kg/s;kJ/kg;m^3/s;kJ/kg-K;kg/m^3;+273.15,Air,3,DG-0104,no,low,own,"ULiege THD course (S. Bertagnolio, S. Borguet)",4-file family THD10_R07_E1-E4 (2010 course exercises moved into R6 'autres exo'); inside zip archive (not extracted): THD10_R07.zip; near-duplicate/variant of TM-0435 (Jaccard 0.58); EES ID stamp: ULiege Thermodynamics Lab student/staff licence; merged into CSL-0060: same machine with intercooler but without regenerator/reheat (equations a subset of E4; polytropic relations in log form),SI MASS DEG KPA C KJ +decimal-comma,79/79,,merged,CSL-0060
TM-0524,thermo_models,thermodynamique appliquee/2017-2018/THD10_R07.zip!/THD10_R07_E3.EES,,Gas turbine with reheat: second combustion chamber between two turbine stages (exercise 4),Ideal-gas air cycle with compressor/turbine efficiencies and a second combustor (efficiency 0.98); maximises LP turbine power by splitting expansion.,power_cycles_gas,steady,2,fr,ees,X8.423,147,89,ARRAYS,C;kPa;kg/s;kJ/kg;m^3/s;kJ/kg-K;kg/m^3;+273.15,Air,3,DG-0104,no,low,own,"ULiege THD course (S. Bertagnolio, S. Borguet)",4-file family THD10_R07_E1-E4 (2010 course exercises moved into R6 'autres exo'); inside zip archive (not extracted): THD10_R07.zip; near-duplicate/variant of TM-0435 (Jaccard 0.85); EES ID stamp: ULiege Thermodynamics Lab student/staff licence; merged into CSL-0060: same machine with intercooler+regenerator but without reheat (equations a subset of E4; stored eta_tg=0.3389 cited in CSL-0060 README),SI MASS DEG KPA C KJ +decimal-comma,94/94,parametric:table1(2974x2),merged,CSL-0060
TM-0525,thermo_models,thermodynamique appliquee/2017-2018/THD10_R08.zip!/THD10_R08_E1.EES,,Air-standard Otto/Diesel cycle exercises (2010 R08 E1-E4),"Theoretical Diesel cycle with initial state 100 kPa, volumetric ratio, isentropic compression, specific volume from ideal-gas law; E1-E3 are Otto/Diesel variants.",engines,steady,1,fr,ees,X8.423,71,43,ARRAYS,kJ/kg-K;kPa;kJ/kg;+273.15,Air,2,DG-0118,no,low,own,"ULiege THD course (S. Bertagnolio, S. Borguet)","4-file family (THD10_R08_E1, E2, E3, E4); inside zip archive (not extracted): THD10_R08.zip; near-duplicate/variant of TM-0530 (Jaccard 0.52); EES ID stamp: ULiege Thermodynamics Lab student/staff licence",SI MASS DEG KPA C KJ +decimal-comma,43/43,parametric:table1(900x2),todo,
TM-0526,thermo_models,thermodynamique appliquee/2017-2018/THD10_R08.zip!/THD10_R08_E1bis.EES,,"Otto cycle where the compression ratio is actually a volumetric ratio (R08 E1bis, 2010)",Air-standard Otto cycle analysis with warning that the compression ratio is a volumetric ratio.,engines,steady,2,fr,ees,X8.423,68,43,ARRAYS,kJ/kg-K;kPa;C;kJ/kg,Air,2,,yes,low,own,"ULiege THD course (S. Bertagnolio, S. Borguet)",THD10 R08 E1bis; inside zip archive (not extracted): THD10_R08.zip; EES ID stamp: ULiege Thermodynamics Lab student/staff licence,SI MASS DEG KPA C KJ +decimal-comma,42/42,,todo,
TM-0527,thermo_models,thermodynamique appliquee/2017-2018/THD10_R08.zip!/THD10_R08_E2.EES,,Air-standard Otto/Diesel cycle exercises (2010 R08 E1-E4),"Theoretical Diesel cycle with initial state 100 kPa, volumetric ratio, isentropic compression, specific volume from ideal-gas law; E1-E3 are Otto/Diesel variants.",engines,steady,1,fr,ees,X8.423,69,40,ARRAYS,kJ/kg;kJ/kg-K;kPa;+273.15,Air,2,DG-0118,no,low,own,"ULiege THD course (S. Bertagnolio, S. Borguet)","4-file family (THD10_R08_E1, E2, E3, E4); inside zip archive (not extracted): THD10_R08.zip; near-duplicate/variant of TM-0530 (Jaccard 0.46); EES ID stamp: ULiege Thermodynamics Lab student/staff licence",SI MASS DEG KPA C KJ +decimal-comma,40/40,,todo,
TM-0528,thermo_models,thermodynamique appliquee/2017-2018/THD10_R08.zip!/THD10_R08_E3.EES,,Air-standard Otto/Diesel cycle exercises (2010 R08 E1-E4),"Theoretical Diesel cycle with initial state 100 kPa, volumetric ratio, isentropic compression, specific volume from ideal-gas law; E1-E3 are Otto/Diesel variants.",engines,steady,1,fr,ees,X8.423,74,44,ARRAYS,kJ/kg;kJ/kg-K;kPa;+273.15,Air,2,DG-0118,no,low,own,"ULiege THD course (S. Bertagnolio, S. Borguet)","4-file family (THD10_R08_E1, E2, E3, E4); inside zip archive (not extracted): THD10_R08.zip; near-duplicate/variant of TM-0530 (Jaccard 0.70); EES ID stamp: ULiege Thermodynamics Lab student/staff licence",SI MASS DEG KPA C KJ +decimal-comma,44/44,,todo,
TM-0529,thermo_models,thermodynamique appliquee/2017-2018/THD10_R08.zip!/THD10_R08_E3bis.EES,,"Diesel cycle with compression ratio 18 and given heat input (R08 E3bis, 2010)",Theoretical Diesel cycle analysis.,engines,steady,2,fr,ees,X8.423,71,43,ARRAYS,kJ/kg;kJ/kg-K;kPa;C,Air,2,,yes,low,own,"ULiege THD course (S. Bertagnolio, S. Borguet)",THD10 R08 E3bis; inside zip archive (not extracted): THD10_R08.zip; EES ID stamp: ULiege Thermodynamics Lab student/staff licence,SI MASS DEG KPA C KJ +decimal-comma,42/42,parametric:table1(961x2),todo,
TM-0530,thermo_models,thermodynamique appliquee/2017-2018/THD10_R08.zip!/THD10_R08_E4.EES,,Air-standard Otto/Diesel cycle exercises (2010 R08 E1-E4),"Theoretical Diesel cycle with initial state 100 kPa, volumetric ratio, isentropic compression, specific volume from ideal-gas law; E1-E3 are Otto/Diesel variants.",engines,steady,1,fr,ees,X8.423,63,36,ARRAYS,kJ/kg-K;kPa;+273.15,Air,3,DG-0118,yes,medium,own,"ULiege THD course (S. Bertagnolio, S. Borguet)","4-file family (THD10_R08_E1, E2, E3, E4); inside zip archive (not extracted): THD10_R08.zip; representative of 4-file duplicate group; EES ID stamp: ULiege Thermodynamics Lab student/staff licence",SI MASS DEG KPA C KJ +decimal-comma,36/36,,todo,
TM-0531,thermo_models,thermodynamique appliquee/2017-2018/THD10_R09.zip!/THD10_R9_E1.EES,,R134a vapour-compression refrigeration cycle with subcooling and superheating: COP and mass flow,"Machine between given evaporation and condensation temperatures with subcooling at the condenser exit; ARRAYS of states, isentropic efficiency.",refrigeration_heat_pumps,steady,1,fr,ees,X8.423,76,39,ARRAYS,C;kW;+273.15,R134a,3,DG-0108,no,low,own,"ULiege THD course (S. Bertagnolio, S. Borguet)","3-file family (2017 THD10_R9_E1, 2022 R08_E01 and zipped copy); inside zip archive (not extracted): THD10_R09.zip; near-duplicate/variant of TM-0448 (Jaccard 0.86); EES ID stamp: ULiege Thermodynamics Lab student/staff licence; duplicate of CSL-0015 (2017 copy of the same R8-Ex1 statement, 100 kW variant of the EES original)",SI MASS DEG KPA C KJ +decimal-comma,49/49,,duplicate,CSL-0015
TM-0532,thermo_models,thermodynamique appliquee/2017-2018/THD10_R09.zip!/THD10_R9_E2.EES,,"R410A heat pump: refrigerant flow, overall COP, evaporator air flow and isentropic efficiency","Air-source heat pump with R410A and water condenser (underfloor heating) with evaporator pressure drop: refrigerant flow, overall COP, evaporator air flow for 15 K air cooling, compressor isentropic efficiency.",refrigeration_heat_pumps,steady,2,fr,ees,X8.423,68,39,ARRAYS,C;kPa;kJ/kg-K;kg/s,R410A,3,DG-0109,no,low,own,"ULiege THD course (S. Bertagnolio, S. Borguet)",2 versions; inside zip archive (not extracted): THD10_R09.zip; near-duplicate/variant of TM-0449 (Jaccard 0.70); EES ID stamp: ULiege Thermodynamics Lab student/staff licence; duplicate of CSL-0054 (same exercise and values; the 2022 file adds the two isentropic-efficiency equations; variables q_m_ renamed m_dot_),SI MASS DEG KPA C KJ +decimal-comma,46/46,parametric:table1(2012x2),duplicate,CSL-0054
TM-0533,thermo_models,thermodynamique appliquee/2017-2018/THD10_R10.zip!/THD10_R10_E1.EES,,"Moist air in a 5 m x 5 m x 3 m room: humidity ratio, dew point and water mass","Psychrometric properties of room air at 25 C with 75% saturation degree; compares AirH2O, Air_ha and Water functions.",hvac_psychrometrics,steady,1,fr,ees,X8.423,54,23,PSYCH,m^3;C;kPa;kJ/kg-K;+273.15,Water;AirH2O,3,DG-0111,no,low,own,"ULiege THD course (S. Bertagnolio, S. Borguet)","3-file family (2017 THD10_R10_E1, 2022 R09_E01 and zipped copy); inside zip archive (not extracted): THD10_R10.zip; near-duplicate/variant of TM-0451 (Jaccard 0.65); EES ID stamp: ULiege Thermodynamics Lab student/staff licence; merged into CSL-0055: 2017 version of the same exercise and inputs, equations differ (dewpoint and volume called with r=phi, no 0 degC reference-shift equations, no course formula for h_v), difference documented in the CSL-0055 README",SI MASS DEG KPA C KJ +decimal-comma,46/46,,merged,CSL-0055
TM-0534,thermo_models,thermodynamique appliquee/2017-2018/THD10_R10.zip!/THD10_R10_E2.EES,,Mixing of extracted room air with outdoor air and conditioning (2010 R10 E2),Psychrometric mixing then conditioning for a room; humid-air functions; ARRAYS.,hvac_psychrometrics,steady,1,fr,ees,X8.423,53,28,PSYCH;ARRAYS,C;kg/s;kPa,AirH2O,2,,yes,medium,own,"ULiege THD course (S. Bertagnolio, S. Borguet)","later version TM-0452; inside zip archive (not extracted): THD10_R10.zip; similar but not grouped: TM-0552 (J=0.51), TM-0452 (J=0.51); EES ID stamp: ULiege Thermodynamics Lab student/staff licence",SI MASS DEG KPA C KJ +decimal-comma,30/50,,todo,
TM-0535,thermo_models,thermodynamique appliquee/2017-2018/THD10_R10.zip!/THD10_R10_E3.EES,,"Air conditioning of a room at 25 C: volumetric flow, cooling-dehumidifying coil and humidifier (2010 R10 E3)","Required supply state, cooling/dehumidification, reheating and water balance.",hvac_psychrometrics,steady,2,fr,ees,X8.423,85,37,PSYCH;ARRAYS,C;kPa;kW,AirH2O;Water,3,,yes,medium,own,"ULiege THD course (S. Bertagnolio, S. Borguet)",THD10 R10 E3; inside zip archive (not extracted): THD10_R10.zip; EES ID stamp: ULiege Thermodynamics Lab student/staff licence,SI MASS DEG KPA C KJ +decimal-comma,35/35,,todo,
TM-0536,thermo_models,thermodynamique appliquee/2017-2018/THD10_R10.zip!/THD10_R10_E4.EES,,Cooling tower for power-plant condenser water (2010 R10 E4),Water from the condenser cooled by ambient air: air flow and evaporated water.,hvac_psychrometrics,steady,1,fr,ees,X8.423,53,24,PSYCH,C;kPa;kg/s,AirH2O;Water,2,,yes,medium,own,"ULiege THD course (S. Bertagnolio, S. Borguet)",later version TM-0454; inside zip archive (not extracted): THD10_R10.zip; EES ID stamp: ULiege Thermodynamics Lab student/staff licence; C-69: merged into CSL-0065 (earlier version of the same exercise; names q_m_*/q_v_*; water enthalpies at saturation x=0 instead of 120 kPa; bonus heat rate written positive),SI MASS DEG KPA C KJ +decimal-comma,23/23,,merged,CSL-0065
TM-0537,thermo_models,thermodynamique appliquee/2017-2018/THD10_R11.zip!/THD10_R11_E1.EES,,"Combustion of octane with 400% theoretical air: product composition, heat transfer and adiabatic flame temperature","Octane at 25 C burnt with 400% theoretical air in steady flow: adiabatic flame temperature, fuel-air ratio and stoichiometric ratio from formation enthalpies; effect of excess air studied with a parametric table.",combustion_boilers,steady,1,fr,ees,X8.423,66,32,,kJ/kmol;C;+273.15,CO2;H2O;O2;N2,2,DG-0095,no,low,own,"ULiege THD course (S. Bertagnolio, S. Borguet)",2017 and 2022 versions; R11 combustion session; inside zip archive (not extracted): THD10_R11.zip; near-duplicate/variant of TM-0393 (Jaccard 0.91); EES ID stamp: ULiege Thermodynamics Lab student/staff licence; duplicate of CSL-0046 (2017 version; same equations except 3 diagnostic lines added in 2022),SI MASS DEG KPA C KJ +decimal-comma,34/34,,duplicate,CSL-0046
TM-0538,thermo_models,thermodynamique appliquee/2017-2018/THD10_R11.zip!/THD10_R11_E2.EES,,Gasoline (CH1.95) engine exhaust analysis: air excess and useful power (2010 R11 E2),"Engine fed with gasoline and dry air at 20 C; exhaust analysis gives excess air, heat balance and power.",combustion_boilers,steady,2,fr,ees,X8.423,90,54,,C;kJ/kg;kg/s;kJ/kg-K,Air;CO2;CO;H2O;N2;O2,2,,yes,medium,own,"ULiege THD course (S. Bertagnolio, S. Borguet)",later version TM-0395 family; inside zip archive (not extracted): THD10_R11.zip; similar but not grouped: TM-0394 (J=0.50); EES ID stamp: ULiege Thermodynamics Lab student/staff licence,SI MASS DEG KPA C KJ +decimal-comma,54/54,,todo,
TM-0539,thermo_models,thermodynamique appliquee/2017-2018/THD10_R11.zip!/THD10_R11_E3.EES,,Diesel engine excess air and useful power from exhaust analysis (2010 R11 E3),"Diesel fuel composition (C/H mass fractions, LHV), exhaust gas composition, engine power.",engines,steady,2,fr,ees,X8.423,94,56,,C;kJ/kg;kg/s;kJ/kg-K,Air;CO2;CO;H2O;N2;O2,3,,yes,medium,own,"ULiege THD course (S. Bertagnolio, S. Borguet)",later version TM-0395; inside zip archive (not extracted): THD10_R11.zip; EES ID stamp: ULiege Thermodynamics Lab student/staff licence,SI MASS DEG KPA C KJ +decimal-comma,56/56,,todo,
TM-0540,thermo_models,thermodynamique appliquee/2022-2023/R1/R1-solutions.zip!/R1_E1_2022.EES,,Rigid tank with liquid-vapour water mixture: liquid and vapour masses and volumes (exercise 3.3),"4 kg of water in 1 m3 at given pressure: quality, volume fractions of liquid and vapour. Well documented French solution.",fundamentals,steady,1,fr,ees,X10.836,45,12,,m^3;kg;kPa,Water,2,DG-0088,no,low,own,"ULiege course MECA0002 (S. Quoilin; repetition assistants N. Paulus, B. Dechesne per companion Python/Word metadata)","4-file family incl. the 2017 Borguet version and a zipped copy; the 2009 Bertagnolio version is TM-0501; inside zip archive (not extracted): R1-solutions.zip; near-duplicate/variant of TM-0378 (Jaccard 0.60); EES ID stamp: ULiege Thermodynamics Lab student/staff licence; duplicate of TM-0378/CSL-0044: same equations, variables renamed (v_avg->v_tp, x->x_tp)",SI MASS DEG KPA K KJ +decimal-comma,14/14,,duplicate,CSL-0044
TM-0541,thermo_models,thermodynamique appliquee/2022-2023/R1/R1-solutions.zip!/R1_E2_2022.EES,,CO2 tank at 35 C and 2 MPa: gas mass and ideal-gas error (exercise 3.9),200 L tank: mass with real-gas EES properties vs ideal-gas model and percentage error.,fundamentals,steady,1,fr,ees,X10.836,39,13,,m^3;kPa;%;+273.15,CarbonDioxide;CO2,2,DG-0089,no,skip,own,"ULiege course MECA0002 (S. Quoilin; repetition assistants N. Paulus, B. Dechesne per companion Python/Word metadata)",3-file family; inside zip archive (not extracted): R1-solutions.zip; identical equations to TM-0379; EES ID stamp: ULiege Thermodynamics Lab student/staff licence,SI MASS DEG KPA K J +decimal-comma,13/13,,todo,
TM-0542,thermo_models,thermodynamique appliquee/2022-2023/R1/R1-solutions.zip!/R1_E3_2022.EES,,Liquid methane tank under heat input: vaporised mass (exercise 3.31),Methane tank at 500 kPa with 0.5 m2 section; mass changing phase; note to use fluid 'methane' not 'CH4'.,fundamentals,steady,1,fr,ees,X10.836,29,12,,kPa;m^2;m;s;m^3,Methane,2,DG-0090,no,skip,own,"ULiege course MECA0002 (S. Quoilin; repetition assistants N. Paulus, B. Dechesne per companion Python/Word metadata)",4-file family; inside zip archive (not extracted): R1-solutions.zip; identical equations to TM-0380; EES ID stamp: ULiege Thermodynamics Lab student/staff licence,SI MASS DEG KPA K KJ +decimal-comma,12/12,,todo,
TM-0543,thermo_models,thermodynamique appliquee/2022-2023/R10/R10.zip!/R10_E01_2022.EES,,"Hot iron block quenched in insulated water tank: final temperature, entropy generation and exergy destruction","5 kg block at 350 C in 100 kg of water; incompressible substances, constant specific heats; exergy destruction.",fundamentals,steady,1,fr,ees,X10.836,56,18,,kg;kJ/kg-K;C;kPa;1/K;+273.15,,3,DG-0092,no,low,own,"ULiege course MECA0002 (S. Quoilin; repetition assistants N. Paulus, B. Dechesne per companion Python/Word metadata)",R10 exergy session; inside zip archive (not extracted): R10.zip; near-duplicate/variant of TM-0388 (Jaccard 0.95); EES ID stamp: ULiege Thermodynamics Lab student/staff licence; duplicate of CSL-0056 (TM-0388): identical equations minus the redundant check X_destroyed_bis; same file inside R10.zip,SI MASS DEG KPA K KJ +decimal-comma,18/18,,duplicate,CSL-0056
TM-0544,thermo_models,thermodynamique appliquee/2022-2023/R10/R10.zip!/R10_E02_2022.EES,,"Steam turbine exergy balance: exergy destruction (3 MPa, 450 C, 8 kg/s)",Steady-flow exergy balance of a turbine with sign conventions explained; adiabatic reversible vs isentropic note.,fundamentals,steady,1,fr,ees,X10.836,55,20,ARRAYS,Pa;W;kg/s;+273.15,Water,3,DG-0093,no,skip,own,"ULiege course MECA0002 (S. Quoilin; repetition assistants N. Paulus, B. Dechesne per companion Python/Word metadata)",R10 exergy session; 2 versions; inside zip archive (not extracted): R10.zip; identical equations to TM-0389; EES ID stamp: ULiege Thermodynamics Lab student/staff licence; duplicate of CSL-0045 (zip copy of the imported R10_E02_2022.EES),SI MASS DEG PA K J +decimal-comma,25/25,,duplicate,CSL-0045
TM-0545,thermo_models,thermodynamique appliquee/2022-2023/R10/R10.zip!/R10_E03_2022.EES,,Maximum work from two 30 kg air tanks at 900 K and 300 K,Extended system including heat engine and both tanks; maximum work and final temperatures (reversible).,fundamentals,steady,1,fr,ees,X10.836,43,12,,kg,Air,3,DG-0094,no,skip,own,"ULiege course MECA0002 (S. Quoilin; repetition assistants N. Paulus, B. Dechesne per companion Python/Word metadata)","R10 exergy session; inside zip archive (not extracted): R10.zip; identical equations to TM-0390; EES ID stamp: ULiege Thermodynamics Lab student/staff licence; duplicate of CSL-0057 (identical equations; only the last explanatory comment differs: importe peut for importe peu)",SI MASS DEG KPA K KJ +decimal-comma,13/13,,duplicate,CSL-0057
TM-0546,thermo_models,thermodynamique appliquee/2022-2023/R4/R4.zip!/R04_E6_2022.EES,,Heat pump heating a house in winter and cooling it in summer: Carnot COP and consumption,"Winter heating and summer cooling with house/outside temperatures in K, electricity consumption.",buildings,steady,1,fr,ees,X10.836,56,13,,C;kJ;s-K;+273.15,,3,DG-0101,no,skip,own,"ULiege course MECA0002 (S. Quoilin; repetition assistants N. Paulus, B. Dechesne per companion Python/Word metadata)",2 versions; inside zip archive (not extracted): R4.zip; identical equations to TM-0426; similar but not grouped: TM-0513 (J=0.47); EES ID stamp: ULiege Thermodynamics Lab student/staff licence,SI MASS DEG KPA C KJ +decimal-comma,15/15,,todo,
TM-0547,thermo_models,thermodynamique appliquee/2022-2023/R7/R7.zip!/R07_E01_2022.EES,,"Rankine cycle of a 60 MW steam plant (70 bar, 500 C): flows, efficiency and condenser cooling water",Simple Rankine cycle with condenser at given pressure and cooling water; ARRAYS for states. Highly documented.,power_cycles_vapour,steady,2,fr,ees,X10.836,115,41,ARRAYS,kPa;%;C;kW;kJ/kg-K,Water,3,DG-0106,no,skip,own,"ULiege course MECA0002 (S. Quoilin; repetition assistants N. Paulus, B. Dechesne per companion Python/Word metadata)",3-file family (2017 THD10_R06_E1 and zipped copy); inside zip archive (not extracted): R7.zip; identical equations to TM-0443; EES ID stamp: ULiege Thermodynamics Lab student/staff licence; duplicate of CSL-0004 (same exercise 2022 version in R7.zip; card C-03),SI MASS DEG KPA C KJ +decimal-comma,44/44,,duplicate,CSL-0004
TM-0548,thermo_models,thermodynamique appliquee/2022-2023/R7/R7.zip!/R07_E02_2022.EES,,Rankine cycle with steam extraction at 14 bar to an open feedwater heater (deaerator),"Extraction to a mixing heater/deaerator with saturated outlet, turbine stage efficiencies 0.83, boiler losses; code reused with a parametric table on condenser and extraction pressures for later exercises.",power_cycles_vapour,steady,2,fr,ees,X10.836,155,67,ARRAYS,kPa;%;C;kW;kJ/kg-K,Water,3,DG-0107,no,low,own,"ULiege course MECA0002 (S. Quoilin; repetition assistants N. Paulus, B. Dechesne per companion Python/Word metadata)","5-file family (R07_E02, E03E04, 2017 THD10_R06_E2/E34 and zipped copy); inside zip archive (not extracted): R7.zip; near-duplicate/variant of TM-0444 (Jaccard 0.97); EES ID stamp: ULiege Thermodynamics Lab student/staff licence; duplicate of CSL-0029 (same regenerative-extraction Rankine system, 14 bar variant, reproducible with P_3a = 14E5)",SI MASS DEG KPA C KJ +decimal-comma,69/69,,duplicate,CSL-0029
TM-0549,thermo_models,thermodynamique appliquee/2022-2023/R8/R8.zip!/R08_E01_2022.EES,,R134a vapour-compression refrigeration cycle with subcooling and superheating: COP and mass flow,"Machine between given evaporation and condensation temperatures with subcooling at the condenser exit; ARRAYS of states, isentropic efficiency.",refrigeration_heat_pumps,steady,1,fr,ees,X10.836,76,39,ARRAYS,C;K/C;kW;+273.15,R134a,3,DG-0108,no,skip,own,"ULiege course MECA0002 (S. Quoilin; repetition assistants N. Paulus, B. Dechesne per companion Python/Word metadata)","3-file family (2017 THD10_R9_E1, 2022 R08_E01 and zipped copy); inside zip archive (not extracted): R8.zip; identical equations to TM-0448; EES ID stamp: ULiege Thermodynamics Lab student/staff licence; duplicate of CSL-0015 (zipped copy of the same R8-Ex1 statement, 100 kW variant of the EES original)",SI MASS DEG KPA C KJ +decimal-comma,48/48,,duplicate,CSL-0015
TM-0550,thermo_models,thermodynamique appliquee/2022-2023/R8/R8.zip!/R08_E03_2022.EES,,Domestic refrigerator-freezer (R134a) cycle described in six steps: sizing,"Fridge-freezer cycle from the schematic (compression, condensation, expansion ...) with component sizing; ARRAYS of states.",refrigeration_heat_pumps,steady,2,fr,ees,X10.836,128,56,ARRAYS,C;L/m^3;kW;m^3/s;Kg/s;m^3/Kg,R134a,3,DG-0110,no,skip,own,"ULiege course MECA0002 (S. Quoilin; repetition assistants N. Paulus, B. Dechesne per companion Python/Word metadata)","2 copies; inside zip archive (not extracted): R8.zip; identical equations to TM-0450; EES ID stamp: ULiege Thermodynamics Lab student/staff licence; duplicate of TM-0450 (imported as CSL-0061): the equations extracted from the copy inside R8.zip are identical (83 code lines after stripping comments, diff empty); only the stored solution records differ (same file size, 481 bytes), so nothing was imported from this row",SI MASS DEG KPA C KJ +decimal-comma,57/57,,duplicate,CSL-0061
TM-0551,thermo_models,thermodynamique appliquee/2022-2023/R9/R9.zip!/R09_E01_2022.EES,,"Moist air in a 5 m x 5 m x 3 m room: humidity ratio, dew point and water mass","Psychrometric properties of room air at 25 C with 75% saturation degree; compares AirH2O, Air_ha and Water functions.",hvac_psychrometrics,steady,1,fr,ees,X10.836,56,24,PSYCH,m^3;C;kPa;kJ/kg-K;+273.15,Water;AirH2O;Air_ha,3,DG-0111,no,low,own,"ULiege course MECA0002 (S. Quoilin; repetition assistants N. Paulus, B. Dechesne per companion Python/Word metadata)","3-file family (2017 THD10_R10_E1, 2022 R09_E01 and zipped copy); inside zip archive (not extracted): R9.zip; near-duplicate/variant of TM-0451 (Jaccard 0.68); EES ID stamp: ULiege Thermodynamics Lab student/staff licence; merged into CSL-0055: earlier revision of the same 2022 file inside R9.zip, equations differ (enthalpy(air_ha,p=p) with the total pressure instead of p_air, AirH2O and r=phi forms of volume and dewpoint), difference documented in the CSL-0055 README",SI MASS DEG KPA C KJ +decimal-comma,54/54,,merged,CSL-0055
TM-0552,thermo_models,thermodynamique appliquee/2022-2023/R9/R9.zip!/R09_E02_2022.EES,,Mixing of extracted room air with outdoor air and conditioning process (psychrometric chart exercise),"Adiabatic mixing, heating/humidification/cooling coil steps with sensible and latent loads.",hvac_psychrometrics,steady,1,fr,ees,X10.836,56,28,PSYCH;ARRAYS,C;kg/s;kPa;%,AirH2O,2,DG-0112,no,skip,own,"ULiege course MECA0002 (S. Quoilin; repetition assistants N. Paulus, B. Dechesne per companion Python/Word metadata)","2 versions; inside zip archive (not extracted): R9.zip; identical equations to TM-0452; similar but not grouped: TM-0534 (J=0.51), TM-0453 (J=0.48); EES ID stamp: ULiege Thermodynamics Lab student/staff licence; duplicate of CSL-0063 (copy of R09_E02_2022.EES inside R9.zip, identical equations)",SI MASS DEG KPA C KJ +decimal-comma,49/50,,duplicate,CSL-0063
